playlist_id,track_id,position,added_date
393,431,1,06-12-2022
393,868,2,16-03-2023
393,550,3,07-08-2022
393,499,4,07-07-2023
393,908,5,10-09-2022
393,143,6,29-08-2022
393,409,7,12-10-2022
393,564,8,01-03-2023
393,333,9,23-05-2023
393,505,10,07-10-2022
393,348,11,04-05-2023
393,235,12,01-04-2023
393,719,13,11-09-2022
393,202,14,24-11-2022
393,221,15,25-02-2023
393,787,16,22-03-2023
393,990,17,20-09-2022
393,534,18,11-07-2023
393,355,19,10-11-2022
393,80,20,10-06-2023
393,847,21,12-09-2022
393,405,22,25-09-2022
393,128,23,28-06-2023
393,745,24,21-08-2022
393,72,25,14-05-2023
393,180,26,09-04-2023
393,316,27,03-08-2022
393,486,28,16-11-2022
393,67,29,16-07-2023
393,357,30,05-04-2023
393,939,31,22-01-2023
393,994,32,18-02-2023
393,5,33,25-05-2023
393,833,34,30-11-2022
393,717,35,20-09-2022
393,976,36,25-02-2023
393,741,37,09-08-2022
393,199,38,23-08-2022
393,90,39,12-10-2022
393,764,40,27-02-2023
393,937,41,26-07-2023
393,160,42,27-12-2022
393,602,43,09-08-2022
293,153,1,22-02-2024
293,71,2,06-10-2023
293,744,3,10-02-2024
293,261,4,23-11-2023
293,690,5,18-07-2023
293,375,6,29-08-2023
293,478,7,13-05-2023
293,456,8,23-04-2024
293,633,9,04-04-2024
293,491,10,22-03-2024
293,418,11,23-04-2024
293,994,12,12-08-2023
293,470,13,08-10-2023
293,355,14,15-03-2024
293,248,15,23-09-2023
293,931,16,11-01-2024
293,750,17,07-01-2024
293,316,18,09-06-2023
293,652,19,18-06-2023
293,568,20,24-12-2023
293,65,21,14-06-2023
293,357,22,18-12-2023
293,127,23,15-05-2023
293,845,24,26-03-2024
293,265,25,15-12-2023
293,830,26,23-07-2023
293,605,27,13-05-2023
293,244,28,08-04-2024
293,707,29,20-09-2023
293,692,30,04-09-2023
293,739,31,11-08-2023
293,649,32,10-07-2023
293,362,33,19-11-2023
53,677,1,13-09-2022
53,301,2,17-10-2022
53,805,3,11-05-2022
53,80,4,13-10-2022
53,798,5,05-09-2022
53,362,6,21-07-2022
53,1000,7,15-03-2023
53,137,8,13-03-2023
53,739,9,07-08-2022
53,125,10,23-03-2023
53,468,11,26-01-2023
53,861,12,18-01-2023
53,525,13,05-06-2022
53,341,14,31-07-2022
53,455,15,01-08-2022
53,49,16,27-02-2023
53,603,17,06-07-2022
53,809,18,12-03-2023
53,971,19,20-12-2022
932,711,1,08-07-2023
932,557,2,30-08-2022
932,256,3,25-08-2022
932,303,4,21-12-2022
932,605,5,16-07-2023
932,713,6,08-08-2023
932,117,7,16-12-2022
932,111,8,10-06-2023
932,903,9,26-01-2023
932,386,10,19-06-2023
932,627,11,05-04-2023
932,965,12,20-08-2023
932,457,13,24-03-2023
932,458,14,20-02-2023
932,992,15,04-09-2022
932,667,16,24-01-2023
932,467,17,03-01-2023
932,686,18,08-05-2023
932,930,19,24-01-2023
932,335,20,06-10-2022
932,749,21,10-07-2023
932,792,22,18-07-2023
932,707,23,09-02-2023
932,655,24,28-12-2022
932,619,25,23-11-2022
932,118,26,13-12-2022
932,99,27,20-04-2023
932,456,28,08-06-2023
932,26,29,29-05-2023
932,384,30,15-06-2023
932,847,31,30-05-2023
932,987,32,28-10-2022
932,103,33,15-01-2023
932,516,34,31-08-2022
932,490,35,01-05-2023
932,730,36,16-07-2023
932,466,37,15-08-2023
932,794,38,27-09-2022
932,782,39,01-01-2023
932,368,40,08-03-2023
932,68,41,12-09-2022
932,680,42,19-06-2023
932,783,43,01-08-2023
932,565,44,18-06-2023
932,959,45,18-08-2023
932,742,46,26-03-2023
932,922,47,08-01-2023
560,840,1,23-09-2021
560,778,2,01-09-2021
560,725,3,26-05-2022
560,505,4,27-05-2022
560,801,5,05-03-2022
560,518,6,27-04-2022
560,471,7,17-04-2022
560,722,8,01-06-2022
560,81,9,12-11-2021
560,350,10,15-07-2022
560,583,11,21-11-2021
560,7,12,01-02-2022
608,871,1,16-05-2024
608,490,2,20-05-2024
608,320,3,22-05-2024
608,678,4,05-02-2024
608,143,5,19-11-2024
608,605,6,11-03-2024
608,284,7,13-12-2024
608,660,8,12-06-2024
608,762,9,14-05-2024
608,199,10,14-04-2024
608,131,11,24-11-2024
608,576,12,19-02-2024
608,995,13,24-06-2024
608,477,14,12-12-2024
608,851,15,05-02-2024
608,455,16,09-11-2024
608,471,17,31-08-2024
608,265,18,29-07-2024
608,584,19,07-05-2024
608,314,20,20-07-2024
608,895,21,16-07-2024
608,99,22,31-10-2024
608,637,23,19-01-2024
608,524,24,24-05-2024
608,45,25,28-09-2024
851,217,1,24-07-2022
851,605,2,14-07-2022
851,383,3,09-05-2022
851,265,4,10-07-2022
851,766,5,05-06-2022
851,792,6,21-03-2022
851,6,7,25-11-2022
851,931,8,20-08-2022
851,455,9,06-05-2022
851,208,10,15-02-2022
851,224,11,13-12-2022
851,282,12,29-08-2022
851,813,13,24-02-2022
851,185,14,05-10-2022
851,377,15,27-08-2022
851,91,16,12-06-2022
851,358,17,05-03-2022
851,965,18,01-11-2022
851,238,19,03-12-2022
851,978,20,27-10-2022
851,478,21,23-09-2022
851,664,22,27-09-2022
851,132,23,07-04-2022
851,509,24,03-02-2023
851,648,25,21-01-2023
851,699,26,12-02-2023
851,889,27,20-11-2022
851,316,28,05-05-2022
851,474,29,03-09-2022
851,272,30,21-07-2022
851,677,31,13-06-2022
851,117,32,13-04-2022
851,868,33,16-09-2022
851,254,34,21-06-2022
851,199,35,25-09-2022
851,842,36,10-09-2022
851,209,37,08-06-2022
851,770,38,10-09-2022
851,989,39,27-02-2022
851,885,40,22-02-2022
851,362,41,25-03-2022
851,720,42,08-10-2022
851,667,43,21-11-2022
508,725,1,05-09-2022
508,989,2,22-09-2022
508,218,3,16-07-2022
508,601,4,01-05-2022
508,252,5,19-05-2022
508,212,6,24-07-2022
508,91,7,20-01-2023
508,521,8,14-03-2023
508,14,9,25-09-2022
508,953,10,17-01-2023
508,99,11,13-09-2022
508,668,12,02-01-2023
508,564,13,23-12-2022
508,350,14,14-04-2022
508,446,15,12-08-2022
508,660,16,08-12-2022
508,743,17,06-01-2023
508,532,18,27-03-2022
508,707,19,27-08-2022
508,17,20,07-07-2022
508,32,21,19-09-2022
508,122,22,05-01-2023
508,864,23,03-11-2022
290,475,1,15-07-2022
290,823,2,02-04-2023
290,864,3,18-06-2022
290,950,4,27-04-2023
290,730,5,28-07-2022
290,951,6,08-04-2023
290,375,7,31-03-2023
290,189,8,13-06-2022
290,889,9,15-04-2023
290,43,10,20-08-2022
290,412,11,03-01-2023
290,32,12,06-05-2023
290,813,13,20-02-2023
290,583,14,28-10-2022
290,393,15,21-08-2022
290,185,16,02-01-2023
290,638,17,16-12-2022
290,368,18,18-12-2022
290,239,19,26-06-2022
290,95,20,29-08-2022
290,394,21,24-02-2023
290,764,22,22-10-2022
290,965,23,30-07-2022
290,5,24,01-06-2023
290,91,25,27-06-2022
290,930,26,18-07-2022
290,634,27,16-03-2023
779,565,1,22-06-2023
779,108,2,06-10-2022
779,994,3,28-02-2023
779,475,4,21-02-2023
779,901,5,08-01-2023
779,524,6,29-03-2023
779,787,7,20-07-2023
779,911,8,29-12-2022
779,156,9,31-01-2023
779,770,10,12-07-2023
779,652,11,12-03-2023
779,995,12,24-03-2023
779,261,13,21-09-2023
779,701,14,31-10-2022
779,483,15,07-10-2022
530,868,1,17-02-2024
530,619,2,20-05-2023
530,723,3,04-03-2024
530,418,4,22-12-2023
530,873,5,13-12-2023
530,31,6,23-10-2023
530,748,7,18-01-2024
530,576,8,13-12-2023
530,52,9,16-12-2023
530,399,10,12-01-2024
530,942,11,14-04-2024
530,397,12,26-03-2024
530,451,13,25-06-2023
530,557,14,15-10-2023
530,413,15,24-04-2023
238,34,1,21-05-2024
238,911,2,08-06-2024
238,174,3,11-06-2024
238,856,4,28-09-2023
238,930,5,10-06-2024
238,733,6,16-11-2023
238,719,7,09-11-2023
238,836,8,25-04-2024
238,537,9,18-03-2024
238,26,10,02-10-2023
238,372,11,31-12-2023
238,213,12,13-10-2023
238,310,13,21-05-2024
238,907,14,23-11-2023
238,266,15,19-03-2024
238,737,16,26-08-2024
238,122,17,24-11-2023
238,109,18,15-02-2024
238,135,19,26-04-2024
238,284,20,26-09-2023
238,178,21,01-03-2024
238,589,22,07-05-2024
238,871,23,18-06-2024
238,988,24,21-01-2024
238,446,25,21-12-2023
238,835,26,17-08-2024
238,405,27,30-11-2023
238,451,28,14-09-2024
845,161,1,05-05-2024
845,782,2,28-10-2023
845,697,3,23-07-2024
845,119,4,19-05-2024
845,272,5,14-10-2023
845,772,6,06-10-2023
845,995,7,20-02-2024
845,944,8,10-09-2024
845,346,9,18-02-2024
845,755,10,22-10-2023
845,720,11,04-12-2023
845,711,12,03-09-2024
845,167,13,28-05-2024
845,907,14,06-04-2024
845,101,15,29-11-2023
845,368,16,25-09-2023
845,134,17,04-07-2024
845,556,18,24-04-2024
845,335,19,26-09-2023
845,185,20,29-10-2023
845,123,21,15-02-2024
845,309,22,04-01-2024
845,455,23,03-05-2024
845,801,24,30-09-2023
845,483,25,07-09-2024
845,997,26,23-04-2024
845,579,27,01-09-2024
845,841,28,19-03-2024
845,464,29,22-08-2024
845,63,30,12-09-2024
845,94,31,23-02-2024
845,771,32,04-08-2024
845,478,33,26-11-2023
845,58,34,03-05-2024
845,383,35,24-04-2024
845,787,36,28-07-2024
845,38,37,12-11-2023
845,957,38,13-08-2024
845,627,39,22-04-2024
845,342,40,20-10-2023
813,518,1,25-05-2023
813,834,2,07-11-2022
813,239,3,25-09-2022
813,618,4,19-02-2023
813,702,5,20-02-2023
813,58,6,27-07-2023
813,847,7,18-06-2023
813,525,8,17-06-2023
813,979,9,22-09-2022
813,128,10,11-06-2023
813,405,11,08-06-2023
813,734,12,06-04-2023
813,862,13,07-10-2022
813,810,14,21-11-2022
813,690,15,09-11-2022
813,157,16,02-02-2023
813,188,17,12-12-2022
813,81,18,16-07-2023
813,165,19,18-09-2022
813,362,20,28-11-2022
813,257,21,07-10-2022
813,80,22,03-03-2023
813,335,23,30-10-2022
813,832,24,28-03-2023
813,325,25,25-08-2023
813,783,26,10-03-2023
813,31,27,04-10-2022
813,235,28,23-07-2023
813,751,29,26-10-2022
813,445,30,25-09-2022
813,466,31,10-02-2023
813,556,32,20-04-2023
813,574,33,04-04-2023
813,38,34,10-06-2023
813,346,35,04-05-2023
813,986,36,16-08-2023
813,682,37,26-04-2023
813,516,38,19-09-2022
813,770,39,23-02-2023
813,506,40,26-07-2023
813,409,41,12-04-2023
813,633,42,05-01-2023
813,668,43,20-08-2023
813,601,44,21-11-2022
247,626,1,17-03-2023
247,267,2,16-06-2023
247,743,3,19-05-2023
247,61,4,28-11-2023
247,401,5,04-03-2023
247,65,6,27-05-2023
247,407,7,05-04-2023
247,275,8,26-04-2023
247,5,9,20-03-2023
247,508,10,05-10-2023
247,903,11,29-11-2023
247,848,12,17-10-2023
247,455,13,06-04-2023
247,491,14,13-12-2022
247,366,15,23-08-2023
247,274,16,15-02-2023
247,819,17,28-11-2023
247,649,18,15-07-2023
247,494,19,14-01-2023
247,331,20,26-06-2023
247,9,21,25-08-2023
247,846,22,28-10-2023
247,176,23,31-05-2023
247,956,24,17-11-2023
247,720,25,18-10-2023
247,763,26,26-02-2023
247,584,27,18-10-2023
247,710,28,25-03-2023
650,300,1,16-05-2022
650,134,2,27-01-2022
650,883,3,20-07-2022
650,348,4,06-08-2021
650,972,5,04-08-2021
650,749,6,18-10-2021
650,329,7,04-08-2021
921,342,1,30-01-2024
921,734,2,20-02-2023
921,343,3,02-07-2023
921,642,4,22-03-2023
921,809,5,27-07-2023
921,994,6,07-05-2023
921,912,7,16-05-2023
921,94,8,08-10-2023
921,649,9,28-05-2023
921,640,10,20-01-2024
921,580,11,16-09-2023
921,987,12,07-04-2023
921,783,13,01-01-2024
921,862,14,20-10-2023
921,659,15,22-11-2023
921,414,16,01-10-2023
921,38,17,05-08-2023
921,61,18,04-10-2023
921,375,19,05-06-2023
921,725,20,26-10-2023
921,226,21,11-06-2023
921,422,22,25-09-2023
921,505,23,18-02-2023
921,284,24,12-03-2023
921,1000,25,21-02-2023
921,979,26,13-09-2023
800,321,1,22-04-2025
800,856,2,24-05-2025
800,719,3,13-08-2024
800,994,4,17-05-2025
800,172,5,15-05-2025
800,156,6,22-10-2024
198,801,1,03-03-2023
198,77,2,17-12-2022
198,969,3,11-09-2023
198,940,4,08-04-2023
198,370,5,29-05-2023
198,320,6,19-02-2023
198,69,7,12-07-2023
198,768,8,03-10-2023
198,846,9,13-03-2023
198,930,10,23-08-2023
198,107,11,23-11-2022
198,633,12,12-08-2023
198,172,13,15-08-2023
198,278,14,04-11-2022
198,737,15,02-03-2023
198,353,16,08-12-2022
198,857,17,20-05-2023
198,417,18,06-07-2023
198,181,19,01-01-2023
198,469,20,24-09-2023
198,430,21,13-04-2023
198,149,22,01-05-2023
198,645,23,28-05-2023
198,605,24,15-11-2022
198,853,25,06-08-2023
198,700,26,03-05-2023
198,602,27,03-07-2023
198,311,28,07-06-2023
856,744,1,19-10-2024
856,542,2,21-12-2024
856,362,3,06-07-2025
856,741,4,04-09-2025
856,180,5,30-09-2025
856,509,6,27-08-2025
856,221,7,06-02-2025
856,316,8,09-09-2025
856,384,9,06-08-2025
856,960,10,28-12-2024
856,608,11,01-05-2025
856,742,12,20-02-2025
856,671,13,04-12-2024
856,730,14,15-12-2024
856,795,15,17-04-2025
856,129,16,20-02-2025
856,932,17,12-08-2025
856,278,18,01-01-2025
856,209,19,01-08-2025
856,723,20,12-05-2025
856,238,21,18-07-2025
856,7,22,10-01-2025
856,521,23,24-06-2025
856,739,24,20-09-2025
856,446,25,18-01-2025
856,513,26,26-08-2025
856,80,27,22-06-2025
856,361,28,03-10-2024
856,990,29,24-12-2024
856,471,30,09-07-2025
856,122,31,24-08-2025
856,980,32,31-07-2025
856,863,33,25-01-2025
856,563,34,09-05-2025
856,99,35,03-03-2025
856,997,36,02-03-2025
856,342,37,12-10-2024
856,853,38,10-02-2025
856,23,39,31-07-2025
856,478,40,20-07-2025
856,85,41,27-07-2025
856,627,42,16-05-2025
856,333,43,28-06-2025
856,861,44,12-11-2024
856,537,45,08-09-2025
856,659,46,22-08-2025
856,224,47,29-07-2025
856,477,48,29-09-2025
56,772,1,04-02-2022
56,521,2,12-08-2022
56,648,3,01-10-2021
56,97,4,03-01-2022
56,970,5,11-12-2021
56,273,6,19-05-2022
56,739,7,17-03-2022
56,713,8,23-03-2022
56,100,9,10-09-2021
56,630,10,24-08-2021
56,763,11,13-05-2022
56,328,12,25-08-2021
56,588,13,14-12-2021
56,725,14,18-12-2021
56,162,15,01-02-2022
56,308,16,26-10-2021
56,674,17,14-01-2022
56,619,18,11-03-2022
56,320,19,03-10-2021
56,468,20,16-01-2022
56,594,21,28-07-2022
56,91,22,04-06-2022
56,833,23,22-10-2021
56,146,24,04-10-2021
56,994,25,14-01-2022
56,83,26,03-09-2021
56,947,27,23-11-2021
56,435,28,14-10-2021
56,393,29,29-01-2022
56,475,30,05-03-2022
56,209,31,26-07-2022
56,820,32,08-01-2022
56,944,33,26-01-2022
56,598,34,14-04-2022
617,341,1,19-04-2024
617,278,2,13-07-2024
617,974,3,31-05-2024
617,652,4,25-08-2024
617,931,5,22-03-2024
617,754,6,07-07-2024
617,320,7,27-09-2024
617,40,8,29-11-2024
617,660,9,22-09-2024
617,409,10,05-04-2024
617,725,11,31-08-2024
617,359,12,09-05-2024
617,100,13,06-10-2024
617,142,14,16-01-2024
617,668,15,08-11-2024
617,32,16,23-09-2024
617,657,17,09-10-2024
617,353,18,17-10-2024
617,832,19,06-07-2024
617,101,20,26-03-2024
617,542,21,17-05-2024
617,316,22,10-04-2024
617,972,23,04-02-2024
617,199,24,23-12-2023
617,809,25,04-05-2024
617,439,26,25-04-2024
617,583,27,14-12-2023
617,697,28,03-05-2024
617,271,29,10-01-2024
617,939,30,04-08-2024
617,290,31,15-09-2024
617,499,32,23-11-2024
617,612,33,04-04-2024
617,181,34,24-03-2024
617,413,35,07-04-2024
617,927,36,16-12-2023
617,91,37,05-12-2024
617,801,38,15-08-2024
617,38,39,09-12-2024
617,678,40,27-10-2024
617,52,41,10-04-2024
617,798,42,22-09-2024
511,873,1,07-12-2023
511,655,2,12-06-2024
511,248,3,20-03-2024
511,136,4,17-08-2024
511,380,5,29-03-2024
511,457,6,21-02-2024
36,316,1,03-03-2024
36,115,2,27-11-2023
36,979,3,03-09-2024
36,366,4,30-01-2024
36,654,5,15-04-2024
36,457,6,24-06-2024
36,326,7,04-06-2024
36,770,8,14-06-2024
36,17,9,17-10-2023
36,795,10,29-06-2024
36,311,11,01-06-2024
36,214,12,28-07-2024
36,475,13,07-07-2024
36,946,14,04-03-2024
36,337,15,26-12-2023
36,633,16,18-06-2024
36,619,17,08-08-2024
36,982,18,10-01-2024
36,669,19,23-08-2024
36,49,20,28-07-2024
36,117,21,17-05-2024
36,142,22,17-10-2023
36,473,23,10-02-2024
36,972,24,17-01-2024
36,963,25,17-10-2023
726,893,1,03-03-2024
726,134,2,26-10-2023
726,204,3,07-05-2024
726,146,4,01-09-2023
726,889,5,27-01-2024
726,950,6,25-11-2023
726,60,7,08-09-2023
726,733,8,10-04-2024
726,123,9,19-11-2023
726,304,10,05-01-2024
726,521,11,24-02-2024
726,199,12,26-10-2023
726,410,13,31-03-2024
726,999,14,27-04-2024
726,830,15,11-04-2024
726,632,16,12-11-2023
726,473,17,21-01-2024
726,820,18,10-01-2024
726,136,19,04-07-2024
726,381,20,29-10-2023
726,911,21,07-09-2023
726,516,22,25-03-2024
726,828,23,23-04-2024
726,185,24,25-03-2024
726,45,25,22-02-2024
726,697,26,28-07-2024
726,754,27,14-02-2024
726,203,28,01-02-2024
726,494,29,05-02-2024
726,359,30,29-02-2024
726,987,31,03-03-2024
726,556,32,28-06-2024
726,210,33,07-05-2024
726,346,34,24-02-2024
726,850,35,20-12-2023
726,101,36,02-06-2024
726,200,37,08-03-2024
298,513,1,21-09-2021
298,739,2,05-11-2021
298,350,3,12-11-2021
298,944,4,23-08-2021
298,806,5,06-10-2021
298,508,6,18-11-2021
298,401,7,23-10-2021
298,213,8,03-09-2021
298,71,9,20-08-2021
298,518,10,21-04-2021
298,94,11,10-01-2022
298,770,12,11-01-2022
298,842,13,24-07-2021
298,185,14,11-04-2021
298,19,15,29-04-2021
298,432,16,13-05-2021
853,111,1,06-10-2024
853,735,2,07-11-2024
853,706,3,06-03-2024
853,94,4,02-04-2024
853,674,5,05-06-2024
853,452,6,23-07-2024
853,137,7,16-04-2024
853,999,8,26-06-2024
853,52,9,30-08-2024
853,256,10,10-09-2024
853,156,11,16-05-2024
853,770,12,31-05-2024
853,45,13,07-05-2024
853,456,14,30-11-2024
853,833,15,02-09-2024
853,348,16,13-09-2024
853,446,17,17-06-2024
853,179,18,27-05-2024
853,797,19,04-12-2024
853,574,20,02-10-2024
853,976,21,02-10-2024
853,382,22,01-08-2024
853,987,23,30-12-2023
853,642,24,29-12-2023
853,563,25,15-09-2024
853,846,26,17-09-2024
878,225,1,17-09-2023
878,90,2,02-01-2023
878,167,3,13-04-2023
878,516,4,11-08-2023
878,118,5,15-11-2023
878,577,6,27-12-2023
878,770,7,19-12-2023
878,366,8,09-01-2023
878,146,9,28-10-2023
878,319,10,18-08-2023
878,387,11,06-08-2023
878,271,12,06-03-2023
878,162,13,21-04-2023
878,388,14,12-01-2023
878,277,15,26-03-2023
878,865,16,21-08-2023
878,471,17,30-03-2023
878,149,18,09-11-2023
878,136,19,22-02-2023
878,52,20,11-01-2023
878,355,21,27-07-2023
878,638,22,13-01-2023
878,204,23,30-04-2023
878,70,24,19-01-2023
878,754,25,15-03-2023
878,827,26,30-08-2023
878,274,27,10-08-2023
878,834,28,10-03-2023
878,836,29,07-11-2023
878,751,30,29-07-2023
878,916,31,10-04-2023
878,505,32,04-07-2023
878,972,33,11-05-2023
878,614,34,20-04-2023
878,991,35,11-05-2023
878,730,36,19-01-2023
878,103,37,23-01-2023
878,611,38,14-08-2023
878,137,39,02-06-2023
878,911,40,19-10-2023
878,830,41,17-08-2023
878,496,42,05-11-2023
878,17,43,24-12-2023
878,409,44,20-07-2023
878,492,45,06-02-2023
878,57,46,16-09-2023
878,817,47,06-07-2023
878,394,48,25-02-2023
591,999,1,04-12-2023
591,589,2,14-12-2023
591,717,3,02-06-2023
591,449,4,02-12-2023
591,101,5,15-07-2023
591,491,6,21-08-2023
591,678,7,22-10-2023
591,331,8,02-07-2023
591,408,9,02-10-2023
591,257,10,23-03-2023
591,407,11,21-08-2023
591,199,12,23-03-2023
591,81,13,23-04-2023
591,963,14,08-06-2023
591,409,15,20-04-2023
591,829,16,29-01-2024
591,5,17,21-06-2023
591,706,18,05-05-2023
591,266,19,26-12-2023
591,72,20,06-04-2023
591,457,21,22-06-2023
591,873,22,26-03-2023
591,7,23,21-10-2023
591,146,24,22-05-2023
591,935,25,28-05-2023
591,992,26,20-01-2024
591,167,27,16-10-2023
591,385,28,02-06-2023
591,200,29,21-08-2023
627,956,1,14-02-2022
627,546,2,13-09-2021
627,671,3,29-06-2021
627,907,4,18-10-2021
627,516,5,06-10-2021
627,734,6,24-05-2021
627,355,7,28-04-2021
627,458,8,07-02-2022
627,674,9,10-01-2022
627,534,10,29-10-2021
627,820,11,15-09-2021
627,465,12,30-06-2021
627,134,13,07-06-2021
627,638,14,16-02-2022
627,412,15,20-11-2021
627,728,16,13-03-2022
627,983,17,05-04-2021
627,224,18,27-09-2021
627,342,19,09-09-2021
627,468,20,22-03-2021
627,400,21,24-05-2021
627,627,22,20-07-2021
627,378,23,22-08-2021
627,213,24,18-11-2021
627,179,25,04-10-2021
627,727,26,10-08-2021
627,198,27,05-08-2021
627,330,28,30-09-2021
627,394,29,16-08-2021
627,439,30,04-08-2021
627,895,31,22-01-2022
52,309,1,29-06-2022
52,238,2,19-03-2022
52,469,3,29-11-2021
52,811,4,13-07-2022
52,152,5,28-10-2021
52,244,6,07-12-2021
52,626,7,07-06-2022
52,420,8,13-06-2022
52,729,9,15-11-2021
52,280,10,07-01-2022
52,165,11,13-11-2021
52,374,12,17-05-2022
52,155,13,21-06-2022
52,720,14,18-03-2022
52,335,15,08-07-2022
52,827,16,30-12-2021
52,908,17,29-03-2022
52,678,18,17-04-2022
52,791,19,05-08-2022
52,103,20,26-06-2022
52,708,21,27-06-2022
52,348,22,15-12-2021
52,577,23,10-10-2021
52,625,24,26-07-2022
52,516,25,15-03-2022
52,989,26,26-12-2021
52,864,27,13-12-2021
52,526,28,26-11-2021
52,888,29,18-11-2021
52,995,30,28-05-2022
52,67,31,14-01-2022
52,690,32,30-04-2022
52,914,33,13-11-2021
52,762,34,14-08-2022
52,434,35,27-06-2022
52,700,36,22-06-2022
52,445,37,03-09-2022
52,208,38,02-10-2022
52,316,39,18-06-2022
52,734,40,12-07-2022
52,188,41,24-01-2022
52,377,42,30-09-2022
52,521,43,11-11-2021
52,380,44,10-05-2022
52,166,45,08-02-2022
52,751,46,10-10-2021
890,883,1,21-08-2025
890,346,2,21-08-2025
890,682,3,23-03-2025
890,51,4,26-03-2025
890,170,5,05-04-2025
890,574,6,31-12-2024
890,812,7,06-11-2024
890,868,8,04-06-2025
890,699,9,26-05-2025
890,729,10,25-01-2025
890,155,11,27-04-2025
890,601,12,28-03-2025
890,928,13,28-02-2025
890,667,14,01-02-2025
890,637,15,18-02-2025
890,629,16,25-09-2024
890,31,17,02-10-2024
890,795,18,25-06-2025
890,743,19,26-07-2025
890,598,20,02-07-2025
890,6,21,05-11-2024
890,580,22,28-05-2025
890,110,23,14-02-2025
890,134,24,19-01-2025
890,730,25,22-05-2025
890,798,26,13-07-2025
890,169,27,08-12-2024
890,764,28,08-01-2025
890,758,29,07-08-2025
890,966,30,20-05-2025
890,520,31,04-08-2025
890,34,32,07-06-2025
682,960,1,14-05-2022
682,657,2,26-03-2023
682,362,3,13-12-2022
682,744,4,04-03-2023
682,651,5,29-10-2022
682,924,6,01-11-2022
682,808,7,29-07-2022
682,678,8,16-11-2022
682,383,9,17-08-2022
682,19,10,12-12-2022
682,391,11,10-11-2022
682,466,12,05-07-2022
682,183,13,25-03-2023
682,746,14,21-05-2022
682,473,15,13-05-2022
682,584,16,25-08-2022
682,582,17,14-07-2022
682,370,18,27-02-2023
682,834,19,12-10-2022
682,734,20,10-05-2022
384,833,1,26-11-2022
384,674,2,11-06-2023
384,65,3,09-01-2023
384,521,4,11-05-2023
384,243,5,20-04-2023
384,454,6,14-06-2023
384,898,7,06-01-2023
384,380,8,02-06-2023
384,58,9,26-10-2022
384,741,10,18-12-2022
384,457,11,17-02-2023
384,787,12,03-06-2023
384,978,13,13-03-2023
384,266,14,28-06-2023
384,128,15,08-03-2023
384,66,16,08-09-2022
384,982,17,10-02-2023
384,49,18,05-10-2022
384,667,19,19-04-2023
85,748,1,30-09-2022
85,857,2,04-01-2022
85,316,3,20-01-2022
85,254,4,01-06-2022
85,217,5,23-09-2022
85,384,6,22-02-2022
85,871,7,21-07-2022
85,162,8,28-05-2022
85,516,9,08-09-2022
85,440,10,11-08-2022
85,912,11,29-03-2022
85,680,12,21-02-2022
85,94,13,10-04-2022
85,149,14,21-11-2021
85,556,15,01-08-2022
85,257,16,11-04-2022
85,418,17,16-02-2022
85,947,18,15-11-2021
85,584,19,21-09-2022
85,422,20,01-01-2022
85,178,21,25-07-2022
85,772,22,09-09-2022
85,454,23,05-06-2022
85,5,24,13-04-2022
85,574,25,17-08-2022
85,241,26,17-01-2022
85,0,27,01-10-2022
85,661,28,09-08-2022
85,751,29,24-05-2022
85,828,30,25-06-2022
85,430,31,12-09-2022
85,681,32,09-11-2021
85,379,33,04-08-2022
85,657,34,13-11-2021
85,916,35,20-10-2021
85,278,36,12-09-2022
85,311,37,07-07-2022
85,156,38,06-08-2022
85,189,39,01-12-2021
85,91,40,04-04-2022
85,652,41,13-11-2021
85,601,42,11-11-2021
85,223,43,13-04-2022
85,803,44,27-06-2022
85,222,45,27-02-2022
85,371,46,01-09-2022
85,692,47,07-02-2022
85,550,48,18-11-2021
505,751,1,07-05-2024
505,192,2,09-10-2023
505,983,3,22-10-2023
505,812,4,17-03-2024
505,181,5,19-07-2023
505,725,6,11-12-2023
505,669,7,22-06-2024
901,304,1,06-10-2024
901,580,2,26-09-2024
901,780,3,19-09-2024
901,848,4,02-04-2024
901,734,5,11-05-2024
901,725,6,25-03-2024
901,781,7,28-02-2024
901,965,8,17-04-2024
901,969,9,16-01-2024
901,161,10,22-06-2024
901,32,11,15-12-2024
901,348,12,05-12-2024
901,707,13,30-09-2024
901,249,14,29-06-2024
901,963,15,21-05-2024
901,690,16,06-06-2024
901,833,17,16-11-2024
901,271,18,27-01-2024
901,272,19,18-02-2024
901,107,20,09-01-2024
901,337,21,11-12-2024
901,840,22,01-03-2024
901,182,23,03-02-2024
901,341,24,25-05-2024
901,212,25,25-10-2024
901,409,26,13-04-2024
901,838,27,26-03-2024
901,551,28,01-06-2024
901,114,29,02-10-2024
901,256,30,21-05-2024
901,764,31,24-12-2023
901,5,32,30-06-2024
901,49,33,11-02-2024
901,417,34,02-11-2024
901,875,35,27-06-2024
901,69,36,02-02-2024
901,719,37,13-05-2024
901,842,38,17-09-2024
901,526,39,22-05-2024
901,98,40,06-07-2024
901,796,41,21-04-2024
863,32,1,16-08-2025
863,328,2,12-11-2024
863,112,3,20-11-2024
863,551,4,21-10-2024
863,355,5,24-05-2025
863,180,6,07-02-2025
863,9,7,08-02-2025
863,452,8,04-09-2025
863,794,9,28-04-2025
863,156,10,27-10-2024
863,987,11,09-07-2025
98,977,1,18-07-2023
98,153,2,21-05-2023
98,257,3,06-12-2023
98,157,4,06-03-2024
98,218,5,21-04-2023
98,571,6,25-01-2024
98,39,7,17-08-2023
98,652,8,24-03-2024
98,681,9,18-02-2024
98,85,10,01-07-2023
98,827,11,05-01-2024
98,720,12,03-08-2023
98,692,13,20-07-2023
98,682,14,19-03-2024
98,375,15,17-08-2023
98,156,16,29-12-2023
98,133,17,08-07-2023
98,908,18,08-12-2023
98,147,19,03-03-2024
98,384,20,13-07-2023
98,828,21,31-10-2023
98,394,22,05-12-2023
98,978,23,30-08-2023
98,700,24,06-12-2023
98,863,25,31-12-2023
762,726,1,11-02-2022
762,933,2,09-08-2022
762,296,3,26-02-2022
762,652,4,24-03-2022
762,103,5,18-02-2022
762,987,6,17-04-2022
762,898,7,23-02-2022
762,719,8,03-07-2022
762,101,9,10-07-2022
762,49,10,07-12-2022
762,734,11,25-05-2022
762,157,12,30-09-2022
762,722,13,11-12-2022
81,995,1,02-01-2022
81,930,2,20-01-2022
81,234,3,04-08-2021
81,162,4,06-03-2022
81,461,5,13-05-2021
81,492,6,26-08-2021
81,999,7,19-06-2021
81,183,8,17-06-2021
81,201,9,30-01-2022
81,99,10,08-05-2021
81,513,11,20-05-2021
81,908,12,14-04-2021
81,664,13,20-05-2021
81,386,14,01-09-2021
81,224,15,01-12-2021
81,680,16,27-08-2021
81,772,17,18-10-2021
81,726,18,19-08-2021
81,537,19,31-10-2021
81,673,20,18-08-2021
81,118,21,26-12-2021
81,625,22,24-09-2021
81,883,23,18-05-2021
81,385,24,24-10-2021
81,737,25,21-10-2021
81,417,26,26-07-2021
81,449,27,06-05-2021
81,982,28,03-01-2022
81,713,29,28-01-2022
81,521,30,29-12-2021
81,168,31,06-04-2022
81,239,32,27-06-2021
81,101,33,03-04-2022
81,466,34,24-06-2021
81,971,35,28-12-2021
81,702,36,18-10-2021
81,606,37,03-10-2021
81,868,38,28-01-2022
81,663,39,28-05-2021
81,72,40,13-06-2021
81,572,41,05-07-2021
81,817,42,14-08-2021
81,783,43,06-04-2022
377,702,1,02-12-2022
377,245,2,31-10-2022
377,962,3,25-08-2022
377,445,4,23-02-2022
377,58,5,26-12-2022
377,773,6,25-07-2022
377,450,7,15-02-2022
377,791,8,24-02-2022
377,283,9,07-04-2022
377,289,10,02-02-2022
377,198,11,18-03-2022
377,868,12,16-03-2022
377,196,13,20-06-2022
377,270,14,02-07-2022
377,439,15,06-02-2022
377,963,16,20-07-2022
377,168,17,17-03-2022
377,678,18,24-12-2022
377,927,19,14-02-2022
377,238,20,22-02-2022
377,199,21,02-08-2022
377,700,22,10-10-2022
447,742,1,11-01-2024
447,364,2,09-08-2023
447,91,3,08-09-2023
447,208,4,17-02-2024
447,162,5,04-06-2024
447,971,6,22-11-2023
447,799,7,21-03-2024
447,233,8,25-09-2023
22,889,1,30-08-2025
22,761,2,24-02-2025
22,357,3,11-06-2025
22,98,4,13-12-2024
22,316,5,28-10-2025
22,671,6,21-06-2025
22,574,7,11-04-2025
22,432,8,11-09-2025
22,863,9,16-09-2025
22,157,10,03-03-2025
22,830,11,22-09-2025
22,478,12,16-11-2025
22,301,13,20-12-2024
22,467,14,02-01-2025
22,770,15,12-11-2025
22,501,16,21-09-2025
22,775,17,17-04-2025
22,950,18,05-08-2025
22,657,19,07-07-2025
22,953,20,16-07-2025
22,371,21,18-11-2025
22,261,22,05-12-2024
22,840,23,20-06-2025
22,509,24,09-07-2025
22,60,25,02-03-2025
22,994,26,23-12-2024
22,663,27,08-12-2024
22,119,28,08-04-2025
22,669,29,17-10-2025
137,734,1,13-06-2021
137,730,2,21-08-2021
137,970,3,18-06-2021
137,990,4,10-09-2021
137,377,5,17-06-2021
137,735,6,08-06-2021
137,933,7,22-02-2022
137,432,8,17-06-2021
137,960,9,08-07-2021
137,127,10,10-06-2021
137,862,11,08-05-2021
137,408,12,07-10-2021
137,83,13,05-08-2021
137,34,14,30-01-2022
137,104,15,08-01-2022
137,531,16,28-03-2022
137,836,17,16-04-2022
137,563,18,10-09-2021
881,375,1,21-10-2022
881,127,2,23-01-2023
881,857,3,30-04-2023
881,439,4,18-01-2023
881,464,5,07-01-2023
881,811,6,24-01-2023
881,782,7,12-01-2023
881,371,8,28-02-2023
881,633,9,11-03-2023
881,512,10,30-12-2022
881,267,11,02-12-2022
881,440,12,02-03-2023
881,556,13,21-12-2022
630,429,1,21-04-2024
630,956,2,18-09-2023
630,997,3,30-10-2023
630,167,4,30-11-2023
630,304,5,18-03-2024
630,702,6,28-08-2024
630,271,7,27-09-2023
630,862,8,26-09-2023
630,625,9,28-06-2024
630,81,10,05-08-2024
630,273,11,25-05-2024
630,45,12,29-02-2024
630,903,13,26-08-2024
630,96,14,08-11-2023
630,633,15,17-08-2024
630,582,16,18-07-2024
630,847,17,20-10-2023
630,987,18,23-02-2024
630,394,19,23-10-2023
630,820,20,12-12-2023
630,706,21,04-04-2024
630,652,22,07-03-2024
630,727,23,28-10-2023
630,572,24,18-10-2023
630,770,25,07-02-2024
630,311,26,22-02-2024
630,256,27,30-04-2024
630,827,28,09-06-2024
630,209,29,29-04-2024
630,185,30,06-09-2023
787,208,1,28-11-2023
787,40,2,18-06-2023
787,836,3,18-08-2023
787,576,4,20-01-2024
787,769,5,03-06-2023
787,492,6,06-02-2024
571,225,1,01-08-2024
571,492,2,10-01-2024
571,827,3,25-04-2024
571,994,4,25-11-2023
571,534,5,20-05-2024
571,774,6,07-10-2023
571,513,7,12-12-2023
571,455,8,28-07-2024
571,358,9,08-05-2024
571,669,10,24-11-2023
571,661,11,03-06-2024
571,433,12,10-04-2024
571,6,13,10-07-2024
571,423,14,12-04-2024
571,94,15,17-08-2023
571,537,16,28-12-2023
571,409,17,05-08-2024
571,649,18,17-08-2023
571,885,19,26-07-2024
571,776,20,11-11-2023
571,221,21,25-06-2024
571,343,22,17-09-2023
571,441,23,29-10-2023
571,212,24,12-02-2024
449,363,1,29-04-2023
449,512,2,03-03-2023
449,808,3,22-10-2023
449,199,4,07-05-2023
449,218,5,06-02-2023
449,45,6,28-01-2023
449,775,7,27-09-2023
449,132,8,01-03-2023
449,868,9,22-07-2023
449,405,10,04-01-2023
449,842,11,10-04-2023
449,754,12,07-11-2023
449,976,13,03-03-2023
449,509,14,16-10-2023
449,394,15,31-07-2023
449,791,16,18-09-2023
449,883,17,29-05-2023
449,304,18,18-12-2022
449,707,19,20-02-2023
449,341,20,19-05-2023
449,399,21,12-08-2023
449,772,22,27-10-2023
449,309,23,02-07-2023
449,183,24,16-06-2023
449,455,25,14-01-2023
449,667,26,23-05-2023
449,333,27,21-07-2023
449,584,28,26-03-2023
449,727,29,15-09-2023
449,681,30,05-04-2023
449,656,31,14-02-2023
449,957,32,22-01-2023
18,188,1,02-09-2022
18,198,2,06-03-2022
18,481,3,20-06-2022
18,883,4,16-05-2022
18,299,5,07-05-2022
18,197,6,11-03-2022
18,506,7,14-12-2022
18,903,8,22-10-2022
18,168,9,07-08-2022
18,208,10,31-10-2022
18,303,11,03-11-2022
546,218,1,23-04-2023
546,490,2,15-12-2022
546,466,3,07-07-2023
546,583,4,04-09-2023
546,346,5,25-10-2023
546,682,6,22-01-2023
546,60,7,26-03-2023
546,619,8,07-05-2023
546,198,9,07-04-2023
546,1000,10,27-11-2023
546,735,11,17-03-2023
546,380,12,03-08-2023
546,224,13,22-10-2023
546,942,14,14-06-2023
546,576,15,10-07-2023
546,221,16,25-01-2023
546,233,17,23-09-2023
546,741,18,24-02-2023
546,678,19,03-03-2023
546,610,20,17-06-2023
546,582,21,19-03-2023
546,988,22,02-09-2023
546,304,23,11-03-2023
546,983,24,21-06-2023
546,729,25,06-12-2022
546,90,26,21-05-2023
546,389,27,10-04-2023
546,68,28,14-10-2023
546,850,29,24-02-2023
546,501,30,13-08-2023
546,362,31,23-05-2023
546,964,32,16-02-2023
546,899,33,25-04-2023
546,994,34,13-02-2023
546,571,35,24-08-2023
546,550,36,10-11-2023
546,541,37,09-10-2023
546,274,38,07-08-2023
546,136,39,08-12-2022
546,401,40,07-11-2023
546,205,41,06-02-2023
546,723,42,23-01-2023
546,879,43,19-02-2023
546,827,44,29-05-2023
546,435,45,24-03-2023
546,794,46,06-06-2023
546,903,47,15-06-2023
546,357,48,08-02-2023
771,320,1,12-02-2023
771,820,2,22-05-2023
771,991,3,15-06-2023
771,999,4,26-12-2022
771,821,5,15-06-2023
771,542,6,20-01-2023
771,903,7,20-04-2023
771,372,8,12-06-2023
771,63,9,24-07-2022
771,499,10,08-03-2023
771,261,11,27-05-2023
771,888,12,05-12-2022
204,633,1,06-07-2024
204,916,2,30-11-2023
204,513,3,07-08-2024
204,342,4,04-10-2024
204,626,5,15-09-2024
204,914,6,21-05-2024
204,734,7,27-10-2024
204,597,8,28-12-2023
204,990,9,06-06-2024
204,895,10,02-01-2024
204,217,11,06-04-2024
204,301,12,21-05-2024
204,206,13,18-11-2023
204,439,14,18-09-2024
204,743,15,07-11-2023
204,669,16,29-12-2023
204,603,17,21-09-2024
204,348,18,14-09-2024
204,861,19,18-04-2024
204,308,20,22-01-2024
204,481,21,07-06-2024
204,128,22,26-04-2024
204,443,23,23-05-2024
204,730,24,11-01-2024
204,270,25,24-07-2024
204,618,26,07-02-2024
204,45,27,11-10-2024
204,162,28,18-08-2024
204,516,29,27-05-2024
204,335,30,03-11-2023
204,490,31,04-03-2024
204,727,32,07-08-2024
204,7,33,14-01-2024
204,770,34,15-04-2024
204,731,35,23-11-2023
204,359,36,03-04-2024
204,414,37,22-08-2024
204,155,38,07-06-2024
204,377,39,06-04-2024
491,713,1,29-11-2021
491,618,2,08-02-2022
491,516,3,31-05-2022
491,5,4,13-07-2022
491,96,5,25-11-2021
491,161,6,19-07-2022
491,315,7,04-02-2022
491,731,8,25-10-2021
491,331,9,13-05-2022
491,7,10,12-06-2022
491,470,11,29-08-2022
491,235,12,14-12-2021
491,597,13,02-10-2021
491,357,14,18-06-2022
491,252,15,05-07-2022
491,895,16,14-11-2021
491,304,17,14-09-2021
491,210,18,09-07-2022
412,103,1,04-02-2023
412,834,2,13-06-2023
412,556,3,25-07-2023
412,505,4,11-06-2023
412,499,5,02-02-2023
412,838,6,27-08-2023
412,951,7,25-05-2023
412,864,8,15-04-2023
412,649,9,10-02-2023
412,284,10,26-02-2023
412,176,11,07-08-2023
412,110,12,04-03-2023
412,875,13,20-10-2023
412,842,14,11-10-2023
412,277,15,17-10-2023
412,972,16,16-07-2023
412,183,17,24-02-2023
412,728,18,08-11-2023
412,783,19,04-11-2023
412,987,20,04-06-2023
412,827,21,21-11-2023
871,889,1,03-11-2024
871,167,2,30-06-2025
871,490,3,01-03-2025
871,737,4,10-02-2025
871,390,5,08-12-2024
871,504,6,07-10-2025
871,198,7,13-03-2025
871,311,8,21-05-2025
871,633,9,14-10-2025
871,183,10,21-11-2024
871,590,11,30-06-2025
871,254,12,17-02-2025
871,275,13,30-08-2025
871,583,14,23-01-2025
871,31,15,22-01-2025
871,660,16,18-08-2025
871,965,17,08-01-2025
871,513,18,09-03-2025
871,901,19,15-05-2025
871,508,20,20-03-2025
871,735,21,10-08-2025
871,762,22,08-09-2025
871,711,23,22-06-2025
871,17,24,23-11-2024
871,409,25,02-04-2025
871,206,26,04-08-2025
871,649,27,31-12-2024
871,931,28,15-09-2025
871,469,29,22-12-2024
871,45,30,10-10-2025
871,506,31,02-04-2025
871,962,32,25-06-2025
871,107,33,07-09-2025
871,726,34,29-08-2025
871,930,35,02-12-2024
871,664,36,25-12-2024
871,34,37,18-10-2025
871,160,38,06-12-2024
871,461,39,18-02-2025
871,91,40,26-04-2025
163,699,1,06-03-2023
163,980,2,29-08-2023
163,60,3,11-01-2024
163,518,4,09-08-2023
163,401,5,04-02-2024
163,315,6,06-07-2023
163,398,7,19-10-2023
163,922,8,19-05-2023
163,169,9,12-10-2023
163,657,10,08-09-2023
163,871,11,04-04-2023
163,706,12,18-10-2023
163,118,13,01-01-2024
163,468,14,29-12-2023
163,57,15,07-12-2023
163,669,16,23-06-2023
163,2,17,25-01-2024
163,466,18,24-11-2023
163,40,19,04-03-2023
163,953,20,27-04-2023
163,751,21,11-11-2023
163,304,22,06-01-2024
163,580,23,24-11-2023
163,730,24,17-12-2023
163,976,25,22-02-2023
163,574,26,26-12-2023
163,521,27,17-12-2023
163,637,28,29-05-2023
163,110,29,21-12-2023
163,366,30,27-08-2023
163,456,31,14-10-2023
163,452,32,18-04-2023
163,90,33,04-03-2023
163,956,34,05-08-2023
163,143,35,12-03-2023
163,739,36,24-10-2023
163,727,37,26-10-2023
163,946,38,10-09-2023
163,278,39,16-03-2023
163,556,40,12-06-2023
163,572,41,24-11-2023
163,499,42,09-07-2023
163,470,43,12-03-2023
163,501,44,22-12-2023
105,101,1,06-07-2022
105,931,2,16-11-2022
105,218,3,08-05-2022
105,764,4,09-09-2022
105,261,5,30-04-2022
105,92,6,11-06-2022
105,490,7,11-01-2022
105,722,8,07-02-2022
210,868,1,31-03-2025
210,707,2,22-09-2025
210,461,3,16-07-2025
210,847,4,28-08-2025
210,748,5,05-05-2025
210,192,6,21-01-2025
156,568,1,07-11-2022
156,185,2,31-01-2022
156,234,3,19-02-2022
156,868,4,22-02-2022
156,95,5,03-05-2022
156,783,6,20-02-2022
156,66,7,18-11-2022
156,963,8,23-04-2022
156,556,9,08-04-2022
156,765,10,28-03-2022
847,817,1,12-08-2024
847,343,2,03-03-2024
847,723,3,21-10-2024
847,820,4,27-08-2024
847,553,5,14-07-2024
847,868,6,15-06-2024
847,583,7,10-08-2024
847,348,8,02-03-2024
847,847,9,09-05-2024
847,975,10,22-06-2024
847,357,11,05-06-2024
847,903,12,20-04-2024
847,627,13,26-09-2024
847,674,14,22-12-2024
847,956,15,05-10-2024
847,989,16,15-03-2024
847,181,17,26-07-2024
847,381,18,06-10-2024
847,68,19,22-11-2024
847,828,20,06-12-2024
847,922,21,23-12-2024
847,110,22,06-12-2024
847,690,23,23-07-2024
847,719,24,10-06-2024
847,188,25,29-01-2024
847,32,26,14-09-2024
847,346,27,14-06-2024
847,104,28,04-03-2024
847,359,29,23-01-2024
847,932,30,11-03-2024
847,652,31,06-04-2024
847,594,32,12-06-2024
847,258,33,20-03-2024
847,461,34,06-01-2024
847,520,35,12-11-2024
847,366,36,30-04-2024
847,951,37,29-10-2024
847,993,38,27-06-2024
847,467,39,25-06-2024
847,137,40,05-08-2024
847,129,41,26-02-2024
847,245,42,06-07-2024
847,5,43,20-08-2024
847,390,44,12-09-2024
847,764,45,14-04-2024
847,70,46,18-03-2024
260,457,1,22-03-2022
260,507,2,07-09-2021
260,895,3,08-08-2021
260,99,4,08-06-2022
260,847,5,21-05-2022
260,940,6,18-11-2021
260,227,7,25-05-2022
260,176,8,29-10-2021
362,582,1,24-10-2024
362,23,2,20-02-2025
362,363,3,17-07-2024
362,803,4,29-01-2025
362,771,5,18-09-2024
362,885,6,14-11-2024
362,617,7,10-11-2024
362,134,8,11-06-2024
362,320,9,17-12-2024
362,542,10,12-03-2025
362,624,11,03-12-2024
362,565,12,30-10-2024
362,626,13,22-07-2024
362,916,14,26-11-2024
362,183,15,24-12-2024
362,553,16,11-08-2024
362,834,17,01-03-2025
362,576,18,08-10-2024
362,589,19,06-05-2025
362,946,20,26-07-2024
362,179,21,08-05-2025
362,409,22,26-11-2024
362,730,23,02-05-2025
362,657,24,14-04-2025
362,840,25,31-07-2024
362,104,26,20-04-2025
362,474,27,12-02-2025
362,422,28,07-12-2024
362,605,29,18-10-2024
362,167,30,09-09-2024
362,957,31,28-12-2024
362,359,32,25-01-2025
362,338,33,23-12-2024
257,871,1,26-01-2022
257,828,2,26-08-2022
257,521,3,14-01-2022
257,959,4,11-02-2022
257,44,5,04-08-2022
257,787,6,13-05-2022
257,674,7,27-09-2021
257,363,8,04-11-2021
257,931,9,17-05-2022
257,257,10,22-02-2022
257,589,11,20-03-2022
257,341,12,23-04-2022
257,301,13,17-12-2021
257,733,14,03-06-2022
257,15,15,02-12-2021
257,357,16,18-03-2022
257,801,17,20-04-2022
257,456,18,10-07-2022
257,603,19,12-05-2022
257,375,20,17-05-2022
257,295,21,01-05-2022
257,720,22,17-01-2022
815,957,1,26-08-2022
815,671,2,16-09-2022
815,204,3,01-12-2022
815,380,4,11-08-2022
815,745,5,03-09-2022
815,95,6,07-11-2022
815,933,7,07-05-2023
815,928,8,23-10-2022
815,197,9,02-08-2022
815,746,10,09-03-2023
815,132,11,02-07-2023
815,912,12,11-01-2023
815,576,13,08-07-2023
815,828,14,03-05-2023
815,652,15,06-12-2022
815,897,16,29-08-2022
815,770,17,09-08-2022
815,185,18,27-05-2023
815,118,19,02-11-2022
815,551,20,04-02-2023
815,274,21,06-02-2023
815,637,22,21-04-2023
815,360,23,04-12-2022
815,817,24,24-03-2023
815,50,25,19-07-2023
815,600,26,18-11-2022
815,359,27,10-06-2023
815,556,28,07-07-2023
815,521,29,21-12-2022
815,457,30,02-10-2022
664,534,1,20-01-2025
664,255,2,23-09-2025
664,483,3,13-05-2025
664,727,4,15-11-2024
664,155,5,03-06-2025
664,811,6,11-12-2024
664,27,7,16-02-2025
664,756,8,23-07-2025
664,479,9,15-05-2025
664,995,10,24-01-2025
664,520,11,05-05-2025
664,486,12,20-09-2025
664,978,13,23-08-2025
664,399,14,24-10-2025
664,110,15,22-07-2025
664,167,16,30-09-2025
664,922,17,18-05-2025
664,327,18,13-09-2025
664,68,19,20-10-2025
664,201,20,16-03-2025
664,820,21,23-08-2025
664,871,22,21-07-2025
664,634,23,10-06-2025
664,508,24,17-07-2025
664,885,25,01-02-2025
664,936,26,22-11-2024
664,267,27,24-12-2024
664,512,28,16-03-2025
664,960,29,03-03-2025
664,648,30,12-08-2025
664,776,31,02-06-2025
664,438,32,12-10-2025
664,475,33,09-08-2025
664,104,34,06-01-2025
664,329,35,03-10-2025
664,40,36,16-06-2025
664,315,37,26-02-2025
664,723,38,15-08-2025
664,142,39,02-05-2025
664,195,40,03-10-2025
664,397,41,31-07-2025
664,663,42,20-09-2025
664,343,43,28-02-2025
664,994,44,15-05-2025
664,457,45,05-08-2025
664,198,46,26-06-2025
664,225,47,14-04-2025
664,156,48,17-05-2025
474,341,1,02-12-2023
474,257,2,24-11-2023
474,516,3,31-03-2024
474,32,4,20-06-2023
474,227,5,01-04-2024
474,80,6,05-08-2023
474,633,7,03-11-2023
474,386,8,29-02-2024
474,828,9,11-11-2023
474,375,10,14-12-2023
474,303,11,08-12-2023
474,316,12,11-09-2023
474,449,13,03-04-2024
474,925,14,24-02-2024
474,241,15,21-09-2023
474,337,16,18-08-2023
474,773,17,27-06-2023
474,735,18,07-08-2023
474,132,19,29-03-2024
474,728,20,18-04-2024
474,978,21,28-09-2023
474,57,22,23-01-2024
474,454,23,01-05-2023
474,417,24,19-09-2023
474,172,25,26-10-2023
474,760,26,23-05-2023
474,811,27,02-06-2023
474,434,28,22-08-2023
474,143,29,12-02-2024
474,198,30,25-12-2023
474,210,31,02-07-2023
474,605,32,25-11-2023
474,200,33,29-11-2023
474,401,34,19-10-2023
474,627,35,18-02-2024
474,960,36,06-10-2023
474,583,37,22-06-2023
474,739,38,19-01-2024
799,743,1,06-06-2022
799,594,2,23-07-2022
799,565,3,06-04-2022
799,655,4,03-11-2022
799,399,5,11-06-2022
799,320,6,14-09-2022
799,316,7,14-02-2022
799,134,8,06-11-2022
799,353,9,28-03-2022
799,330,10,27-09-2022
799,218,11,18-05-2022
799,950,12,03-04-2022
799,458,13,29-10-2022
799,775,14,15-01-2023
70,99,1,09-02-2021
70,815,2,30-08-2021
70,972,3,18-05-2021
70,447,4,11-12-2021
70,897,5,29-06-2021
70,97,6,19-07-2021
70,473,7,22-07-2021
70,864,8,02-03-2021
70,711,9,11-07-2021
70,791,10,05-01-2021
70,737,11,25-08-2021
70,761,12,30-06-2021
70,719,13,07-11-2021
70,520,14,06-02-2021
70,203,15,25-02-2021
70,91,16,25-08-2021
70,152,17,24-12-2021
70,62,18,15-12-2021
70,316,19,16-07-2021
70,516,20,14-03-2021
70,446,21,28-02-2021
70,835,22,28-08-2021
70,910,23,02-01-2021
70,384,24,26-12-2021
70,861,25,07-07-2021
70,201,26,03-11-2021
70,702,27,30-01-2021
70,32,28,24-09-2021
70,95,29,18-04-2021
70,751,30,28-11-2021
70,953,31,31-03-2021
70,827,32,24-07-2021
70,550,33,08-08-2021
70,844,34,04-04-2021
70,730,35,13-04-2021
70,94,36,11-08-2021
70,432,37,05-07-2021
70,764,38,03-07-2021
70,475,39,11-06-2021
70,378,40,04-09-2021
679,182,1,28-03-2021
679,454,2,28-09-2021
679,221,3,21-06-2021
679,343,4,23-01-2021
679,399,5,05-09-2021
679,214,6,22-03-2021
679,661,7,01-06-2021
679,496,8,15-11-2021
679,358,9,19-10-2021
679,284,10,05-10-2021
679,245,11,07-09-2021
679,761,12,11-09-2021
679,445,13,21-06-2021
679,342,14,10-03-2021
679,603,15,15-01-2021
679,677,16,25-07-2021
679,50,17,08-03-2021
679,218,18,10-11-2021
361,552,1,16-01-2023
361,199,2,15-11-2022
361,834,3,22-01-2023
361,320,4,29-09-2022
361,895,5,17-08-2022
361,346,6,18-11-2022
361,957,7,21-10-2022
361,490,8,08-10-2022
361,225,9,20-06-2022
361,507,10,11-11-2022
361,90,11,02-11-2022
361,366,12,25-07-2022
361,183,13,13-07-2022
361,133,14,24-08-2022
361,836,15,21-03-2022
361,466,16,26-10-2022
361,568,17,16-04-2022
361,289,18,03-02-2023
361,83,19,18-05-2022
361,671,20,09-06-2022
361,405,21,14-12-2022
361,701,22,17-11-2022
361,728,23,22-09-2022
361,707,24,30-06-2022
361,363,25,20-08-2022
361,681,26,13-09-2022
361,690,27,05-04-2022
361,384,28,13-05-2022
361,486,29,25-07-2022
361,663,30,27-07-2022
361,526,31,05-07-2022
361,861,32,20-01-2023
361,677,33,06-06-2022
361,160,34,23-05-2022
361,467,35,08-02-2022
379,80,1,20-08-2023
379,962,2,08-07-2023
379,95,3,13-10-2023
379,895,4,02-11-2023
379,348,5,17-10-2023
379,668,6,11-02-2023
379,707,7,21-12-2023
379,951,8,25-04-2023
379,737,9,06-05-2023
379,66,10,05-11-2023
379,114,11,21-09-2023
379,964,12,26-02-2023
379,5,13,01-06-2023
379,362,14,17-10-2023
379,278,15,29-09-2023
379,72,16,03-01-2024
379,228,17,14-11-2023
379,764,18,29-08-2023
379,51,19,02-05-2023
158,272,1,14-04-2023
158,506,2,02-01-2023
158,208,3,07-11-2023
158,624,4,28-11-2023
158,204,5,03-04-2023
158,157,6,25-01-2023
158,841,7,22-07-2023
158,353,8,31-08-2023
158,63,9,17-03-2023
158,101,10,19-12-2022
158,496,11,03-03-2023
158,316,12,10-07-2023
97,862,1,10-05-2025
97,400,2,14-01-2025
97,289,3,18-07-2025
97,422,4,16-06-2025
97,713,5,24-11-2024
97,506,6,17-11-2024
97,43,7,27-05-2025
97,296,8,16-03-2025
97,680,9,08-11-2024
97,401,10,18-09-2024
97,160,11,25-01-2025
97,357,12,18-05-2025
97,743,13,19-10-2024
97,762,14,23-09-2024
97,255,15,08-11-2024
97,848,16,17-05-2025
97,930,17,25-06-2025
97,633,18,14-09-2024
694,432,1,23-02-2024
694,940,2,09-06-2024
694,235,3,03-12-2024
694,244,4,28-08-2024
694,734,5,10-01-2025
694,574,6,11-02-2024
694,72,7,18-07-2024
694,627,8,14-12-2024
694,43,9,07-09-2024
694,201,10,27-02-2024
694,353,11,30-03-2024
694,334,12,15-05-2024
694,933,13,15-09-2024
694,551,14,20-12-2024
694,57,15,16-06-2024
694,301,16,29-01-2024
694,868,17,03-11-2024
694,188,18,10-03-2024
694,341,19,23-12-2024
694,921,20,25-01-2024
694,440,21,28-12-2024
694,634,22,25-05-2024
694,711,23,04-04-2024
694,4,24,03-07-2024
694,727,25,24-10-2024
694,524,26,09-12-2024
694,423,27,15-11-2024
850,134,1,24-02-2025
850,85,2,22-06-2025
850,932,3,19-06-2025
850,254,4,16-12-2024
850,173,5,04-06-2025
850,445,6,06-07-2025
850,94,7,04-07-2025
850,99,8,24-04-2025
850,513,9,10-08-2025
850,861,10,07-09-2025
850,34,11,23-10-2024
850,957,12,11-07-2025
850,711,13,15-05-2025
850,31,14,07-04-2025
850,857,15,06-05-2025
850,830,16,03-10-2024
850,771,17,15-03-2025
850,461,18,11-05-2025
850,630,19,09-09-2025
850,496,20,21-06-2025
850,483,21,22-10-2024
850,677,22,13-08-2025
850,959,23,20-02-2025
850,542,24,18-02-2025
850,972,25,09-12-2024
850,848,26,30-07-2025
850,110,27,23-09-2024
850,256,28,23-11-2024
850,766,29,26-11-2024
850,72,30,23-08-2025
850,224,31,31-03-2025
850,590,32,21-09-2024
850,518,33,29-08-2025
850,960,34,25-04-2025
850,238,35,06-03-2025
850,669,36,14-06-2025
850,625,37,20-10-2024
850,362,38,10-11-2024
850,657,39,16-11-2024
850,889,40,29-07-2025
850,199,41,13-01-2025
850,83,42,22-02-2025
850,214,43,17-02-2025
850,243,44,07-11-2024
912,898,1,23-07-2023
912,773,2,15-06-2023
912,110,3,01-05-2023
912,99,4,17-09-2023
912,470,5,05-09-2023
912,962,6,11-08-2023
912,179,7,03-08-2023
912,248,8,20-12-2023
912,122,9,14-04-2023
912,316,10,08-06-2023
912,624,11,30-11-2023
912,885,12,04-08-2023
912,742,13,04-03-2023
912,856,14,01-11-2023
912,766,15,01-02-2023
912,947,16,02-03-2023
912,787,17,05-07-2023
912,707,18,23-11-2023
912,708,19,02-03-2023
912,657,20,25-04-2023
912,4,21,05-10-2023
912,299,22,06-05-2023
912,915,23,27-10-2023
912,304,24,26-12-2023
912,91,25,01-05-2023
243,861,1,22-09-2023
243,546,2,18-01-2023
243,110,3,28-12-2022
243,617,4,07-12-2022
243,362,5,23-09-2023
243,564,6,07-12-2022
243,829,7,20-05-2023
243,161,8,30-10-2022
243,300,9,21-01-2023
243,883,10,03-11-2022
243,483,11,29-11-2022
243,273,12,25-04-2023
243,315,13,11-12-2022
243,923,14,02-02-2023
243,451,15,20-02-2023
243,563,16,16-09-2023
243,254,17,26-04-2023
243,678,18,19-09-2023
243,192,19,05-09-2023
243,65,20,22-10-2022
763,686,1,31-12-2023
763,71,2,04-07-2023
763,359,3,02-08-2023
763,380,4,30-05-2023
763,104,5,31-07-2023
763,466,6,02-08-2023
763,331,7,22-12-2023
763,377,8,20-06-2023
763,734,9,05-02-2024
763,962,10,13-04-2023
763,983,11,06-08-2023
763,957,12,17-04-2023
763,798,13,19-03-2024
763,454,14,07-11-2023
763,162,15,10-01-2024
763,353,16,04-05-2023
763,499,17,27-11-2023
763,771,18,13-02-2024
763,648,19,02-05-2023
763,960,20,30-05-2023
763,209,21,05-05-2023
763,393,22,24-03-2024
763,65,23,17-09-2023
763,357,24,01-01-2024
763,758,25,05-03-2024
763,531,26,11-05-2023
763,727,27,17-01-2024
763,452,28,19-03-2024
763,827,29,04-01-2024
763,750,30,31-10-2023
763,409,31,30-11-2023
763,764,32,08-07-2023
763,371,33,26-09-2023
763,649,34,24-06-2023
763,496,35,25-07-2023
763,149,36,09-11-2023
763,626,37,29-03-2024
763,806,38,21-07-2023
763,273,39,23-05-2023
763,944,40,04-10-2023
763,410,41,09-06-2023
763,731,42,08-12-2023
763,98,43,06-12-2023
763,129,44,20-02-2024
763,677,45,02-07-2023
763,700,46,09-11-2023
763,624,47,13-04-2023
763,521,48,09-01-2024
763,23,49,08-03-2024
111,772,1,27-05-2023
111,682,2,20-11-2022
111,147,3,30-11-2022
111,199,4,13-07-2022
111,525,5,17-06-2023
111,589,6,13-08-2022
111,244,7,05-03-2023
111,164,8,31-12-2022
111,423,9,28-07-2022
111,795,10,14-03-2023
111,910,11,14-07-2022
111,600,12,05-08-2022
111,100,13,27-04-2023
111,315,14,05-08-2022
111,889,15,06-11-2022
111,734,16,27-07-2022
111,99,17,02-12-2022
111,979,18,01-04-2023
111,674,19,16-01-2023
111,260,20,01-09-2022
111,134,21,13-10-2022
111,841,22,22-03-2023
566,114,1,19-01-2025
566,45,2,17-09-2024
566,733,3,23-10-2024
566,980,4,01-12-2024
566,372,5,27-12-2024
566,717,6,07-11-2024
566,156,7,04-05-2025
566,639,8,08-08-2024
566,101,9,16-05-2024
566,848,10,12-07-2024
566,270,11,01-12-2024
566,976,12,17-11-2024
566,180,13,11-08-2024
566,950,14,06-08-2024
566,597,15,27-05-2024
566,455,16,24-10-2024
566,944,17,16-09-2024
566,430,18,30-05-2024
566,165,19,06-11-2024
566,266,20,29-07-2024
566,531,21,29-06-2024
566,300,22,11-01-2025
566,805,23,26-09-2024
566,916,24,21-04-2025
566,297,25,19-10-2024
566,329,26,15-12-2024
566,115,27,11-12-2024
566,233,28,31-10-2024
862,217,1,05-10-2023
862,301,2,12-08-2024
862,62,3,31-12-2023
862,100,4,03-05-2024
862,199,5,24-06-2024
862,512,6,11-01-2024
862,221,7,21-09-2023
862,678,8,12-06-2024
862,563,9,15-04-2024
862,134,10,08-01-2024
862,353,11,07-04-2024
862,54,12,22-07-2024
862,461,13,02-10-2023
862,999,14,30-08-2024
862,43,15,26-03-2024
862,633,16,21-02-2024
862,183,17,19-08-2024
862,820,18,25-06-2024
862,390,19,09-03-2024
862,978,20,01-02-2024
862,469,21,15-10-2023
862,699,22,08-10-2023
862,385,23,28-03-2024
862,413,24,08-02-2024
862,680,25,02-11-2023
862,841,26,19-08-2024
862,782,27,30-06-2024
862,845,28,13-02-2024
862,572,29,31-07-2024
862,405,30,04-08-2024
67,181,1,22-11-2022
67,731,2,09-12-2022
67,711,3,30-10-2022
67,327,4,10-06-2022
67,576,5,20-11-2022
67,81,6,18-09-2022
67,334,7,20-01-2023
67,639,8,24-03-2023
67,888,9,05-07-2022
67,213,10,26-11-2022
67,407,11,03-04-2023
67,983,12,24-10-2022
67,686,13,03-02-2023
67,401,14,18-05-2022
67,453,15,17-10-2022
67,754,16,29-12-2022
67,63,17,24-08-2022
67,657,18,14-10-2022
67,827,19,27-05-2022
67,652,20,28-07-2022
67,15,21,27-07-2022
67,450,22,25-08-2022
67,805,23,05-10-2022
67,765,24,09-07-2022
67,45,25,08-02-2023
67,85,26,19-03-2023
67,366,27,24-08-2022
67,717,28,29-03-2023
67,206,29,24-02-2023
777,100,1,22-09-2023
777,359,2,07-06-2023
777,80,3,17-11-2022
777,85,4,21-04-2023
777,743,5,14-10-2022
777,983,6,15-03-2023
777,301,7,16-02-2023
777,95,8,23-09-2023
777,380,9,27-05-2023
777,711,10,22-05-2023
777,456,11,12-05-2023
777,582,12,07-11-2022
777,730,13,29-10-2022
777,331,14,13-04-2023
777,930,15,07-09-2023
777,834,16,19-02-2023
777,765,17,24-11-2022
777,739,18,14-09-2023
777,70,19,06-06-2023
777,414,20,08-10-2023
777,686,21,16-11-2022
777,90,22,23-09-2023
777,179,23,27-11-2022
777,386,24,24-02-2023
777,509,25,03-11-2022
777,652,26,12-02-2023
777,836,27,22-12-2022
777,787,28,30-09-2023
777,857,29,09-10-2023
777,284,30,30-11-2022
777,833,31,21-11-2022
777,648,32,27-07-2023
777,183,33,23-10-2022
777,157,34,12-11-2022
777,51,35,14-06-2023
777,545,36,14-07-2023
777,241,37,09-01-2023
777,466,38,14-06-2023
777,994,39,07-09-2023
777,701,40,28-10-2022
777,576,41,17-10-2022
777,719,42,22-04-2023
777,161,43,30-03-2023
777,23,44,22-10-2022
777,491,45,30-01-2023
777,680,46,27-02-2023
777,264,47,16-03-2023
777,375,48,10-05-2023
777,101,49,12-07-2023
467,490,1,09-10-2022
467,845,2,18-04-2022
467,58,3,29-06-2022
467,969,4,21-11-2022
467,842,5,15-10-2022
467,387,6,10-12-2021
467,388,7,30-06-2022
467,521,8,30-12-2021
467,935,9,27-05-2022
467,600,10,22-08-2022
467,608,11,18-11-2022
467,409,12,05-03-2022
467,701,13,02-12-2021
467,727,14,25-12-2021
467,661,15,26-09-2022
467,304,16,18-04-2022
467,550,17,16-03-2022
467,81,18,15-07-2022
467,72,19,23-05-2022
467,576,20,05-02-2022
467,700,21,23-06-2022
467,241,22,03-07-2022
467,848,23,13-02-2022
467,183,24,16-02-2022
467,38,25,06-01-2022
467,432,26,25-08-2022
467,381,27,04-06-2022
467,868,28,17-05-2022
467,574,29,02-12-2021
467,999,30,29-04-2022
467,7,31,05-12-2021
467,682,32,29-12-2021
467,854,33,31-12-2021
467,233,34,01-12-2021
467,994,35,28-06-2022
467,898,36,08-04-2022
467,31,37,06-09-2022
467,359,38,31-03-2022
467,505,39,28-10-2022
467,290,40,18-05-2022
467,153,41,26-04-2022
467,660,42,22-10-2022
467,977,43,21-12-2021
467,329,44,20-03-2022
467,711,45,05-09-2022
569,674,1,09-07-2023
569,277,2,26-07-2023
569,661,3,27-12-2023
569,776,4,10-12-2023
569,322,5,12-02-2024
569,969,6,05-07-2023
569,627,7,30-12-2023
569,923,8,25-04-2023
569,299,9,26-07-2023
569,977,10,30-08-2023
569,169,11,04-03-2024
569,916,12,21-05-2023
569,373,13,24-10-2023
569,68,14,01-03-2024
569,392,15,19-06-2023
569,149,16,10-06-2023
569,593,17,28-04-2023
569,828,18,28-12-2023
569,120,19,21-05-2023
569,580,20,18-01-2024
569,652,21,04-12-2023
569,771,22,21-12-2023
569,390,23,19-06-2023
569,383,24,08-10-2023
569,348,25,18-05-2023
569,129,26,27-03-2024
569,117,27,20-03-2024
569,918,28,18-03-2024
569,199,29,07-10-2023
569,52,30,13-12-2023
569,114,31,09-11-2023
569,780,32,28-11-2023
569,331,33,26-12-2023
539,642,1,06-03-2023
539,290,2,09-04-2023
539,700,3,07-10-2022
539,844,4,13-10-2022
539,873,5,28-09-2022
539,51,6,07-03-2023
539,782,7,09-05-2023
539,699,8,15-10-2022
539,137,9,17-10-2022
539,840,10,31-08-2022
539,266,11,23-05-2023
539,895,12,27-08-2022
539,185,13,28-04-2023
539,389,14,15-08-2022
539,32,15,02-11-2022
539,576,16,23-06-2022
539,501,17,10-04-2023
539,311,18,20-09-2022
539,648,19,19-11-2022
714,303,1,29-05-2025
714,155,2,25-04-2025
714,556,3,01-01-2025
714,942,4,27-12-2024
714,901,5,15-01-2025
714,261,6,06-11-2024
714,68,7,21-07-2024
714,828,8,25-05-2025
714,835,9,04-09-2024
714,618,10,30-12-2024
714,101,11,27-02-2025
714,225,12,25-07-2024
714,516,13,22-09-2024
714,482,14,16-05-2025
714,183,15,02-01-2025
714,765,16,13-05-2025
714,39,17,08-10-2024
714,128,18,01-09-2024
714,580,19,13-04-2025
714,826,20,23-07-2024
714,735,21,29-01-2025
714,85,22,04-11-2024
714,893,23,12-08-2024
714,120,24,07-10-2024
714,129,25,01-08-2024
714,740,26,06-12-2024
714,423,27,21-10-2024
714,674,28,05-03-2025
714,316,29,31-10-2024
714,681,30,31-03-2025
714,657,31,21-04-2025
714,654,32,24-01-2025
714,277,33,19-10-2024
714,513,34,05-04-2025
714,846,35,26-08-2024
714,959,36,27-08-2024
714,52,37,18-04-2025
714,254,38,23-10-2024
714,820,39,05-05-2025
714,274,40,07-06-2025
714,136,41,15-01-2025
714,895,42,18-05-2025
714,619,43,27-12-2024
714,256,44,05-02-2025
714,228,45,04-04-2025
714,888,46,17-07-2024
714,565,47,31-08-2024
714,979,48,24-08-2024
714,97,49,16-12-2024
599,473,1,16-08-2023
599,182,2,05-03-2023
599,383,3,10-08-2023
599,337,4,03-01-2024
599,617,5,29-05-2023
416,861,1,25-01-2023
416,775,2,28-09-2022
416,401,3,11-11-2022
416,827,4,30-10-2022
416,57,5,02-08-2023
416,203,6,27-09-2022
416,828,7,29-11-2022
416,626,8,09-02-2023
416,398,9,09-02-2023
416,990,10,22-01-2023
416,838,11,03-11-2022
416,271,12,27-08-2022
416,50,13,04-07-2023
416,348,14,25-09-2022
416,720,15,07-06-2023
416,833,16,14-11-2022
416,848,17,06-10-2022
416,668,18,07-12-2022
416,772,19,25-08-2022
416,105,20,24-10-2022
416,836,21,21-05-2023
416,754,22,20-02-2023
416,276,23,05-04-2023
416,142,24,30-08-2022
416,512,25,05-12-2022
416,537,26,03-09-2022
416,266,27,03-11-2022
416,999,28,22-11-2022
416,45,29,07-04-2023
435,496,1,09-10-2024
435,132,2,26-07-2024
435,366,3,14-11-2024
435,31,4,04-07-2024
435,729,5,08-05-2024
435,378,6,05-05-2024
435,830,7,17-10-2024
435,557,8,22-04-2024
435,265,9,16-07-2024
435,252,10,12-01-2024
435,188,11,26-09-2024
724,414,1,25-03-2025
724,833,2,19-02-2025
724,61,3,22-08-2024
724,99,4,25-02-2025
724,174,5,10-03-2025
724,811,6,05-01-2025
724,645,7,02-08-2024
724,720,8,07-02-2025
724,461,9,10-07-2024
724,827,10,22-09-2024
724,600,11,27-10-2024
724,289,12,14-03-2025
724,123,13,03-09-2024
706,681,1,09-03-2023
706,198,2,18-06-2023
706,134,3,25-06-2023
706,748,4,07-11-2023
706,983,5,03-05-2023
706,769,6,21-12-2023
706,407,7,10-02-2023
706,726,8,16-02-2023
706,110,9,26-05-2023
706,125,10,13-12-2023
706,222,11,11-07-2023
706,337,12,27-10-2023
706,357,13,14-12-2023
706,104,14,20-04-2023
706,233,15,12-09-2023
706,520,16,07-02-2023
706,649,17,21-10-2023
706,526,18,14-12-2023
706,734,19,30-06-2023
706,720,20,29-10-2023
706,257,21,06-11-2023
706,203,22,01-05-2023
706,330,23,10-02-2023
706,655,24,17-01-2023
706,780,25,15-09-2023
706,152,26,20-04-2023
706,624,27,16-05-2023
706,315,28,11-07-2023
567,706,1,30-03-2023
567,700,2,05-11-2022
567,667,3,02-09-2022
567,458,4,04-05-2023
567,690,5,20-12-2022
722,820,1,02-09-2023
722,454,2,21-05-2024
722,605,3,25-11-2023
722,452,4,10-09-2023
722,384,5,25-01-2024
722,933,6,17-07-2024
722,806,7,20-01-2024
722,868,8,17-05-2024
722,702,9,17-07-2024
722,363,10,08-12-2023
722,931,11,28-09-2023
722,494,12,21-12-2023
722,38,13,07-09-2023
722,563,14,07-09-2023
722,918,15,16-05-2024
722,516,16,11-01-2024
722,120,17,13-06-2024
722,165,18,22-08-2024
722,700,19,21-12-2023
722,490,20,18-04-2024
722,999,21,27-09-2023
722,840,22,09-02-2024
722,418,23,03-09-2023
722,228,24,24-12-2023
722,834,25,16-01-2024
722,201,26,03-04-2024
722,331,27,07-05-2024
722,808,28,18-05-2024
722,155,29,17-08-2024
722,626,30,28-08-2023
722,950,31,12-08-2024
722,976,32,08-12-2023
722,208,33,17-11-2023
722,754,34,25-03-2024
722,393,35,23-12-2023
722,355,36,03-01-2024
722,925,37,27-07-2024
722,362,38,08-03-2024
722,632,39,12-09-2023
722,677,40,01-01-2024
722,357,41,05-09-2023
722,660,42,13-11-2023
722,123,43,19-07-2024
722,875,44,12-08-2024
722,668,45,12-05-2024
722,386,46,27-12-2023
722,284,47,26-06-2024
722,912,48,17-05-2024
269,655,1,04-12-2024
269,199,2,14-03-2025
269,327,3,02-09-2024
269,566,4,28-11-2024
269,334,5,06-02-2025
269,956,6,20-09-2024
269,319,7,26-04-2024
269,868,8,08-11-2024
269,458,9,15-03-2025
269,535,10,19-08-2024
269,684,11,13-08-2024
269,94,12,25-01-2025
223,735,1,31-01-2025
223,652,2,18-07-2025
223,809,3,13-09-2025
223,909,4,29-06-2025
223,743,5,13-08-2025
223,315,6,16-12-2024
223,838,7,22-05-2025
223,92,8,15-07-2025
223,531,9,12-07-2025
223,741,10,20-02-2025
223,956,11,15-09-2025
223,925,12,01-08-2025
223,992,13,18-03-2025
223,820,14,09-08-2025
223,516,15,24-02-2025
223,185,16,08-02-2025
223,530,17,28-12-2024
223,871,18,19-05-2025
223,366,19,03-10-2025
223,922,20,06-11-2025
223,699,21,24-05-2025
223,80,22,16-04-2025
223,385,23,10-06-2025
223,99,24,02-06-2025
223,835,25,04-07-2025
223,408,26,11-05-2025
223,206,27,08-05-2025
223,380,28,11-12-2024
925,331,1,10-08-2023
925,162,2,15-07-2023
925,359,3,27-01-2023
925,267,4,10-02-2023
925,455,5,03-05-2023
925,188,6,06-07-2023
925,198,7,11-07-2023
925,23,8,13-01-2023
925,108,9,14-02-2023
925,897,10,03-04-2023
925,588,11,19-01-2023
925,314,12,14-01-2023
925,468,13,14-07-2023
925,827,14,05-03-2023
925,895,15,07-08-2023
954,123,1,31-01-2024
954,979,2,10-04-2024
954,735,3,08-08-2024
954,706,4,26-04-2024
954,674,5,26-04-2024
954,57,6,08-04-2024
954,486,7,31-01-2024
954,632,8,03-01-2024
954,580,9,24-01-2024
954,91,10,09-03-2024
954,686,11,14-05-2024
954,507,12,09-11-2023
954,168,13,15-12-2023
954,181,14,03-08-2024
954,791,15,08-02-2024
954,202,16,07-07-2024
954,217,17,29-08-2024
954,559,18,28-06-2024
954,7,19,01-12-2023
954,72,20,24-08-2024
954,5,21,15-05-2024
549,387,1,15-02-2022
549,720,2,24-11-2022
549,619,3,04-07-2022
549,314,4,06-02-2022
549,999,5,16-03-2022
549,780,6,01-03-2022
549,971,7,19-04-2022
549,950,8,23-07-2022
549,627,9,15-04-2022
549,980,10,17-09-2022
549,657,11,07-11-2022
549,410,12,19-03-2022
736,584,1,11-03-2021
736,278,2,10-09-2021
736,626,3,25-09-2021
736,69,4,17-09-2021
736,366,5,08-07-2021
736,461,6,10-03-2021
736,772,7,13-03-2021
736,471,8,16-11-2021
736,405,9,29-04-2021
736,955,10,25-08-2021
736,270,11,17-07-2021
736,799,12,11-04-2021
736,927,13,25-07-2021
736,771,14,17-02-2021
736,838,15,04-08-2021
736,103,16,23-08-2021
736,370,17,29-12-2021
736,668,18,15-05-2021
736,801,19,20-09-2021
736,327,20,25-05-2021
736,465,21,22-11-2021
736,739,22,07-04-2021
736,275,23,28-11-2021
736,108,24,29-11-2021
736,988,25,05-08-2021
736,861,26,07-01-2022
736,571,27,06-03-2021
736,864,28,26-07-2021
736,482,29,30-12-2021
736,513,30,24-09-2021
736,99,31,15-04-2021
736,669,32,16-08-2021
736,542,33,21-06-2021
736,316,34,26-06-2021
736,990,35,06-02-2021
736,245,36,05-07-2021
736,198,37,15-06-2021
736,205,38,27-02-2021
736,907,39,20-12-2021
37,659,1,22-11-2023
37,925,2,25-03-2023
37,438,3,20-08-2023
37,183,4,03-02-2023
37,856,5,15-04-2023
37,862,6,20-05-2023
37,726,7,03-04-2023
37,846,8,21-11-2023
37,185,9,08-09-2023
37,234,10,14-07-2023
37,764,11,07-02-2023
37,97,12,18-06-2023
37,144,13,18-01-2023
37,322,14,13-05-2023
37,408,15,17-10-2023
37,235,16,31-01-2023
37,509,17,30-07-2023
37,105,18,11-03-2023
37,565,19,16-04-2023
37,221,20,01-02-2023
37,554,21,01-01-2024
37,363,22,25-07-2023
37,409,23,07-09-2023
37,224,24,17-10-2023
37,134,25,28-08-2023
37,405,26,03-09-2023
37,521,27,22-02-2023
37,129,28,02-12-2023
37,576,29,15-06-2023
37,950,30,20-05-2023
37,914,31,07-09-2023
37,774,32,09-03-2023
37,434,33,04-07-2023
37,143,34,02-05-2023
37,59,35,02-01-2024
37,708,36,16-07-2023
37,274,37,30-07-2023
37,562,38,10-04-2023
37,918,39,02-08-2023
969,97,1,25-01-2023
969,944,2,28-06-2023
969,430,3,12-09-2022
969,161,4,23-11-2022
969,57,5,15-05-2023
969,363,6,27-01-2023
969,486,7,15-10-2022
969,617,8,04-11-2022
969,725,9,08-07-2022
969,235,10,14-08-2022
969,466,11,09-05-2023
969,607,12,02-10-2022
969,433,13,09-10-2022
969,861,14,05-06-2023
969,619,15,21-11-2022
969,49,16,25-07-2022
969,476,17,03-02-2023
969,828,18,16-07-2022
969,173,19,12-12-2022
969,174,20,18-09-2022
969,649,21,08-09-2022
969,199,22,04-05-2023
969,678,23,09-03-2023
969,827,24,07-12-2022
969,5,25,21-05-2023
969,976,26,05-08-2022
969,399,27,15-01-2023
969,949,28,14-01-2023
969,571,29,10-03-2023
969,583,30,24-12-2022
969,451,31,02-08-2022
969,745,32,18-09-2022
969,516,33,03-02-2023
969,903,34,03-12-2022
969,820,35,02-07-2022
969,445,36,12-12-2022
969,180,37,18-01-2023
309,57,1,02-06-2024
309,210,2,04-11-2023
309,464,3,01-10-2023
309,835,4,28-10-2023
309,40,5,03-10-2023
309,530,6,12-12-2023
309,764,7,10-04-2024
309,840,8,09-06-2024
309,706,9,10-06-2024
506,711,1,23-08-2022
506,681,2,05-08-2022
506,99,3,18-05-2022
506,601,4,09-05-2022
506,366,5,18-11-2021
506,83,6,01-03-2022
506,856,7,07-11-2021
506,692,8,07-07-2022
506,720,9,16-08-2022
506,657,10,20-02-2022
506,264,11,24-09-2021
506,32,12,18-12-2021
506,838,13,22-07-2022
506,72,14,17-04-2022
506,355,15,06-04-2022
506,375,16,10-11-2021
506,261,17,25-11-2021
506,510,18,14-12-2021
506,343,19,11-10-2021
506,971,20,15-09-2021
506,776,21,26-06-2022
506,61,22,12-07-2022
506,414,23,02-03-2022
506,997,24,28-05-2022
506,381,25,15-09-2021
506,827,26,31-12-2021
506,960,27,21-08-2022
506,246,28,29-10-2021
506,715,29,12-10-2021
506,614,30,04-08-2022
506,881,31,08-01-2022
506,290,32,22-02-2022
506,946,33,07-10-2021
506,87,34,19-05-2022
506,772,35,07-09-2021
506,965,36,08-04-2022
506,618,37,13-09-2021
506,545,38,26-07-2022
506,464,39,28-12-2021
506,991,40,05-03-2022
506,959,41,30-08-2022
506,169,42,27-12-2021
506,507,43,11-02-2022
506,700,44,08-11-2021
506,151,45,21-03-2022
506,320,46,03-10-2021
913,750,1,16-01-2024
913,201,2,17-09-2023
913,626,3,27-10-2023
913,994,4,02-11-2023
913,398,5,15-03-2024
913,362,6,18-10-2023
913,725,7,23-04-2024
913,0,8,02-11-2023
913,465,9,21-04-2024
913,225,10,11-02-2024
913,422,11,28-10-2023
913,58,12,26-08-2024
913,530,13,04-02-2024
913,204,14,13-11-2023
913,842,15,24-08-2024
913,975,16,10-03-2024
913,361,17,13-01-2024
913,329,18,07-03-2024
913,206,19,19-10-2023
913,99,20,27-05-2024
913,271,21,13-09-2023
913,534,22,13-11-2023
913,551,23,09-10-2023
913,524,24,21-09-2023
913,431,25,16-12-2023
913,134,26,02-09-2024
913,95,27,31-03-2024
913,766,28,01-10-2023
913,827,29,19-10-2023
913,203,30,20-04-2024
913,990,31,21-12-2023
913,54,32,26-10-2023
913,491,33,15-11-2023
913,469,34,10-12-2023
913,748,35,21-02-2024
913,6,36,30-12-2023
913,34,37,13-08-2024
913,393,38,11-01-2024
913,291,39,21-03-2024
913,114,40,18-12-2023
913,217,41,27-06-2024
913,413,42,16-02-2024
913,826,43,22-12-2023
854,80,1,06-09-2022
854,627,2,05-06-2022
854,930,3,03-07-2022
854,473,4,21-06-2022
854,888,5,27-11-2021
854,264,6,29-07-2022
854,801,7,31-10-2021
854,457,8,06-06-2022
854,169,9,01-01-2022
854,0,10,22-06-2022
854,45,11,28-06-2022
854,420,12,02-01-2022
854,656,13,03-03-2022
854,633,14,12-07-2022
854,432,15,19-12-2021
854,244,16,19-07-2022
854,14,17,23-12-2021
854,908,18,30-09-2022
854,723,19,06-11-2021
854,972,20,07-09-2022
854,690,21,23-08-2022
854,787,22,20-05-2022
854,308,23,01-01-2022
854,727,24,01-09-2022
854,316,25,10-01-2022
854,563,26,15-03-2022
854,518,27,08-03-2022
854,743,28,14-10-2021
854,989,29,13-05-2022
854,856,30,12-12-2021
854,741,31,06-06-2022
854,601,32,30-12-2021
854,504,33,04-05-2022
854,974,34,29-12-2021
854,127,35,29-10-2021
854,337,36,01-08-2022
854,301,37,08-05-2022
854,661,38,24-08-2022
854,834,39,03-05-2022
854,105,40,09-05-2022
854,832,41,11-11-2021
854,597,42,12-02-2022
854,443,43,11-11-2021
854,509,44,13-03-2022
854,359,45,26-09-2022
827,960,1,05-02-2021
827,157,2,24-01-2021
827,657,3,08-03-2021
827,169,4,08-09-2021
827,209,5,03-08-2021
827,982,6,06-10-2021
827,281,7,14-09-2021
827,452,8,02-10-2021
827,796,9,20-07-2021
827,104,10,09-12-2021
827,494,11,14-08-2021
827,903,12,03-05-2021
827,331,13,17-03-2021
827,218,14,03-11-2021
827,897,15,29-11-2021
827,706,16,24-03-2021
827,123,17,21-04-2021
827,162,18,01-11-2021
827,927,19,05-07-2021
827,520,20,11-08-2021
827,572,21,19-11-2021
827,584,22,16-02-2021
827,180,23,24-09-2021
827,794,24,31-07-2021
827,964,25,15-01-2021
827,438,26,26-02-2021
827,278,27,03-02-2021
827,309,28,18-06-2021
827,901,29,31-12-2021
827,473,30,03-07-2021
827,742,31,28-03-2021
827,188,32,10-01-2021
984,467,1,21-06-2025
984,828,2,04-02-2025
984,729,3,26-09-2025
984,749,4,07-02-2025
984,299,5,20-01-2025
984,657,6,07-10-2025
984,769,7,24-03-2025
984,129,8,19-09-2025
984,582,9,08-12-2024
984,36,10,20-06-2025
984,742,11,03-03-2025
744,910,1,09-05-2021
744,978,2,04-05-2021
744,827,3,08-11-2021
744,720,4,10-01-2022
744,453,5,15-08-2021
744,751,6,17-07-2021
744,554,7,09-10-2021
744,290,8,22-04-2021
744,40,9,29-03-2021
744,343,10,20-05-2021
744,233,11,10-02-2021
744,521,12,10-10-2021
744,518,13,03-08-2021
936,669,1,15-01-2023
936,908,2,25-05-2022
936,274,3,03-05-2023
936,744,4,15-04-2023
936,739,5,27-08-2022
936,310,6,14-06-2022
936,393,7,26-07-2022
936,903,8,31-10-2022
936,719,9,15-04-2023
936,390,10,21-07-2022
936,359,11,10-03-2023
936,516,12,10-05-2023
19,418,1,16-10-2022
19,590,2,25-08-2022
19,847,3,21-06-2023
19,440,4,10-05-2023
19,241,5,04-10-2022
19,359,6,21-06-2023
19,117,7,20-01-2023
19,725,8,06-03-2023
19,580,9,14-07-2022
19,160,10,21-08-2022
19,234,11,14-10-2022
19,982,12,03-05-2023
19,469,13,06-01-2023
19,483,14,12-06-2023
19,278,15,24-09-2022
19,370,16,15-08-2022
654,901,1,01-09-2022
654,175,2,24-01-2023
654,990,3,05-05-2023
654,529,4,14-01-2023
654,173,5,12-01-2023
654,898,6,11-05-2023
654,751,7,04-05-2023
654,702,8,30-01-2023
654,778,9,21-07-2022
654,91,10,04-07-2023
654,388,11,29-06-2023
654,605,12,03-12-2022
654,720,13,03-10-2022
654,316,14,18-10-2022
654,908,15,22-10-2022
654,799,16,25-08-2022
654,576,17,23-08-2022
654,794,18,14-04-2023
654,274,19,07-01-2023
654,764,20,13-01-2023
654,198,21,01-11-2022
654,413,22,22-03-2023
654,727,23,09-08-2022
654,835,24,31-03-2023
654,344,25,16-10-2022
654,225,26,19-05-2023
654,208,27,04-06-2023
654,261,28,02-11-2022
654,832,29,12-04-2023
654,58,30,17-04-2023
654,730,31,11-04-2023
654,210,32,28-03-2023
654,634,33,06-06-2023
654,409,34,02-02-2023
654,931,35,03-06-2023
654,783,36,06-02-2023
654,147,37,10-02-2023
654,944,38,19-08-2022
334,359,1,19-04-2024
334,95,2,24-07-2024
334,947,3,09-08-2024
334,726,4,17-12-2023
334,627,5,09-04-2024
334,706,6,28-02-2024
334,469,7,25-08-2024
334,782,8,11-01-2024
334,440,9,20-04-2024
334,266,10,04-03-2024
334,390,11,18-02-2024
334,754,12,10-04-2024
334,105,13,21-06-2024
334,51,14,11-07-2024
334,179,15,22-05-2024
334,415,16,29-07-2024
334,32,17,30-11-2023
334,838,18,08-02-2024
334,160,19,12-01-2024
334,758,20,16-08-2024
334,408,21,04-07-2024
334,331,22,11-01-2024
334,897,23,25-05-2024
334,241,24,25-12-2023
334,137,25,07-09-2024
334,672,26,08-07-2024
334,157,27,31-03-2024
334,872,28,20-03-2024
334,422,29,12-10-2024
334,815,30,25-07-2024
334,304,31,31-05-2024
334,889,32,09-10-2024
334,580,33,18-06-2024
334,957,34,03-03-2024
334,574,35,15-10-2024
334,343,36,02-04-2024
334,149,37,09-10-2024
495,739,1,10-12-2023
495,580,2,27-04-2024
495,479,3,09-02-2024
495,669,4,05-03-2024
495,925,5,28-03-2024
495,197,6,14-04-2024
495,710,7,16-04-2024
495,857,8,09-05-2024
495,895,9,18-03-2024
495,254,10,24-08-2023
495,192,11,25-10-2023
495,730,12,02-02-2024
495,335,13,14-04-2024
495,473,14,07-03-2024
495,366,15,25-05-2024
495,198,16,13-12-2023
495,711,17,12-07-2023
495,278,18,19-05-2024
495,521,19,26-06-2023
495,782,20,15-06-2023
495,898,21,03-10-2023
495,316,22,13-11-2023
495,913,23,28-01-2024
495,97,24,13-08-2023
495,38,25,15-01-2024
495,457,26,19-12-2023
495,153,27,01-02-2024
167,103,1,15-12-2023
167,729,2,08-09-2023
167,153,3,27-01-2023
167,980,4,29-11-2023
167,280,5,14-10-2023
167,475,6,08-02-2023
167,775,7,15-03-2023
167,898,8,05-12-2023
167,325,9,13-11-2023
167,939,10,24-12-2023
167,601,11,30-04-2023
167,602,12,14-10-2023
167,337,13,31-10-2023
167,725,14,20-01-2024
167,331,15,19-08-2023
167,617,16,30-07-2023
167,760,17,20-07-2023
167,407,18,01-12-2023
167,316,19,05-04-2023
167,776,20,10-05-2023
167,550,21,29-09-2023
167,792,22,06-07-2023
167,972,23,14-08-2023
167,756,24,30-08-2023
167,960,25,26-08-2023
167,224,26,11-02-2023
167,72,27,24-12-2023
167,362,28,19-08-2023
676,174,1,22-01-2025
676,228,2,03-08-2024
676,3,3,05-08-2024
676,333,4,21-02-2025
676,189,5,08-06-2025
676,717,6,14-11-2024
676,119,7,26-10-2024
676,374,8,20-08-2024
676,328,9,09-10-2024
676,655,10,29-01-2025
676,700,11,12-06-2025
676,912,12,04-02-2025
676,750,13,26-06-2025
676,431,14,23-06-2025
676,992,15,28-07-2024
676,792,16,29-06-2025
676,17,17,20-02-2025
676,164,18,27-03-2025
676,478,19,24-02-2025
676,889,20,05-10-2024
676,380,21,24-07-2024
676,31,22,15-04-2025
676,57,23,01-03-2025
676,787,24,02-08-2024
676,188,25,29-07-2024
676,452,26,04-05-2025
676,991,27,15-03-2025
676,300,28,07-08-2024
676,950,29,11-01-2025
676,183,30,02-03-2025
676,430,31,16-04-2025
676,931,32,01-05-2025
676,878,33,10-05-2025
676,850,34,28-11-2024
676,201,35,26-04-2025
676,338,36,17-12-2024
676,753,37,21-09-2024
676,865,38,01-12-2024
676,612,39,17-10-2024
676,791,40,30-05-2025
676,490,41,02-04-2025
835,327,1,05-07-2021
835,162,2,28-09-2021
835,101,3,21-09-2021
835,140,4,05-06-2022
835,624,5,14-10-2021
835,357,6,29-08-2021
835,226,7,04-03-2022
835,972,8,05-02-2022
835,335,9,06-01-2022
835,280,10,08-04-2022
835,764,11,19-11-2021
835,516,12,12-03-2022
835,129,13,04-08-2021
835,198,14,04-09-2021
835,440,15,03-05-2022
835,956,16,17-12-2021
835,278,17,07-10-2021
835,372,18,20-10-2021
835,910,19,23-10-2021
835,963,20,21-01-2022
835,524,21,07-03-2022
835,380,22,26-07-2021
835,14,23,02-10-2021
835,504,24,25-12-2021
835,802,25,14-12-2021
835,735,26,05-06-2022
835,983,27,25-04-2022
835,6,28,04-12-2021
835,461,29,23-08-2021
835,537,30,20-08-2021
835,390,31,28-03-2022
835,383,32,14-03-2022
835,513,33,27-06-2021
835,199,34,24-11-2021
835,638,35,21-06-2021
835,182,36,03-01-2022
835,930,37,24-07-2021
835,181,38,31-08-2021
835,414,39,02-11-2021
698,559,1,21-09-2022
698,702,2,30-04-2022
698,895,3,31-03-2022
698,167,4,12-04-2022
698,509,5,09-08-2022
698,257,6,20-10-2022
698,664,7,25-03-2022
698,274,8,02-09-2022
698,897,9,16-10-2022
698,142,10,04-12-2022
698,408,11,27-09-2022
698,217,12,08-11-2022
698,233,13,28-03-2022
698,383,14,16-02-2022
698,183,15,08-06-2022
698,6,16,23-09-2022
698,774,17,04-10-2022
698,828,18,29-07-2022
698,319,19,22-12-2021
698,539,20,21-04-2022
698,889,21,17-03-2022
698,72,22,23-06-2022
698,953,23,09-12-2022
698,810,24,06-02-2022
698,165,25,14-08-2022
698,674,26,26-04-2022
698,762,27,14-12-2022
698,911,28,06-04-2022
698,529,29,22-12-2021
698,469,30,02-08-2022
698,787,31,20-05-2022
698,391,32,30-06-2022
698,45,33,03-11-2022
698,834,34,14-12-2022
698,203,35,26-07-2022
698,50,36,22-08-2022
698,739,37,08-03-2022
698,355,38,12-08-2022
698,61,39,10-12-2022
698,331,40,03-11-2022
698,791,41,04-09-2022
698,441,42,22-06-2022
698,659,43,01-10-2022
698,333,44,12-12-2022
698,276,45,11-02-2022
698,907,46,24-12-2021
698,809,47,15-10-2022
698,711,48,09-04-2022
325,692,1,31-05-2021
325,794,2,09-07-2021
325,63,3,20-05-2021
325,117,4,22-10-2021
325,531,5,09-09-2021
325,0,6,29-12-2021
325,210,7,17-05-2021
325,244,8,22-10-2021
325,521,9,30-11-2021
325,939,10,11-01-2022
325,561,11,01-11-2021
325,381,12,31-08-2021
325,864,13,24-07-2021
325,383,14,21-12-2021
325,951,15,27-11-2021
325,835,16,11-07-2021
325,123,17,17-08-2021
325,932,18,02-03-2021
325,862,19,14-12-2021
325,148,20,15-10-2021
325,337,21,04-08-2021
325,908,22,12-04-2021
325,888,23,21-12-2021
325,582,24,01-04-2021
325,409,25,08-07-2021
325,765,26,29-12-2021
325,225,27,29-09-2021
325,847,28,05-02-2022
325,348,29,15-12-2021
325,205,30,28-03-2021
325,370,31,09-02-2022
325,725,32,12-05-2021
325,410,33,16-10-2021
325,261,34,22-11-2021
325,922,35,02-08-2021
325,863,36,16-08-2021
325,646,37,27-12-2021
325,492,38,01-10-2021
325,792,39,03-03-2021
325,600,40,08-12-2021
325,215,41,15-06-2021
325,422,42,15-09-2021
325,516,43,27-08-2021
325,729,44,29-01-2022
750,875,1,03-10-2025
750,335,2,17-02-2025
750,58,3,13-04-2025
750,645,4,21-12-2024
750,245,5,26-10-2025
750,31,6,12-07-2025
750,353,7,26-01-2025
750,928,8,02-03-2025
750,686,9,09-06-2025
750,83,10,12-03-2025
750,734,11,06-12-2024
750,172,12,06-04-2025
750,238,13,23-01-2025
750,999,14,18-07-2025
750,440,15,26-11-2025
750,243,16,30-01-2025
750,36,17,27-07-2025
750,960,18,27-02-2025
750,576,19,19-07-2025
750,512,20,20-07-2025
750,707,21,18-11-2025
750,864,22,28-10-2025
750,452,23,17-09-2025
750,597,24,09-11-2025
750,667,25,30-04-2025
750,541,26,23-04-2025
82,758,1,08-11-2024
82,799,2,30-09-2024
82,725,3,28-06-2024
82,965,4,01-08-2024
82,359,5,10-05-2024
82,398,6,03-08-2024
82,100,7,21-04-2024
82,643,8,03-12-2024
82,499,9,09-02-2024
82,497,10,08-04-2024
82,692,11,17-08-2024
82,657,12,30-03-2024
82,252,13,27-12-2023
82,580,14,23-12-2023
82,525,15,30-04-2024
82,276,16,02-07-2024
82,120,17,26-12-2023
82,530,18,21-05-2024
82,210,19,14-01-2024
82,496,20,05-06-2024
82,271,21,20-11-2024
82,197,22,21-03-2024
82,730,23,16-03-2024
82,137,24,06-03-2024
82,256,25,02-10-2024
82,697,26,03-11-2024
82,206,27,24-02-2024
82,31,28,18-02-2024
82,568,29,31-05-2024
82,505,30,12-03-2024
82,667,31,16-11-2024
880,935,1,11-06-2022
880,63,2,04-03-2022
880,440,3,25-12-2021
880,272,4,19-03-2022
880,661,5,10-11-2022
880,809,6,18-04-2022
880,265,7,11-08-2022
880,518,8,22-09-2022
880,983,9,01-11-2022
880,999,10,17-10-2022
880,45,11,26-12-2021
880,201,12,27-02-2022
880,994,13,18-06-2022
880,910,14,25-09-2022
880,149,15,22-09-2022
880,185,16,07-05-2022
880,494,17,27-06-2022
880,781,18,21-05-2022
880,605,19,20-04-2022
880,772,20,05-08-2022
880,17,21,04-11-2022
880,58,22,03-10-2022
880,792,23,20-05-2022
880,70,24,05-05-2022
880,414,25,28-08-2022
880,742,26,03-11-2022
880,227,27,05-04-2022
880,128,28,01-07-2022
880,516,29,06-11-2022
880,861,30,03-06-2022
880,199,31,12-06-2022
880,760,32,21-12-2021
880,36,33,13-08-2022
880,584,34,30-09-2022
880,649,35,01-02-2022
880,122,36,11-05-2022
880,385,37,27-09-2022
880,505,38,02-02-2022
880,750,39,10-09-2022
378,922,1,03-02-2023
378,201,2,04-04-2023
378,430,3,26-12-2022
378,390,4,03-07-2023
378,653,5,17-06-2023
803,343,1,26-11-2023
803,898,2,22-10-2023
803,157,3,06-12-2023
803,167,4,07-01-2024
803,454,5,17-08-2024
803,556,6,23-09-2024
803,903,7,01-03-2024
803,726,8,23-09-2024
803,134,9,19-09-2024
803,652,10,07-04-2024
803,846,11,27-06-2024
803,339,12,15-08-2024
803,842,13,30-03-2024
803,583,14,17-08-2024
803,901,15,17-01-2024
803,808,16,04-08-2024
803,335,17,09-03-2024
803,408,18,26-11-2023
803,45,19,27-12-2023
803,507,20,08-07-2024
803,514,21,26-02-2024
803,137,22,08-05-2024
803,750,23,31-01-2024
803,505,24,06-04-2024
803,908,25,19-01-2024
803,50,26,14-06-2024
803,678,27,14-10-2023
803,473,28,06-10-2023
803,708,29,27-12-2023
803,798,30,12-02-2024
803,847,31,24-08-2024
803,227,32,17-09-2024
803,253,33,31-08-2024
803,218,34,17-11-2023
803,219,35,08-04-2024
803,355,36,19-04-2024
803,564,37,09-07-2024
803,707,38,28-12-2023
803,108,39,31-07-2024
29,889,1,15-12-2022
29,143,2,27-11-2022
29,791,3,24-09-2022
29,657,4,07-01-2023
29,129,5,14-12-2022
29,764,6,21-04-2023
29,953,7,24-05-2023
29,70,8,17-05-2023
29,316,9,28-12-2022
29,706,10,08-07-2022
29,561,11,18-06-2022
29,749,12,28-10-2022
29,828,13,28-11-2022
29,409,14,30-01-2023
29,862,15,18-01-2023
29,457,16,15-03-2023
29,100,17,07-10-2022
29,234,18,12-04-2023
29,713,19,17-06-2022
29,398,20,22-05-2023
29,969,21,22-08-2022
29,314,22,26-10-2022
29,17,23,28-09-2022
29,337,24,13-08-2022
29,728,25,07-05-2023
29,580,26,16-07-2022
29,861,27,28-12-2022
29,895,28,18-11-2022
29,700,29,19-05-2023
29,639,30,03-02-2023
29,5,31,27-01-2023
29,499,32,08-01-2023
29,820,33,09-09-2022
29,946,34,05-12-2022
29,719,35,07-04-2023
29,160,36,24-03-2023
29,80,37,01-07-2022
29,550,38,16-12-2022
29,832,39,17-02-2023
29,755,40,18-02-2023
29,420,41,12-11-2022
946,284,1,04-12-2024
946,728,2,19-01-2025
946,972,3,03-07-2025
946,348,4,30-10-2024
946,432,5,23-10-2024
946,276,6,13-11-2024
946,179,7,24-11-2024
946,267,8,17-12-2024
946,44,9,30-11-2024
946,725,10,05-09-2024
946,223,11,29-08-2025
946,392,12,26-11-2024
946,678,13,16-10-2024
946,199,14,04-02-2025
946,787,15,27-07-2025
946,333,16,06-12-2024
946,208,17,28-06-2025
946,189,18,14-01-2025
615,911,1,04-08-2022
615,301,2,20-01-2022
615,353,3,08-03-2022
615,745,4,12-08-2022
615,706,5,18-10-2022
615,883,6,06-08-2022
615,447,7,27-07-2022
976,17,1,16-12-2022
976,371,2,24-10-2022
976,446,3,20-06-2022
976,301,4,05-12-2022
976,692,5,26-04-2023
551,330,1,06-02-2025
551,60,2,27-03-2025
551,627,3,13-04-2025
551,521,4,02-11-2024
551,956,5,06-09-2025
551,551,6,06-07-2025
551,939,7,17-10-2024
551,911,8,16-11-2024
551,83,9,01-06-2025
206,842,1,04-10-2024
206,766,2,12-07-2025
206,301,3,01-02-2025
206,284,4,23-11-2024
206,605,5,20-08-2024
206,582,6,23-11-2024
206,534,7,29-09-2024
206,972,8,11-10-2024
206,432,9,24-03-2025
206,827,10,23-06-2025
206,723,11,24-01-2025
206,550,12,06-01-2025
206,888,13,16-08-2024
206,289,14,10-09-2024
206,435,15,31-01-2025
206,483,16,11-08-2024
206,228,17,18-08-2024
206,576,18,16-11-2024
206,248,19,31-05-2025
206,728,20,25-08-2024
206,275,21,07-10-2024
206,583,22,18-01-2025
206,185,23,02-11-2024
206,386,24,11-04-2025
206,31,25,04-06-2025
206,32,26,27-10-2024
206,244,27,30-05-2025
206,898,28,24-08-2024
206,868,29,14-02-2025
206,52,30,23-09-2024
582,210,1,16-09-2022
582,209,2,28-09-2022
582,438,3,24-09-2022
582,754,4,05-01-2023
582,901,5,16-06-2022
582,851,6,20-10-2022
582,385,7,13-06-2022
582,107,8,02-04-2022
582,199,9,09-07-2022
582,178,10,05-02-2023
582,741,11,14-03-2022
582,827,12,18-06-2022
582,598,13,18-08-2022
582,873,14,16-11-2022
582,468,15,24-12-2022
582,697,16,06-12-2022
582,861,17,08-05-2022
582,183,18,30-11-2022
572,686,1,22-03-2023
572,983,2,28-06-2023
572,717,3,07-12-2022
572,834,4,08-08-2023
572,868,5,16-02-2023
572,771,6,08-10-2023
572,755,7,21-12-2022
572,457,8,28-01-2023
572,582,9,14-12-2022
572,69,10,01-11-2023
572,545,11,21-01-2023
572,34,12,27-10-2023
572,162,13,30-03-2023
572,363,14,02-05-2023
572,977,15,21-05-2023
572,888,16,24-04-2023
572,6,17,02-04-2023
572,727,18,01-10-2023
572,826,19,08-09-2023
572,556,20,09-09-2023
572,0,21,09-11-2023
572,95,22,15-10-2023
572,965,23,02-06-2023
572,838,24,01-11-2023
572,31,25,25-11-2023
572,490,26,09-05-2023
572,133,27,25-06-2023
572,408,28,31-03-2023
572,617,29,14-05-2023
572,990,30,17-01-2023
572,168,31,10-08-2023
572,917,32,12-02-2023
572,278,33,28-10-2023
572,557,34,05-11-2023
572,508,35,20-06-2023
572,435,36,06-03-2023
572,820,37,27-03-2023
572,873,38,30-11-2023
572,642,39,30-04-2023
572,898,40,07-09-2023
572,951,41,03-06-2023
572,944,42,04-08-2023
572,152,43,28-10-2023
576,176,1,16-02-2024
576,982,2,02-08-2024
576,656,3,16-05-2024
576,719,4,22-02-2024
576,667,5,17-06-2024
576,61,6,06-06-2024
576,572,7,26-09-2023
576,245,8,02-05-2024
576,384,9,02-06-2024
576,582,10,12-07-2024
576,401,11,07-10-2023
576,994,12,16-07-2024
576,415,13,19-12-2023
576,398,14,23-02-2024
576,574,15,10-03-2024
576,381,16,12-01-2024
576,316,17,03-04-2024
576,228,18,13-06-2024
576,95,19,16-05-2024
576,497,20,25-09-2023
576,152,21,24-03-2024
576,80,22,13-04-2024
576,697,23,20-01-2024
576,975,24,16-04-2024
576,660,25,09-09-2023
576,963,26,29-04-2024
576,851,27,13-08-2024
576,770,28,21-04-2024
576,432,29,26-01-2024
576,600,30,15-09-2023
576,410,31,14-03-2024
406,550,1,23-06-2024
406,651,2,07-06-2024
406,100,3,05-12-2023
406,713,4,09-02-2024
406,568,5,30-09-2023
406,605,6,23-07-2023
406,136,7,03-10-2023
406,597,8,12-06-2024
406,551,9,04-10-2023
406,3,10,18-05-2024
406,923,11,31-03-2024
406,513,12,29-10-2023
406,210,13,02-11-2023
176,36,1,18-03-2024
176,31,2,02-04-2024
176,119,3,04-10-2023
176,420,4,12-05-2024
176,652,5,22-04-2024
176,545,6,25-08-2023
176,975,7,25-12-2023
176,649,8,16-05-2024
176,626,9,14-11-2023
176,923,10,07-09-2023
176,478,11,21-07-2024
176,597,12,20-10-2023
176,405,13,15-02-2024
176,841,14,24-10-2023
176,512,15,10-10-2023
176,529,16,24-06-2024
176,987,17,24-04-2024
176,812,18,06-06-2024
176,521,19,03-06-2024
326,772,1,25-09-2024
326,731,2,08-10-2024
326,961,3,30-07-2025
326,960,4,13-06-2025
326,148,5,21-10-2024
326,462,6,17-11-2024
326,166,7,25-08-2025
326,34,8,15-07-2025
326,414,9,14-08-2025
326,199,10,16-01-2025
326,100,11,30-10-2024
326,833,12,05-11-2024
326,827,13,16-08-2025
326,684,14,13-09-2024
326,706,15,04-06-2025
326,386,16,09-05-2025
326,583,17,28-02-2025
326,740,18,30-12-2024
326,922,19,19-07-2025
369,366,1,09-03-2022
369,574,2,30-07-2022
369,225,3,09-01-2022
369,180,4,17-04-2022
369,563,5,19-07-2022
369,241,6,10-01-2022
369,979,7,06-04-2022
369,128,8,21-02-2022
369,740,9,23-05-2022
369,798,10,28-01-2022
369,446,11,05-01-2022
369,975,12,02-10-2021
369,763,13,13-09-2022
369,775,14,17-02-2022
369,49,15,22-09-2022
369,942,16,21-09-2022
369,600,17,09-02-2022
369,895,18,31-03-2022
369,541,19,25-12-2021
369,326,20,09-05-2022
369,788,21,24-11-2021
369,398,22,28-08-2022
369,513,23,17-10-2021
369,879,24,17-06-2022
369,700,25,30-06-2022
369,706,26,03-10-2021
369,755,27,08-08-2022
369,544,28,11-04-2022
369,363,29,26-01-2022
369,708,30,25-07-2022
363,557,1,08-12-2022
363,390,2,07-11-2023
363,983,3,08-04-2023
363,521,4,06-10-2023
363,660,5,08-07-2023
363,257,6,02-08-2023
363,782,7,19-06-2023
363,6,8,11-09-2023
363,432,9,10-07-2023
363,820,10,20-07-2023
363,201,11,30-01-2023
363,835,12,05-03-2023
363,674,13,13-06-2023
363,394,14,13-01-2023
363,707,15,17-10-2023
363,241,16,14-01-2023
363,770,17,24-08-2023
363,873,18,22-10-2023
363,657,19,22-12-2022
363,959,20,05-04-2023
363,917,21,18-01-2023
363,122,22,06-03-2023
363,524,23,14-08-2023
363,208,24,01-12-2022
363,559,25,01-08-2023
363,280,26,12-09-2023
363,286,27,26-04-2023
363,516,28,28-04-2023
363,655,29,28-12-2022
363,185,30,20-03-2023
363,398,31,27-01-2023
363,994,32,21-07-2023
363,680,33,16-09-2023
363,409,34,22-06-2023
363,677,35,25-09-2023
363,418,36,02-03-2023
363,334,37,16-01-2023
363,224,38,19-10-2023
363,568,39,11-10-2023
363,346,40,18-07-2023
363,957,41,10-07-2023
363,626,42,18-11-2023
363,531,43,21-02-2023
363,161,44,27-08-2023
363,477,45,10-03-2023
363,466,46,04-10-2023
14,201,1,25-08-2024
14,45,2,03-06-2024
14,357,3,09-04-2024
14,574,4,16-09-2024
14,224,5,02-09-2024
14,413,6,15-10-2024
14,65,7,15-11-2024
14,210,8,28-05-2024
14,627,9,15-09-2024
14,241,10,11-05-2024
14,315,11,27-08-2024
14,6,12,05-03-2024
14,512,13,18-08-2024
14,553,14,29-11-2024
14,624,15,17-11-2024
14,319,16,13-09-2024
14,601,17,21-02-2024
943,282,1,27-09-2023
943,363,2,07-07-2023
943,110,3,28-03-2023
943,440,4,15-01-2023
943,483,5,18-03-2023
943,956,6,14-05-2023
943,52,7,19-06-2023
943,520,8,02-09-2023
943,55,9,26-06-2023
943,983,10,16-08-2023
943,711,11,13-12-2023
943,799,12,03-07-2023
943,787,13,12-10-2023
943,966,14,02-06-2023
943,603,15,22-10-2023
943,508,16,16-09-2023
943,534,17,27-12-2022
943,189,18,26-01-2023
943,366,19,12-04-2023
943,820,20,23-11-2023
943,387,21,13-02-2023
943,605,22,13-12-2023
943,690,23,06-05-2023
943,74,24,31-03-2023
943,823,25,18-11-2023
943,256,26,14-06-2023
943,583,27,06-06-2023
943,72,28,23-11-2023
943,337,29,01-10-2023
943,750,30,06-09-2023
943,903,31,30-07-2023
943,987,32,06-07-2023
943,15,33,18-07-2023
943,801,34,02-10-2023
943,167,35,17-06-2023
943,649,36,26-08-2023
837,770,1,06-10-2022
837,550,2,03-06-2022
837,734,3,05-03-2023
837,413,4,13-09-2022
837,808,5,28-05-2022
837,903,6,22-07-2022
837,282,7,06-11-2022
837,393,8,28-11-2022
837,328,9,23-04-2022
837,743,10,21-08-2022
837,348,11,23-12-2022
837,862,12,19-08-2022
837,118,13,11-06-2022
837,758,14,29-07-2022
837,729,15,17-10-2022
837,509,16,24-10-2022
837,169,17,02-11-2022
837,827,18,28-05-2022
837,474,19,14-01-2023
837,316,20,20-01-2023
837,774,21,24-09-2022
837,185,22,15-03-2023
837,224,23,08-08-2022
837,162,24,21-02-2023
837,272,25,19-01-2023
837,290,26,15-01-2023
837,742,27,14-11-2022
837,5,28,05-06-2022
837,751,29,20-05-2022
837,377,30,21-10-2022
837,959,31,05-03-2023
837,165,32,01-06-2022
837,407,33,15-12-2022
837,457,34,06-06-2022
837,897,35,27-11-2022
837,268,36,16-01-2023
837,931,37,10-05-2022
837,828,38,27-04-2022
837,963,39,31-05-2022
837,51,40,25-03-2023
837,206,41,24-01-2023
837,225,42,07-09-2022
837,799,43,29-05-2022
255,827,1,30-10-2023
255,198,2,27-05-2024
255,430,3,02-12-2023
255,148,4,02-07-2024
255,101,5,26-09-2023
255,245,6,31-03-2024
255,452,7,12-11-2023
255,201,8,30-10-2023
255,57,9,03-03-2024
255,238,10,30-09-2023
255,342,11,05-04-2024
255,257,12,11-09-2023
255,410,13,27-06-2024
255,431,14,01-10-2023
255,119,15,06-02-2024
255,516,16,23-04-2024
255,668,17,13-04-2024
255,272,18,27-02-2024
255,848,19,12-07-2024
255,365,20,15-10-2023
255,206,21,05-08-2024
255,911,22,18-11-2023
255,912,23,12-01-2024
255,375,24,16-05-2024
255,729,25,03-07-2024
255,6,26,03-05-2024
255,582,27,05-02-2024
255,462,28,20-03-2024
255,847,29,20-12-2023
255,135,30,17-06-2024
255,296,31,05-07-2024
255,346,32,27-12-2023
255,353,33,16-09-2023
255,394,34,26-07-2024
255,384,35,13-04-2024
255,588,36,25-08-2024
897,381,1,28-06-2024
897,657,2,08-04-2024
897,959,3,14-03-2024
897,677,4,02-02-2024
897,271,5,04-05-2024
897,617,6,15-04-2024
897,795,7,11-04-2024
897,274,8,10-01-2024
547,278,1,06-07-2023
547,440,2,21-12-2023
547,346,3,21-02-2024
547,192,4,22-07-2023
547,922,5,02-08-2023
547,730,6,06-07-2023
547,341,7,20-01-2024
547,808,8,13-02-2024
547,976,9,10-05-2023
547,452,10,21-02-2024
547,466,11,24-06-2023
547,956,12,14-12-2023
547,961,13,13-04-2023
547,501,14,14-05-2023
547,546,15,30-11-2023
547,189,16,11-11-2023
547,751,17,19-05-2023
547,462,18,01-09-2023
547,562,19,05-12-2023
547,335,20,29-01-2024
547,337,21,23-10-2023
547,959,22,20-09-2023
547,355,23,17-05-2023
547,180,24,13-08-2023
547,957,25,19-06-2023
547,198,26,26-01-2024
547,883,27,05-05-2023
547,81,28,03-12-2023
547,997,29,11-04-2023
547,117,30,11-04-2023
547,134,31,12-05-2023
547,280,32,22-02-2024
547,930,33,08-09-2023
547,774,34,27-05-2023
730,994,1,12-04-2023
730,531,2,09-05-2023
730,792,3,21-08-2023
730,648,4,16-10-2023
730,496,5,07-04-2023
730,946,6,30-12-2022
730,576,7,09-04-2023
730,34,8,04-11-2023
730,290,9,15-10-2023
730,778,10,10-01-2023
730,626,11,19-09-2023
730,864,12,09-11-2023
730,781,13,26-04-2023
730,162,14,28-08-2023
730,67,15,07-10-2023
730,497,16,02-06-2023
730,72,17,24-04-2023
730,81,18,04-02-2023
730,837,19,17-12-2022
730,987,20,08-03-2023
730,326,21,01-01-2023
730,380,22,04-11-2023
730,431,23,09-06-2023
730,185,24,07-01-2023
730,971,25,03-04-2023
730,329,26,29-01-2023
730,316,27,27-12-2022
730,58,28,01-02-2023
730,845,29,22-05-2023
730,725,30,07-01-2023
730,659,31,11-02-2023
730,953,32,05-03-2023
730,602,33,29-06-2023
730,728,34,22-07-2023
730,440,35,24-01-2023
730,199,36,16-03-2023
730,734,37,22-01-2023
730,227,38,16-01-2023
730,143,39,09-10-2023
730,270,40,26-05-2023
730,40,41,24-05-2023
214,828,1,06-06-2021
214,91,2,17-09-2021
214,473,3,28-06-2021
214,199,4,28-05-2021
214,398,5,09-08-2021
214,478,6,27-02-2021
214,776,7,11-10-2021
214,270,8,11-01-2022
214,991,9,25-09-2021
214,156,10,11-10-2021
214,656,11,02-07-2021
214,708,12,29-08-2021
214,678,13,03-06-2021
214,83,14,18-06-2021
214,590,15,04-03-2021
214,737,16,08-07-2021
214,774,17,11-05-2021
214,458,18,11-12-2021
214,90,19,02-09-2021
214,504,20,07-05-2021
214,363,21,28-07-2021
214,80,22,24-04-2021
214,257,23,06-12-2021
214,244,24,20-02-2021
214,348,25,19-11-2021
214,706,26,27-10-2021
214,45,27,13-11-2021
524,205,1,24-12-2024
524,135,2,06-03-2024
524,794,3,22-09-2024
524,405,4,01-07-2024
524,959,5,29-06-2024
524,149,6,31-03-2024
524,446,7,28-02-2024
524,881,8,18-09-2024
524,299,9,04-03-2024
524,711,10,20-12-2024
524,969,11,03-03-2024
524,436,12,17-05-2024
524,359,13,27-11-2024
524,395,14,22-08-2024
524,129,15,30-01-2025
524,137,16,13-01-2025
524,566,17,31-01-2025
524,944,18,12-07-2024
524,935,19,23-03-2024
524,864,20,17-01-2025
524,361,21,28-08-2024
524,117,22,13-08-2024
524,962,23,30-01-2025
524,883,24,23-08-2024
524,441,25,01-06-2024
524,233,26,31-03-2024
524,764,27,17-06-2024
524,735,28,22-07-2024
524,290,29,15-10-2024
524,103,30,25-11-2024
524,829,31,28-01-2025
524,706,32,05-04-2024
524,817,33,11-07-2024
524,828,34,26-01-2025
524,344,35,19-10-2024
524,856,36,11-01-2025
524,624,37,06-02-2025
524,565,38,05-08-2024
524,597,39,05-04-2024
524,878,40,26-07-2024
524,304,41,31-12-2024
524,835,42,27-03-2024
524,931,43,20-07-2024
754,43,1,13-10-2021
754,713,2,30-01-2022
754,363,3,05-12-2021
754,129,4,01-01-2022
754,657,5,07-10-2021
754,161,6,10-02-2022
754,983,7,30-05-2021
754,745,8,27-12-2021
754,83,9,30-04-2021
754,167,10,02-07-2021
754,469,11,30-09-2021
754,885,12,10-10-2021
754,434,13,15-08-2021
754,99,14,24-03-2021
754,848,15,02-03-2022
754,6,16,18-08-2021
754,387,17,30-11-2021
754,871,18,30-05-2021
754,812,19,26-11-2021
754,15,20,23-07-2021
754,491,21,20-05-2021
754,119,22,28-10-2021
754,677,23,24-08-2021
754,883,24,29-03-2021
754,862,25,01-11-2021
754,405,26,25-09-2021
754,700,27,26-02-2022
754,473,28,13-04-2021
754,447,29,08-03-2022
754,927,30,15-02-2022
754,835,31,08-02-2022
754,820,32,24-01-2022
754,335,33,04-01-2022
754,959,34,07-02-2022
754,521,35,20-10-2021
754,110,36,08-08-2021
754,474,37,28-11-2021
754,923,38,31-12-2021
754,842,39,07-01-2022
754,826,40,04-08-2021
754,117,41,04-11-2021
754,932,42,07-07-2021
754,771,43,14-03-2022
754,505,44,12-06-2021
754,355,45,08-10-2021
754,546,46,25-08-2021
754,686,47,06-06-2021
754,597,48,30-05-2021
754,584,49,22-08-2021
972,778,1,03-05-2023
972,584,2,18-01-2023
972,598,3,13-09-2023
972,5,4,22-10-2023
972,990,5,21-01-2023
972,316,6,08-02-2023
972,97,7,06-02-2023
972,65,8,16-02-2023
972,542,9,01-07-2023
972,161,10,15-03-2023
972,176,11,27-07-2023
972,728,12,01-07-2023
972,326,13,16-04-2023
972,525,14,06-07-2023
972,897,15,20-09-2023
972,469,16,26-03-2023
972,142,17,19-11-2023
972,379,18,26-11-2023
972,100,19,16-05-2023
76,944,1,27-09-2025
76,720,2,19-06-2025
76,667,3,11-08-2025
76,14,4,24-04-2025
76,600,5,15-09-2025
76,781,6,13-12-2024
76,710,7,10-11-2024
76,199,8,26-04-2025
76,751,9,03-04-2025
76,935,10,02-06-2025
76,769,11,01-09-2025
76,0,12,28-01-2025
76,407,13,14-07-2025
76,212,14,24-11-2024
76,68,15,18-07-2025
76,582,16,06-12-2024
76,969,17,21-07-2025
76,342,18,25-06-2025
76,239,19,06-11-2024
76,380,20,16-10-2025
76,1000,21,07-09-2025
76,394,22,18-06-2025
76,706,23,14-08-2025
76,419,24,12-01-2025
76,629,25,12-09-2025
76,197,26,02-11-2025
76,648,27,15-07-2025
76,806,28,27-03-2025
76,26,29,27-11-2024
76,792,30,25-06-2025
76,94,31,02-10-2025
76,217,32,27-04-2025
76,198,33,01-10-2025
76,605,34,24-09-2025
76,518,35,26-10-2025
76,580,36,11-04-2025
76,398,37,17-10-2025
76,58,38,17-10-2025
76,895,39,16-08-2025
76,362,40,21-11-2024
76,813,41,17-12-2024
76,454,42,07-04-2025
76,316,43,24-10-2025
76,868,44,22-06-2025
76,358,45,15-09-2025
76,956,46,16-06-2025
76,534,47,08-06-2025
75,40,1,17-12-2022
75,976,2,02-08-2022
75,590,3,07-08-2022
75,671,4,14-12-2022
75,439,5,10-10-2022
75,475,6,17-11-2022
75,456,7,20-04-2022
75,115,8,12-12-2022
75,833,9,12-10-2022
75,638,10,03-08-2022
75,235,11,01-09-2022
75,228,12,11-10-2022
75,770,13,21-08-2022
75,334,14,18-01-2023
75,598,15,09-10-2022
75,940,16,15-02-2023
75,726,17,06-06-2022
75,660,18,30-09-2022
75,748,19,10-05-2022
75,342,20,11-10-2022
75,267,21,22-08-2022
75,853,22,23-08-2022
75,203,23,03-07-2022
75,390,24,27-09-2022
75,422,25,04-12-2022
75,59,26,18-02-2023
75,318,27,09-09-2022
75,847,28,15-07-2022
75,86,29,09-01-2023
75,764,30,26-06-2022
75,925,31,04-07-2022
75,612,32,13-06-2022
75,309,33,10-11-2022
264,204,1,27-08-2024
264,706,2,26-04-2025
264,854,3,25-12-2024
264,468,4,13-08-2024
264,734,5,30-09-2024
264,402,6,16-11-2024
264,684,7,01-03-2025
264,90,8,07-09-2024
264,999,9,21-07-2025
264,576,10,04-04-2025
264,36,11,27-07-2025
264,183,12,13-04-2025
264,470,13,05-08-2025
264,504,14,05-07-2025
264,730,15,29-07-2025
264,451,16,02-10-2024
264,140,17,01-11-2024
264,455,18,17-09-2024
264,301,19,18-10-2024
264,457,20,19-12-2024
264,656,21,14-01-2025
264,185,22,14-04-2025
264,58,23,01-12-2024
264,820,24,27-01-2025
264,837,25,01-01-2025
264,266,26,03-08-2025
264,69,27,25-02-2025
264,664,28,29-11-2024
264,362,29,30-10-2024
264,903,30,20-01-2025
264,188,31,31-08-2024
264,65,32,17-12-2024
264,836,33,05-03-2025
264,626,34,10-09-2024
264,766,35,07-03-2025
264,944,36,19-05-2025
264,720,37,10-01-2025
264,868,38,09-04-2025
264,928,39,05-05-2025
264,983,40,10-02-2025
117,707,1,15-04-2022
117,751,2,14-02-2022
117,115,3,23-02-2022
117,989,4,17-03-2022
117,217,5,01-09-2021
117,983,6,09-04-2022
117,432,7,28-06-2022
117,663,8,14-12-2021
117,430,9,09-11-2021
117,385,10,04-06-2022
117,199,11,19-12-2021
117,727,12,02-10-2021
117,883,13,13-01-2022
117,551,14,06-09-2021
117,181,15,07-03-2022
117,612,16,09-01-2022
117,682,17,28-05-2022
9,266,1,11-01-2021
9,409,2,07-04-2021
9,795,3,23-10-2021
9,439,4,19-05-2021
9,976,5,28-03-2021
9,341,6,26-09-2021
9,15,7,07-09-2021
9,139,8,30-05-2021
9,730,9,25-08-2021
9,435,10,21-06-2021
9,726,11,02-09-2021
9,72,12,17-05-2021
9,239,13,28-07-2021
9,556,14,09-02-2021
9,118,15,27-05-2021
9,903,16,30-01-2021
9,45,17,31-08-2021
9,749,18,30-07-2021
9,708,19,15-10-2021
9,978,20,20-05-2021
9,346,21,06-06-2021
9,987,22,07-02-2021
9,668,23,05-01-2022
9,686,24,13-11-2021
9,953,25,20-06-2021
9,325,26,01-01-2022
9,267,27,15-12-2021
9,719,28,11-03-2021
9,491,29,14-05-2021
9,117,30,21-03-2021
9,744,31,01-12-2021
9,940,32,08-01-2022
9,477,33,09-09-2021
9,340,34,15-09-2021
9,410,35,18-08-2021
9,136,36,30-01-2021
979,3,1,13-12-2023
979,91,2,19-05-2023
979,808,3,20-03-2023
979,20,4,25-08-2023
979,741,5,30-04-2023
979,211,6,20-10-2023
979,440,7,07-05-2023
979,848,8,10-03-2023
979,373,9,11-04-2023
979,235,10,17-03-2023
979,778,11,29-12-2023
583,466,1,18-07-2022
583,200,2,01-01-2022
583,633,3,06-09-2022
583,809,4,08-04-2022
583,278,5,03-10-2022
583,455,6,03-10-2022
583,132,7,01-02-2022
583,359,8,18-10-2022
583,725,9,22-03-2022
583,430,10,20-03-2022
583,828,11,06-11-2022
583,898,12,27-02-2022
583,617,13,16-11-2022
583,490,14,21-02-2022
583,417,15,18-08-2022
583,474,16,02-03-2022
583,684,17,11-07-2022
583,576,18,26-08-2022
583,730,19,24-07-2022
583,744,20,03-09-2022
583,206,21,11-11-2022
583,895,22,24-11-2022
583,143,23,31-08-2022
583,357,24,19-10-2022
583,571,25,27-02-2022
583,257,26,19-04-2022
747,706,1,17-09-2024
747,361,2,20-04-2024
747,394,3,13-06-2024
747,842,4,04-10-2023
747,512,5,13-04-2024
747,999,6,27-03-2024
747,772,7,05-09-2024
747,241,8,09-02-2024
747,363,9,18-08-2024
747,31,10,08-06-2024
747,319,11,20-06-2024
747,982,12,31-12-2023
747,335,13,26-02-2024
747,960,14,14-02-2024
747,311,15,24-04-2024
747,521,16,01-02-2024
747,820,17,20-05-2024
747,705,18,29-11-2023
747,838,19,01-08-2024
747,977,20,21-06-2024
747,863,21,10-02-2024
747,889,22,12-08-2024
747,445,23,20-01-2024
747,135,24,07-04-2024
747,4,25,03-04-2024
747,274,26,13-08-2024
747,160,27,27-12-2023
747,244,28,03-04-2024
747,393,29,01-08-2024
747,189,30,08-02-2024
747,978,31,23-09-2024
747,584,32,30-01-2024
686,770,1,07-06-2024
686,990,2,07-11-2023
686,994,3,08-03-2024
686,76,4,28-09-2023
686,451,5,22-04-2024
686,589,6,13-12-2023
160,101,1,07-12-2023
160,834,2,01-03-2024
160,161,3,27-05-2024
160,521,4,30-09-2023
160,868,5,18-07-2024
160,393,6,17-04-2024
160,274,7,26-06-2024
160,957,8,08-01-2024
160,659,9,16-04-2024
160,414,10,14-05-2024
160,366,11,12-06-2024
160,94,12,12-07-2024
160,719,13,31-07-2024
160,266,14,15-11-2023
160,971,15,22-10-2023
160,727,16,07-06-2024
160,422,17,17-09-2024
160,766,18,23-10-2023
160,304,19,15-06-2024
160,90,20,02-05-2024
160,316,21,13-10-2023
160,256,22,09-05-2024
160,221,23,16-11-2023
160,303,24,26-05-2024
160,334,25,18-08-2024
160,857,26,13-12-2023
160,400,27,26-05-2024
160,5,28,16-03-2024
160,835,29,12-04-2024
160,289,30,27-08-2024
160,763,31,14-02-2024
160,188,32,28-11-2023
160,357,33,17-01-2024
160,496,34,28-05-2024
160,475,35,20-12-2023
160,335,36,31-05-2024
160,432,37,29-05-2024
160,826,38,04-09-2024
160,885,39,02-07-2024
160,583,40,23-07-2024
160,95,41,16-11-2023
160,420,42,26-11-2023
160,34,43,13-12-2023
160,734,44,18-06-2024
160,923,45,02-05-2024
160,173,46,08-12-2023
150,936,1,07-06-2024
150,166,2,27-03-2024
150,730,3,23-03-2024
150,749,4,04-03-2024
150,335,5,01-02-2024
150,645,6,04-09-2024
150,928,7,03-09-2024
150,848,8,14-05-2024
150,946,9,15-12-2024
150,722,10,11-06-2024
150,674,11,18-02-2024
150,594,12,21-06-2024
150,303,13,18-10-2024
150,394,14,22-10-2024
150,783,15,19-12-2024
150,282,16,10-04-2024
150,994,17,11-05-2024
150,157,18,03-07-2024
150,72,19,02-05-2024
150,649,20,02-12-2024
150,823,21,11-02-2024
150,707,22,31-12-2023
150,524,23,08-09-2024
150,701,24,21-10-2024
150,32,25,24-05-2024
150,199,26,15-10-2024
150,268,27,25-08-2024
150,388,28,26-09-2024
150,385,29,21-07-2024
150,309,30,19-04-2024
150,971,31,08-07-2024
150,387,32,03-12-2024
150,291,33,13-06-2024
150,751,34,17-03-2024
150,584,35,28-05-2024
150,989,36,15-05-2024
150,143,37,04-11-2024
150,2,38,20-05-2024
150,678,39,13-11-2024
150,454,40,26-04-2024
150,101,41,03-09-2024
150,944,42,03-12-2024
150,63,43,01-11-2024
150,380,44,24-03-2024
150,550,45,22-02-2024
150,597,46,27-02-2024
150,358,47,07-12-2024
150,822,48,29-10-2024
150,728,49,01-10-2024
489,660,1,07-05-2024
489,369,2,04-09-2024
489,178,3,22-02-2024
489,457,4,01-03-2024
489,960,5,12-03-2024
489,550,6,22-05-2024
489,513,7,16-11-2023
489,86,8,22-09-2023
489,284,9,11-08-2024
489,381,10,01-11-2023
371,99,1,09-08-2024
371,751,2,30-12-2024
371,960,3,07-10-2024
371,454,4,08-08-2024
371,743,5,13-06-2024
371,782,6,18-09-2024
371,836,7,09-02-2025
371,730,8,15-12-2024
371,734,9,13-07-2024
371,888,10,31-12-2024
371,684,11,20-05-2024
371,363,12,18-07-2024
371,206,13,16-06-2024
371,327,14,10-04-2025
371,512,15,19-09-2024
371,997,16,26-10-2024
371,197,17,10-12-2024
371,34,18,02-08-2024
371,6,19,24-05-2024
371,227,20,21-10-2024
371,261,21,02-08-2024
371,462,22,10-11-2024
371,217,23,18-07-2024
371,881,24,07-02-2025
371,659,25,01-05-2025
371,729,26,28-10-2024
371,995,27,26-12-2024
371,417,28,14-09-2024
371,385,29,02-05-2025
371,823,30,06-02-2025
371,83,31,21-05-2024
371,199,32,24-07-2024
841,856,1,09-09-2023
841,762,2,15-05-2023
841,881,3,30-03-2023
841,930,4,10-06-2023
841,235,5,01-09-2023
841,169,6,19-10-2023
841,213,7,07-12-2023
841,649,8,16-10-2023
841,432,9,05-12-2023
841,357,10,05-04-2023
841,619,11,02-04-2023
841,267,12,26-04-2023
841,72,13,22-04-2023
841,222,14,17-10-2023
841,366,15,08-11-2023
841,654,16,31-07-2023
841,605,17,05-12-2023
841,417,18,23-10-2023
841,908,19,19-11-2023
841,765,20,18-10-2023
841,749,21,06-02-2024
841,971,22,02-01-2024
841,111,23,25-11-2023
841,364,24,09-05-2023
841,474,25,08-07-2023
841,492,26,07-03-2024
841,921,27,31-12-2023
841,301,28,14-11-2023
841,590,29,30-09-2023
841,987,30,08-05-2023
841,743,31,05-11-2023
841,157,32,14-08-2023
306,169,1,03-08-2022
306,953,2,06-05-2023
306,311,3,28-02-2023
306,669,4,04-11-2022
306,182,5,10-02-2023
306,5,6,30-03-2023
306,672,7,27-04-2023
306,140,8,30-08-2022
306,142,9,28-01-2023
306,391,10,03-01-2023
306,390,11,27-09-2022
306,213,12,30-11-2022
306,857,13,13-02-2023
306,363,14,24-02-2023
306,707,15,26-07-2022
306,440,16,29-09-2022
306,868,17,29-04-2023
306,433,18,03-05-2023
306,590,19,17-07-2022
306,728,20,21-11-2022
306,873,21,13-10-2022
306,138,22,19-04-2023
306,617,23,13-11-2022
306,556,24,05-07-2022
306,198,25,04-08-2022
306,324,26,18-01-2023
306,212,27,14-07-2022
306,17,28,23-07-2022
306,373,29,28-02-2023
306,531,30,30-04-2023
306,659,31,03-09-2022
306,370,32,11-06-2022
306,222,33,17-04-2023
306,895,34,22-11-2022
306,225,35,24-04-2023
306,557,36,28-07-2022
306,117,37,23-09-2022
306,224,38,03-07-2022
306,161,39,08-10-2022
306,976,40,22-06-2022
306,289,41,04-06-2022
306,994,42,31-05-2022
306,944,43,17-06-2022
306,400,44,23-10-2022
306,34,45,21-06-2022
306,834,46,17-10-2022
306,458,47,27-01-2023
306,238,48,09-07-2022
329,762,1,26-07-2023
329,758,2,31-12-2022
329,362,3,14-01-2023
329,529,4,19-09-2023
329,272,5,29-08-2023
329,34,6,25-02-2023
329,782,7,25-02-2023
329,265,8,03-10-2023
329,669,9,27-11-2022
329,868,10,06-05-2023
329,94,11,29-07-2023
329,633,12,11-06-2023
329,183,13,29-07-2023
329,674,14,22-02-2023
329,7,15,30-07-2023
329,999,16,22-10-2023
329,940,17,20-04-2023
329,14,18,27-12-2022
329,161,19,09-09-2023
329,568,20,21-07-2023
329,833,21,09-10-2023
329,476,22,26-04-2023
329,4,23,24-05-2023
329,847,24,21-11-2022
329,889,25,16-01-2023
329,583,26,21-08-2023
329,114,27,12-05-2023
329,828,28,21-08-2023
329,358,29,18-08-2023
329,70,30,12-12-2022
329,629,31,05-08-2023
329,738,32,06-10-2023
329,103,33,17-06-2023
329,471,34,28-09-2023
329,707,35,25-02-2023
329,417,36,15-05-2023
329,668,37,08-10-2023
329,401,38,09-04-2023
329,162,39,25-02-2023
329,440,40,29-12-2022
329,277,41,07-02-2023
329,413,42,17-09-2023
329,392,43,21-03-2023
329,210,44,28-07-2023
329,844,45,22-09-2023
329,100,46,08-04-2023
329,975,47,23-01-2023
329,110,48,01-04-2023
529,188,1,11-07-2023
529,183,2,02-09-2023
529,329,3,16-05-2023
529,518,4,13-01-2023
529,261,5,13-02-2023
529,357,6,17-10-2022
529,274,7,10-01-2023
529,409,8,01-02-2023
529,206,9,24-07-2023
529,965,10,04-08-2023
529,979,11,21-04-2023
529,907,12,05-10-2022
529,516,13,03-12-2022
529,34,14,11-06-2023
529,366,15,21-02-2023
529,883,16,02-03-2023
529,103,17,17-11-2022
529,238,18,08-04-2023
529,944,19,20-01-2023
529,677,20,17-11-2022
529,420,21,21-12-2022
529,699,22,18-05-2023
529,272,23,15-03-2023
529,700,24,12-07-2023
192,417,1,20-02-2023
192,486,2,18-04-2023
192,461,3,07-09-2022
192,50,4,03-10-2022
192,428,5,13-07-2022
192,95,6,07-04-2023
192,833,7,29-07-2022
192,735,8,06-07-2022
192,649,9,22-12-2022
192,564,10,16-11-2022
192,66,11,28-03-2023
192,58,12,13-12-2022
192,754,13,13-04-2023
192,149,14,19-12-2022
192,944,15,21-01-2023
192,420,16,25-07-2022
192,529,17,10-08-2022
192,614,18,30-11-2022
192,100,19,16-08-2022
192,362,20,12-10-2022
192,742,21,30-07-2022
192,966,22,08-11-2022
192,49,23,31-03-2023
192,846,24,25-07-2022
192,842,25,08-12-2022
192,287,26,28-04-2023
192,692,27,09-08-2022
192,809,28,12-12-2022
192,357,29,29-04-2023
192,686,30,29-06-2022
192,720,31,05-01-2023
192,90,32,17-06-2022
192,922,33,25-08-2022
192,118,34,13-12-2022
859,110,1,05-03-2023
859,507,2,11-09-2022
859,947,3,28-11-2022
859,203,4,17-03-2023
859,737,5,11-11-2022
859,368,6,12-05-2023
859,977,7,01-06-2023
859,377,8,23-07-2023
859,556,9,24-07-2023
859,999,10,08-11-2022
859,513,11,15-11-2022
859,101,12,09-06-2023
859,791,13,06-01-2023
859,951,14,11-10-2022
859,700,15,06-09-2022
10,31,1,13-09-2022
10,861,2,08-09-2022
10,57,3,23-06-2023
10,198,4,28-07-2022
10,750,5,24-01-2023
10,910,6,22-07-2022
10,375,7,21-05-2023
10,494,8,07-12-2022
10,492,9,27-06-2023
10,455,10,03-04-2023
10,432,11,27-09-2022
10,58,12,06-01-2023
10,706,13,05-03-2023
10,319,14,12-04-2023
10,959,15,13-07-2023
10,612,16,23-02-2023
10,634,17,06-09-2022
10,473,18,09-11-2022
10,451,19,11-08-2022
10,838,20,07-09-2022
10,576,21,16-07-2023
10,127,22,14-08-2022
10,361,23,04-08-2022
10,541,24,15-05-2023
10,590,25,21-04-2023
10,895,26,10-11-2022
10,611,27,30-10-2022
10,413,28,21-05-2023
10,454,29,28-02-2023
10,330,30,03-07-2023
10,486,31,18-01-2023
10,467,32,03-04-2023
848,898,1,05-07-2021
848,654,2,11-01-2022
848,982,3,20-08-2021
848,700,4,13-01-2022
848,362,5,23-09-2021
848,81,6,12-01-2022
848,962,7,04-08-2021
848,820,8,01-04-2022
848,342,9,07-05-2022
848,224,10,13-05-2022
848,201,11,31-12-2021
848,316,12,26-03-2022
848,153,13,26-07-2021
848,522,14,24-04-2022
848,627,15,26-12-2021
848,198,16,13-01-2022
848,343,17,16-04-2022
848,221,18,09-05-2022
848,50,19,12-12-2021
848,563,20,08-07-2021
848,853,21,24-11-2021
848,720,22,25-04-2022
848,735,23,12-03-2022
848,381,24,11-06-2022
848,766,25,22-09-2021
848,188,26,10-05-2022
848,520,27,23-09-2021
848,534,28,11-02-2022
848,172,29,12-04-2022
623,105,1,27-03-2025
623,546,2,12-05-2024
623,598,3,09-06-2024
623,817,4,12-12-2024
623,574,5,12-08-2024
623,960,6,29-11-2024
623,397,7,11-01-2025
623,183,8,04-03-2025
623,256,9,12-03-2025
623,370,10,08-11-2024
623,100,11,30-07-2024
623,252,12,21-06-2024
623,208,13,28-05-2024
623,742,14,13-12-2024
623,890,15,05-05-2024
623,51,16,03-11-2024
623,85,17,22-04-2025
623,506,18,12-11-2024
623,143,19,26-03-2025
623,491,20,04-10-2024
623,267,21,22-07-2024
623,715,22,17-05-2024
623,218,23,03-03-2025
623,45,24,11-07-2024
623,483,25,14-09-2024
623,101,26,30-08-2024
623,206,27,02-01-2025
623,726,28,19-07-2024
623,749,29,13-06-2024
623,203,30,13-07-2024
623,409,31,26-05-2024
623,594,32,05-02-2025
623,90,33,09-09-2024
623,888,34,13-09-2024
623,624,35,06-06-2024
623,341,36,02-02-2025
623,793,37,15-06-2024
623,901,38,09-01-2025
623,828,39,03-03-2025
623,972,40,21-04-2025
623,615,41,21-01-2025
623,834,42,07-09-2024
623,719,43,16-12-2024
888,521,1,22-11-2024
888,446,2,23-12-2024
888,742,3,17-12-2024
888,862,4,15-10-2024
888,199,5,28-12-2024
888,910,6,28-09-2024
888,826,7,23-06-2024
888,995,8,28-10-2024
888,978,9,17-03-2024
888,370,10,22-08-2024
888,337,11,27-06-2024
888,117,12,04-04-2024
888,425,13,21-05-2024
888,801,14,05-07-2024
888,472,15,17-12-2024
888,700,16,17-09-2024
888,537,17,24-01-2024
888,552,18,19-08-2024
888,505,19,28-07-2024
888,393,20,25-04-2024
888,660,21,15-09-2024
888,153,22,07-04-2024
888,63,23,13-05-2024
888,385,24,01-05-2024
888,744,25,25-05-2024
888,290,26,12-09-2024
888,447,27,23-06-2024
888,898,28,07-06-2024
888,360,29,06-01-2025
888,520,30,17-12-2024
888,944,31,17-03-2024
888,697,32,17-08-2024
888,951,33,06-10-2024
888,457,34,25-11-2024
888,274,35,14-11-2024
888,677,36,23-12-2024
888,663,37,29-01-2024
294,828,1,27-10-2022
294,466,2,05-05-2023
294,271,3,24-11-2022
294,151,4,10-12-2022
294,167,5,01-12-2022
864,267,1,23-10-2024
864,949,2,05-10-2025
864,7,3,02-10-2025
864,331,4,04-02-2025
864,218,5,04-03-2025
864,239,6,07-12-2024
864,183,7,07-12-2024
864,534,8,12-01-2025
864,731,9,24-12-2024
864,4,10,09-01-2025
864,66,11,28-11-2024
864,217,12,24-05-2025
864,74,13,13-12-2024
864,776,14,31-05-2025
864,722,15,01-05-2025
864,646,16,22-06-2025
864,405,17,01-04-2025
864,848,18,18-12-2024
864,562,19,07-07-2025
864,496,20,06-02-2025
864,123,21,27-06-2025
864,384,22,04-05-2025
864,589,23,13-04-2025
864,57,24,12-11-2024
864,482,25,20-06-2025
864,492,26,05-11-2024
864,225,27,09-07-2025
864,94,28,30-08-2025
864,14,29,06-11-2024
864,333,30,31-01-2025
864,583,31,11-06-2025
457,423,1,18-11-2024
457,99,2,30-09-2024
457,331,3,24-10-2024
457,667,4,23-08-2024
457,274,5,03-02-2025
457,187,6,21-05-2025
457,516,7,27-05-2025
457,993,8,04-08-2024
457,576,9,19-07-2024
457,864,10,29-08-2024
457,327,11,10-09-2024
457,956,12,25-03-2025
457,256,13,26-07-2024
457,225,14,12-12-2024
457,626,15,22-08-2024
457,434,16,19-06-2024
457,978,17,29-05-2025
283,0,1,16-10-2021
283,590,2,15-05-2021
283,699,3,06-11-2021
283,375,4,25-05-2021
283,916,5,03-06-2021
283,387,6,29-12-2021
283,627,7,12-12-2021
283,501,8,21-01-2022
283,956,9,14-04-2021
283,571,10,08-12-2021
283,838,11,27-06-2021
283,45,12,07-04-2021
283,512,13,30-05-2021
283,101,14,11-12-2021
283,303,15,27-10-2021
283,244,16,22-10-2021
283,34,17,21-09-2021
283,857,18,28-07-2021
283,136,19,21-07-2021
283,322,20,27-07-2021
283,187,21,04-09-2021
283,69,22,05-11-2021
283,908,23,29-06-2021
283,678,24,23-01-2022
283,577,25,17-10-2021
283,95,26,07-04-2021
283,413,27,08-09-2021
283,257,28,28-02-2021
283,331,29,20-04-2021
283,183,30,24-06-2021
283,734,31,18-08-2021
283,861,32,16-12-2021
283,531,33,29-06-2021
283,950,34,04-08-2021
283,605,35,19-05-2021
283,99,36,01-08-2021
283,708,37,15-07-2021
283,362,38,13-08-2021
283,594,39,11-10-2021
283,400,40,12-12-2021
283,275,41,23-11-2021
283,469,42,10-03-2021
283,944,43,06-02-2022
283,90,44,12-04-2021
283,580,45,01-09-2021
197,414,1,28-10-2022
197,363,2,10-03-2023
197,183,3,13-05-2023
197,910,4,16-02-2023
197,711,5,04-12-2022
197,456,6,06-08-2022
197,664,7,28-03-2023
151,368,1,23-04-2023
151,828,2,17-09-2023
151,960,3,21-04-2023
151,557,4,11-01-2023
151,853,5,15-10-2023
151,94,6,21-03-2023
151,589,7,17-08-2023
151,719,8,18-02-2023
151,409,9,23-05-2023
151,80,10,09-03-2023
151,290,11,16-02-2023
151,363,12,04-01-2023
151,764,13,23-01-2023
151,673,14,31-07-2023
151,210,15,13-06-2023
151,258,16,19-09-2023
151,162,17,08-11-2022
151,808,18,19-10-2023
151,584,19,13-08-2023
151,185,20,18-02-2023
151,668,21,22-11-2022
151,726,22,16-08-2023
151,289,23,03-10-2023
151,310,24,20-09-2023
151,891,25,15-04-2023
151,553,26,15-02-2023
151,516,27,07-05-2023
151,664,28,19-10-2023
151,361,29,13-05-2023
151,657,30,01-12-2022
151,331,31,22-05-2023
151,117,32,06-09-2023
151,638,33,29-04-2023
151,942,34,25-03-2023
151,772,35,24-07-2023
151,796,36,09-11-2022
151,815,37,07-01-2023
151,402,38,12-07-2023
151,615,39,05-06-2023
151,944,40,22-08-2023
151,383,41,26-10-2023
151,36,42,15-07-2023
151,910,43,01-11-2022
961,139,1,21-06-2024
961,90,2,19-08-2023
961,897,3,31-08-2023
961,63,4,14-02-2024
961,341,5,08-12-2023
961,217,6,21-12-2023
961,955,7,17-11-2023
961,960,8,02-11-2023
961,576,9,21-08-2023
961,617,10,17-04-2024
965,931,1,02-09-2024
965,206,2,09-02-2024
965,589,3,10-10-2024
965,594,4,17-10-2024
965,748,5,24-05-2024
965,526,6,01-06-2024
965,842,7,23-08-2024
965,447,8,05-02-2024
965,700,9,19-07-2024
965,399,10,06-06-2024
965,189,11,15-12-2024
965,509,12,10-12-2024
756,23,1,13-03-2025
756,556,2,11-11-2024
756,657,3,26-12-2024
756,188,4,20-06-2025
756,678,5,24-01-2025
756,245,6,23-04-2025
756,944,7,19-01-2025
756,87,8,24-07-2025
756,329,9,02-09-2025
756,663,10,20-07-2025
756,783,11,01-11-2024
756,883,12,05-07-2025
756,183,13,30-01-2025
756,457,14,22-12-2024
756,388,15,20-02-2025
756,630,16,04-08-2025
756,355,17,05-08-2025
756,143,18,19-01-2025
756,34,19,16-10-2024
756,193,20,09-08-2025
756,990,21,13-04-2025
756,810,22,14-04-2025
756,680,23,07-06-2025
756,681,24,30-08-2025
756,928,25,17-09-2025
756,799,26,23-10-2024
756,521,27,11-11-2024
756,758,28,19-08-2025
756,720,29,10-03-2025
756,160,30,14-01-2025
756,311,31,22-09-2025
685,649,1,31-10-2023
685,135,2,23-10-2023
685,226,3,02-03-2024
685,185,4,11-07-2023
685,173,5,25-05-2023
685,261,6,25-05-2023
685,754,7,04-07-2023
685,815,8,26-07-2023
685,316,9,11-05-2023
685,775,10,13-06-2023
685,821,11,31-07-2023
685,551,12,25-07-2023
685,661,13,20-10-2023
725,562,1,18-08-2024
725,199,2,27-02-2025
725,782,3,13-07-2025
725,362,4,17-10-2024
725,981,5,27-12-2024
725,885,6,10-04-2025
725,774,7,12-03-2025
725,987,8,08-02-2025
725,483,9,22-04-2025
725,675,10,20-11-2024
725,565,11,28-07-2025
725,183,12,06-11-2024
725,265,13,12-02-2025
725,994,14,10-11-2024
725,910,15,16-04-2025
725,129,16,13-03-2025
725,361,17,05-08-2025
725,827,18,17-04-2025
725,435,19,15-12-2024
725,30,20,15-08-2024
725,179,21,07-11-2024
725,674,22,09-01-2025
725,842,23,03-02-2025
725,739,24,10-03-2025
725,170,25,27-04-2025
725,353,26,10-11-2024
725,359,27,27-04-2025
725,995,28,18-02-2025
725,134,29,31-10-2024
725,959,30,27-12-2024
725,201,31,27-07-2025
725,470,32,15-12-2024
725,346,33,02-08-2025
725,477,34,16-06-2025
725,727,35,20-07-2025
725,106,36,29-03-2025
725,754,37,22-07-2025
725,274,38,17-06-2025
725,856,39,31-08-2024
725,925,40,29-09-2024
725,405,41,24-12-2024
929,34,1,31-08-2024
929,413,2,19-04-2024
929,107,3,03-07-2024
929,697,4,01-08-2024
929,6,5,12-12-2024
929,956,6,02-06-2024
929,108,7,25-12-2024
929,348,8,04-05-2024
929,357,9,24-04-2024
929,589,10,08-11-2024
929,430,11,23-06-2024
929,959,12,17-01-2025
929,162,13,04-05-2024
929,261,14,23-11-2024
929,516,15,09-05-2024
929,114,16,13-08-2024
929,483,17,21-02-2025
929,129,18,15-03-2025
929,331,19,13-08-2024
929,914,20,12-04-2024
929,911,21,03-05-2024
929,811,22,27-07-2024
929,40,23,29-01-2025
929,304,24,07-04-2024
929,856,25,22-02-2025
929,212,26,26-11-2024
929,491,27,26-04-2024
929,172,28,19-04-2024
929,605,29,25-04-2024
929,823,30,14-06-2024
929,836,31,01-02-2025
929,156,32,19-11-2024
929,594,33,19-07-2024
929,362,34,28-10-2024
929,23,35,28-10-2024
929,417,36,22-12-2024
929,359,37,24-05-2024
858,245,1,21-06-2022
858,7,2,11-10-2022
858,496,3,10-05-2022
858,181,4,30-04-2023
858,57,5,17-03-2023
858,97,6,04-07-2022
858,113,7,22-02-2023
858,530,8,05-07-2022
858,574,9,17-01-2023
858,304,10,04-11-2022
858,516,11,12-10-2022
858,398,12,12-06-2022
858,409,13,22-07-2022
858,911,14,21-02-2023
858,966,15,22-07-2022
858,828,16,02-04-2023
858,612,17,25-07-2022
858,301,18,18-01-2023
858,357,19,28-01-2023
858,72,20,08-03-2023
858,185,21,14-07-2022
858,436,22,15-12-2022
858,499,23,19-10-2022
858,940,24,14-12-2022
858,430,25,27-10-2022
858,908,26,17-01-2023
858,827,27,04-12-2022
858,994,28,12-11-2022
858,454,29,15-11-2022
858,296,30,09-12-2022
858,265,31,02-08-2022
858,385,32,22-08-2022
858,572,33,05-04-2023
858,142,34,28-02-2023
858,746,35,27-05-2022
858,483,36,24-06-2022
858,343,37,12-07-2022
858,739,38,01-10-2022
858,731,39,18-02-2023
858,656,40,13-07-2022
858,509,41,13-05-2022
858,201,42,09-08-2022
858,898,43,26-04-2023
858,702,44,10-08-2022
858,234,45,22-08-2022
858,338,46,18-09-2022
161,311,1,23-05-2024
161,629,2,01-08-2024
161,978,3,15-09-2024
161,525,4,09-04-2024
161,895,5,16-05-2024
161,723,6,11-03-2025
161,435,7,02-12-2024
161,743,8,10-01-2025
161,118,9,17-07-2024
161,261,10,28-04-2024
161,327,11,11-10-2024
161,320,12,04-03-2025
161,734,13,24-03-2025
161,50,14,02-06-2024
161,660,15,02-06-2024
161,151,16,08-01-2025
161,105,17,31-07-2024
161,964,18,06-01-2025
161,342,19,10-05-2024
161,149,20,03-01-2025
161,932,21,04-07-2024
161,776,22,25-07-2024
161,270,23,24-09-2024
161,809,24,31-07-2024
161,617,25,14-04-2024
161,341,26,11-09-2024
161,243,27,01-01-2025
161,179,28,24-09-2024
161,449,29,04-03-2025
161,267,30,19-02-2025
161,975,31,21-09-2024
161,166,32,01-01-2025
161,832,33,04-06-2024
161,90,34,11-07-2024
161,505,35,17-02-2025
161,58,36,06-06-2024
161,14,37,26-02-2025
161,264,38,16-05-2024
161,233,39,27-06-2024
161,798,40,07-06-2024
161,719,41,16-12-2024
161,873,42,23-10-2024
161,762,43,26-09-2024
161,987,44,06-01-2025
161,753,45,11-03-2025
161,240,46,18-04-2024
161,386,47,22-01-2025
161,454,48,20-10-2024
585,36,1,11-09-2021
585,137,2,19-05-2022
585,795,3,29-03-2022
585,576,4,11-07-2021
585,206,5,03-02-2022
585,274,6,28-10-2021
585,23,7,12-12-2021
585,384,8,06-10-2021
585,183,9,30-03-2022
585,772,10,30-08-2021
585,65,11,09-08-2021
585,787,12,23-09-2021
585,15,13,26-03-2022
585,7,14,23-05-2022
585,550,15,30-10-2021
585,624,16,23-03-2022
585,432,17,03-07-2021
585,440,18,23-06-2021
585,939,19,30-01-2022
585,734,20,12-12-2021
585,645,21,18-09-2021
585,407,22,16-02-2022
585,89,23,25-07-2021
585,727,24,04-07-2021
585,833,25,01-01-2022
585,104,26,22-04-2022
585,401,27,20-05-2022
585,99,28,19-01-2022
460,660,1,13-02-2022
460,707,2,11-08-2022
460,221,3,25-08-2021
460,360,4,26-07-2022
460,939,5,22-06-2022
460,726,6,24-09-2021
460,991,7,12-07-2022
460,597,8,10-08-2022
460,241,9,27-05-2022
460,337,10,15-06-2022
460,898,11,02-09-2021
460,980,12,13-04-2022
460,513,13,31-05-2022
460,962,14,15-07-2022
460,989,15,08-10-2021
460,343,16,07-05-2022
460,970,17,07-12-2021
460,243,18,04-03-2022
460,742,19,28-04-2022
820,764,1,14-12-2022
820,303,2,21-09-2023
820,458,3,30-09-2023
820,960,4,28-07-2023
820,840,5,11-11-2022
820,706,6,05-05-2023
820,34,7,17-03-2023
820,45,8,03-05-2023
820,199,9,24-10-2023
820,744,10,14-01-2023
820,521,11,24-02-2023
820,320,12,18-02-2023
820,409,13,20-08-2023
820,846,14,12-09-2023
820,584,15,28-02-2023
820,123,16,03-03-2023
820,335,17,30-03-2023
820,697,18,26-09-2023
820,239,19,01-06-2023
820,708,20,26-08-2023
820,308,21,14-02-2023
820,735,22,07-03-2023
820,557,23,06-07-2023
820,937,24,25-10-2023
820,393,25,31-05-2023
820,201,26,13-09-2023
820,80,27,20-02-2023
820,556,28,17-10-2023
820,440,29,23-12-2022
820,739,30,16-02-2023
820,256,31,30-11-2022
820,319,32,18-08-2023
820,99,33,18-07-2023
820,108,34,03-08-2023
820,153,35,20-03-2023
820,156,36,09-10-2023
479,956,1,09-04-2025
479,617,2,04-11-2024
479,697,3,16-06-2025
479,976,4,14-12-2024
479,680,5,06-01-2025
479,713,6,30-01-2025
479,271,7,30-07-2025
479,576,8,30-04-2025
479,432,9,24-10-2024
479,45,10,02-02-2025
479,726,11,24-07-2025
479,917,12,27-01-2025
479,657,13,14-06-2025
479,598,14,15-07-2025
479,912,15,05-09-2025
479,838,16,13-01-2025
479,217,17,04-09-2025
479,274,18,20-11-2024
479,49,19,20-09-2025
479,361,20,09-12-2024
479,114,21,06-01-2025
479,149,22,23-04-2025
479,959,23,11-04-2025
479,213,24,02-02-2025
479,5,25,21-12-2024
479,32,26,03-01-2025
479,510,27,31-08-2025
479,410,28,05-09-2025
479,481,29,08-01-2025
479,409,30,15-10-2025
479,627,31,24-02-2025
479,4,32,20-04-2025
479,414,33,19-06-2025
479,504,34,22-04-2025
479,722,35,27-05-2025
479,652,36,29-12-2024
933,815,1,17-11-2022
933,6,2,24-09-2022
933,935,3,16-07-2022
933,978,4,22-09-2022
933,430,5,17-10-2022
933,974,6,12-01-2023
933,820,7,03-05-2023
933,334,8,04-04-2023
933,341,9,08-12-2022
933,939,10,31-08-2022
933,290,11,31-10-2022
933,9,12,13-07-2022
933,781,13,14-08-2022
933,238,14,30-07-2022
933,638,15,07-09-2022
933,329,16,12-04-2023
933,524,17,12-08-2022
933,861,18,12-05-2023
933,80,19,13-03-2023
933,660,20,23-03-2023
933,964,21,31-08-2022
933,180,22,09-12-2022
933,212,23,11-03-2023
933,330,24,28-08-2022
933,412,25,19-01-2023
933,155,26,21-03-2023
933,959,27,10-07-2022
933,730,28,08-06-2023
791,371,1,11-11-2022
791,81,2,19-10-2022
791,7,3,02-02-2022
791,829,4,17-02-2022
791,845,5,11-06-2022
791,624,6,14-01-2022
791,26,7,21-09-2022
791,507,8,13-10-2022
791,942,9,17-08-2022
791,828,10,01-04-2022
791,375,11,15-03-2022
791,936,12,08-06-2022
791,719,13,27-01-2022
791,888,14,19-09-2022
791,692,15,16-11-2022
791,235,16,08-12-2022
791,834,17,13-03-2022
791,146,18,11-07-2022
791,473,19,24-02-2022
791,106,20,01-07-2022
791,95,21,04-10-2022
791,733,22,15-10-2022
791,734,23,10-07-2022
791,853,24,14-11-2022
791,806,25,24-04-2022
791,384,26,06-11-2022
791,161,27,15-02-2022
791,681,28,17-09-2022
791,227,29,08-01-2022
791,218,30,07-04-2022
791,883,31,24-10-2022
791,483,32,01-11-2022
791,282,33,04-04-2022
791,987,34,24-02-2022
791,222,35,01-07-2022
791,582,36,08-02-2022
791,537,37,26-12-2021
791,652,38,30-07-2022
791,657,39,26-03-2022
791,717,40,25-05-2022
791,690,41,28-06-2022
791,120,42,30-11-2022
791,743,43,15-01-2022
791,723,44,22-05-2022
791,675,45,13-08-2022
345,401,1,21-01-2022
345,499,2,07-05-2021
345,372,3,23-02-2022
345,77,4,02-03-2022
345,781,5,29-10-2021
345,118,6,18-04-2022
345,776,7,12-02-2022
345,143,8,23-10-2021
345,556,9,10-04-2022
345,65,10,29-05-2021
345,657,11,30-05-2021
345,362,12,07-05-2021
345,134,13,24-08-2021
345,357,14,15-07-2021
345,276,15,29-09-2021
345,92,16,18-03-2022
187,834,1,21-07-2022
187,290,2,19-03-2022
187,120,3,31-03-2022
187,512,4,04-08-2022
187,331,5,04-02-2022
187,32,6,21-02-2022
187,327,7,15-06-2022
187,584,8,24-08-2022
187,217,9,28-09-2022
187,576,10,13-03-2022
187,598,11,27-06-2022
187,516,12,19-04-2022
187,898,13,23-08-2022
187,199,14,20-08-2022
187,690,15,29-12-2021
187,950,16,25-05-2022
187,205,17,13-05-2022
187,743,18,09-04-2022
187,524,19,08-03-2022
187,305,20,17-07-2022
187,77,21,20-05-2022
187,461,22,14-07-2022
187,440,23,07-11-2021
187,398,24,23-12-2021
187,642,25,17-08-2022
187,499,26,14-03-2022
187,572,27,01-04-2022
187,600,28,24-08-2022
187,64,29,24-10-2021
187,80,30,01-11-2021
187,478,31,27-02-2022
187,956,32,25-09-2022
187,85,33,18-06-2022
187,702,34,06-06-2022
187,655,35,03-06-2022
187,34,36,29-03-2022
187,953,37,28-07-2022
187,454,38,08-07-2022
187,731,39,26-02-2022
187,272,40,31-05-2022
187,599,41,03-07-2022
187,881,42,09-06-2022
187,534,43,19-09-2022
4,677,1,03-01-2022
4,70,2,05-01-2022
4,208,3,29-10-2021
4,584,4,25-01-2022
4,577,5,13-05-2021
4,594,6,17-01-2022
507,167,1,04-03-2025
507,625,2,28-10-2024
507,386,3,26-07-2024
507,390,4,24-04-2024
507,930,5,08-07-2024
507,117,6,23-02-2025
507,366,7,08-02-2025
389,72,1,19-10-2022
389,820,2,21-05-2022
389,316,3,22-08-2022
389,758,4,30-01-2023
389,657,5,26-02-2023
389,667,6,06-11-2022
389,226,7,26-01-2023
389,677,8,12-05-2022
389,162,9,13-02-2023
389,81,10,20-01-2023
389,217,11,16-06-2022
389,149,12,12-02-2023
389,928,13,15-06-2022
389,706,14,26-11-2022
389,643,15,05-07-2022
389,572,16,22-05-2022
389,743,17,01-01-2023
389,399,18,29-05-2022
389,335,19,11-11-2022
389,329,20,29-12-2022
389,617,21,01-08-2022
389,277,22,26-02-2023
389,469,23,11-09-2022
389,871,24,16-07-2022
389,402,25,11-06-2022
389,271,26,27-01-2023
389,95,27,28-12-2022
389,726,28,18-10-2022
389,393,29,15-06-2022
389,51,30,12-07-2022
389,163,31,12-03-2023
389,588,32,27-06-2022
389,386,33,02-05-2022
389,4,34,24-11-2022
389,178,35,19-05-2022
389,308,36,05-01-2023
389,861,37,23-12-2022
389,901,38,08-11-2022
389,422,39,27-07-2022
389,571,40,17-11-2022
389,185,41,09-05-2022
125,512,1,19-07-2023
125,31,2,27-09-2023
125,982,3,25-01-2024
125,638,4,18-05-2023
125,4,5,18-08-2023
125,34,6,25-02-2024
125,999,7,18-02-2024
125,234,8,02-08-2023
125,927,9,07-08-2023
125,309,10,15-06-2023
125,771,11,21-04-2024
125,717,12,15-08-2023
125,828,13,25-12-2023
125,529,14,11-10-2023
125,867,15,06-07-2023
125,769,16,11-09-2023
125,521,17,26-03-2024
125,272,18,12-12-2023
125,678,19,20-12-2023
125,196,20,03-01-2024
125,580,21,13-06-2023
995,705,1,16-01-2022
995,482,2,07-05-2022
995,474,3,09-11-2021
995,821,4,30-06-2021
995,45,5,23-09-2021
995,128,6,19-08-2021
39,4,1,29-08-2023
39,811,2,16-09-2023
39,898,3,25-11-2023
39,907,4,26-04-2023
39,521,5,11-10-2023
39,827,6,07-07-2023
589,390,1,25-08-2023
589,930,2,27-05-2024
589,970,3,27-11-2023
589,749,4,01-06-2024
589,810,5,06-12-2023
589,574,6,30-06-2024
589,745,7,03-03-2024
589,506,8,18-01-2024
589,542,9,20-10-2023
589,286,10,24-10-2023
589,325,11,17-03-2024
589,991,12,13-10-2023
589,809,13,16-02-2024
589,505,14,04-05-2024
589,449,15,14-06-2024
589,119,16,21-11-2023
589,690,17,06-07-2024
589,3,18,13-12-2023
589,978,19,08-08-2023
589,432,20,18-04-2024
589,963,21,04-11-2023
589,713,22,11-05-2024
589,793,23,01-03-2024
589,15,24,12-07-2023
589,563,25,23-06-2024
589,278,26,07-03-2024
589,883,27,07-09-2023
589,62,28,10-06-2024
589,473,29,10-01-2024
589,91,30,12-06-2024
589,610,31,06-08-2023
589,976,32,26-09-2023
261,256,1,05-12-2022
261,792,2,06-12-2022
261,751,3,23-08-2023
261,772,4,27-11-2022
261,928,5,16-10-2023
261,100,6,25-07-2023
261,378,7,01-06-2023
261,812,8,03-02-2023
261,99,9,20-06-2023
261,456,10,30-06-2023
261,764,11,20-11-2022
261,45,12,10-11-2022
261,827,13,16-09-2023
261,341,14,11-12-2022
261,562,15,23-08-2023
261,882,16,06-12-2022
261,541,17,04-01-2023
261,19,18,19-09-2023
261,290,19,11-10-2023
261,245,20,17-02-2023
261,222,21,12-10-2023
261,405,22,16-01-2023
261,553,23,29-09-2023
261,271,24,29-04-2023
261,576,25,19-06-2023
261,911,26,16-03-2023
261,314,27,13-03-2023
296,964,1,02-03-2023
296,180,2,23-06-2022
296,248,3,14-08-2022
296,466,4,21-05-2022
296,794,5,17-11-2022
296,311,6,11-10-2022
296,895,7,08-10-2022
296,576,8,30-08-2022
296,765,9,20-01-2023
296,169,10,29-09-2022
296,960,11,22-02-2023
296,841,12,17-05-2022
296,142,13,07-12-2022
296,881,14,26-12-2022
296,448,15,25-10-2022
296,95,16,28-05-2022
296,257,17,22-05-2022
296,225,18,10-09-2022
296,221,19,13-04-2023
296,104,20,13-04-2023
296,496,21,06-12-2022
296,393,22,11-11-2022
296,764,23,26-10-2022
296,61,24,09-01-2023
296,775,25,12-05-2022
296,778,26,24-12-2022
296,667,27,24-11-2022
296,904,28,03-10-2022
296,272,29,18-07-2022
296,572,30,19-12-2022
296,422,31,20-07-2022
296,304,32,10-03-2023
296,605,33,23-10-2022
296,972,34,11-01-2023
296,290,35,11-02-2023
296,199,36,06-10-2022
296,692,37,17-12-2022
296,286,38,18-12-2022
296,231,39,14-06-2022
296,337,40,20-06-2022
296,226,41,08-11-2022
211,342,1,14-11-2022
211,648,2,27-05-2022
211,741,3,03-07-2022
211,341,4,16-12-2022
211,440,5,18-03-2023
211,205,6,04-02-2023
211,468,7,12-08-2022
211,793,8,14-03-2023
211,311,9,06-01-2023
211,172,10,27-07-2022
211,861,11,23-04-2022
211,834,12,06-03-2023
211,457,13,22-08-2022
211,787,14,10-04-2022
211,574,15,24-06-2022
211,155,16,16-07-2022
211,66,17,09-03-2023
211,798,18,20-12-2022
211,417,19,06-11-2022
211,122,20,11-06-2022
211,176,21,25-02-2023
211,903,22,02-02-2023
211,236,23,09-07-2022
211,362,24,13-08-2022
211,978,25,06-10-2022
211,282,26,18-08-2022
211,871,27,21-03-2023
211,682,28,10-06-2022
211,731,29,20-02-2023
211,338,30,12-09-2022
211,467,31,13-09-2022
211,410,32,22-05-2022
211,962,33,13-12-2022
211,534,34,18-07-2022
211,765,35,16-11-2022
211,466,36,06-09-2022
668,282,1,11-08-2021
668,408,2,11-01-2022
668,684,3,19-08-2021
668,655,4,18-12-2021
668,355,5,24-04-2022
668,83,6,25-03-2022
668,600,7,13-07-2021
668,52,8,11-12-2021
668,719,9,19-08-2021
668,176,10,29-08-2021
668,649,11,18-05-2022
668,572,12,01-12-2021
668,910,13,28-01-2022
668,706,14,21-08-2021
668,149,15,25-08-2021
668,576,16,26-06-2021
668,574,17,08-02-2022
668,692,18,01-01-2022
668,218,19,07-12-2021
668,300,20,26-03-2022
668,49,21,15-07-2021
668,989,22,09-04-2022
668,454,23,29-10-2021
668,990,24,14-07-2021
668,407,25,25-07-2021
668,966,26,30-12-2021
668,582,27,06-01-2022
668,654,28,10-09-2021
668,226,29,03-05-2022
668,199,30,17-07-2021
668,912,31,24-09-2021
668,951,32,24-12-2021
668,847,33,29-06-2021
668,384,34,16-09-2021
668,385,35,17-07-2021
668,80,36,16-01-2022
668,580,37,25-07-2021
322,706,1,14-01-2023
322,188,2,18-05-2023
322,776,3,19-05-2023
322,120,4,05-11-2023
322,32,5,08-06-2023
448,457,1,02-01-2022
448,847,2,01-06-2022
448,828,3,09-02-2022
448,64,4,15-06-2022
448,701,5,27-08-2022
448,94,6,21-08-2022
448,655,7,24-12-2021
448,309,8,13-04-2022
448,72,9,31-07-2022
448,390,10,12-09-2022
448,827,11,28-02-2022
448,34,12,07-04-2022
448,380,13,26-08-2022
448,291,14,30-09-2022
448,185,15,20-09-2022
448,605,16,04-01-2022
448,966,17,22-03-2022
448,521,18,30-06-2022
448,474,19,07-01-2022
448,334,20,16-07-2022
448,817,21,09-01-2022
448,152,22,08-06-2022
448,980,23,14-02-2022
785,280,1,24-06-2022
785,605,2,05-10-2021
785,883,3,18-08-2022
785,846,4,16-04-2022
785,579,5,17-05-2022
785,168,6,04-11-2021
444,217,1,07-08-2024
444,711,2,13-04-2024
444,509,3,21-02-2025
444,508,4,17-02-2025
444,787,5,19-12-2024
444,348,6,26-04-2024
444,143,7,11-02-2025
444,161,8,10-08-2024
444,652,9,24-02-2025
444,497,10,10-09-2024
444,600,11,25-01-2025
444,723,12,04-02-2025
444,241,13,30-08-2024
444,791,14,17-07-2024
444,568,15,29-05-2024
444,734,16,10-11-2024
444,706,17,20-11-2024
444,422,18,04-12-2024
444,602,19,23-11-2024
444,627,20,08-03-2025
444,989,21,05-07-2024
444,997,22,12-09-2024
444,192,23,20-09-2024
444,183,24,18-01-2025
444,225,25,09-10-2024
444,717,26,05-11-2024
444,971,27,09-04-2024
444,210,28,11-04-2024
444,700,29,20-10-2024
444,914,30,25-02-2025
444,925,31,26-03-2024
444,550,32,02-04-2024
444,363,33,16-11-2024
444,370,34,08-10-2024
444,871,35,29-11-2024
444,947,36,06-07-2024
444,564,37,07-10-2024
444,284,38,12-04-2024
444,556,39,26-05-2024
444,290,40,08-09-2024
444,410,41,04-10-2024
444,572,42,19-11-2024
444,681,43,12-07-2024
444,136,44,25-03-2024
444,725,45,10-06-2024
444,475,46,08-04-2024
444,197,47,11-11-2024
444,98,48,28-05-2024
365,951,1,02-07-2023
365,303,2,04-11-2022
365,994,3,05-05-2023
365,617,4,01-09-2023
365,583,5,05-12-2022
365,717,6,19-12-2022
365,925,7,26-12-2022
365,129,8,14-03-2023
365,162,9,12-10-2023
365,823,10,29-03-2023
365,772,11,02-06-2023
365,394,12,30-09-2023
365,730,13,05-06-2023
365,118,14,14-04-2023
365,202,15,28-09-2023
365,267,16,13-12-2022
365,413,17,04-01-2023
365,310,18,15-07-2023
365,739,19,12-05-2023
365,811,20,26-07-2023
365,618,21,03-06-2023
365,497,22,14-06-2023
365,812,23,02-08-2023
365,944,24,08-01-2023
365,729,25,17-09-2023
365,147,26,25-06-2023
365,505,27,29-04-2023
365,571,28,01-02-2023
365,62,29,25-04-2023
365,417,30,21-07-2023
687,272,1,26-04-2024
687,466,2,13-08-2023
687,933,3,09-11-2023
687,167,4,25-10-2023
687,267,5,25-09-2023
687,639,6,21-07-2023
687,667,7,10-11-2023
687,410,8,07-06-2023
687,123,9,22-03-2024
687,447,10,02-10-2023
687,468,11,08-09-2023
687,72,12,29-06-2023
687,204,13,11-12-2023
687,588,14,05-01-2024
687,90,15,27-12-2023
687,922,16,18-02-2024
687,637,17,12-02-2024
687,959,18,21-11-2023
687,987,19,08-08-2023
687,6,20,15-04-2024
687,235,21,24-10-2023
687,77,22,18-01-2024
687,748,23,27-01-2024
687,422,24,21-09-2023
687,617,25,06-11-2023
687,31,26,28-01-2024
687,692,27,21-05-2023
687,845,28,29-03-2024
687,350,29,25-02-2024
687,341,30,16-06-2023
687,271,31,04-08-2023
687,994,32,04-07-2023
687,627,33,09-09-2023
687,316,34,10-05-2023
687,792,35,20-11-2023
687,405,36,23-02-2024
464,359,1,01-12-2022
464,289,2,15-06-2023
464,358,3,30-01-2023
464,995,4,12-11-2022
464,654,5,13-06-2023
464,95,6,30-05-2023
464,775,7,19-04-2023
464,58,8,22-11-2022
464,597,9,10-10-2022
464,648,10,08-01-2023
907,847,1,18-07-2022
907,770,2,26-02-2023
907,274,3,11-07-2022
907,720,4,07-11-2022
907,275,5,04-07-2022
907,167,6,24-09-2022
907,204,7,19-10-2022
907,32,8,11-10-2022
907,329,9,30-05-2022
907,139,10,29-11-2022
907,89,11,24-07-2022
907,206,12,11-01-2023
907,565,13,08-11-2022
907,99,14,08-01-2023
907,110,15,06-12-2022
907,787,16,23-12-2022
907,461,17,30-04-2022
907,516,18,16-09-2022
907,504,19,02-01-2023
907,897,20,25-03-2022
907,772,21,29-10-2022
907,380,22,27-11-2022
907,991,23,19-09-2022
907,454,24,30-09-2022
907,108,25,27-11-2022
907,123,26,02-07-2022
907,947,27,26-02-2023
907,987,28,16-04-2022
907,146,29,29-05-2022
907,410,30,11-12-2022
907,509,31,14-12-2022
907,519,32,20-08-2022
907,214,33,17-01-2023
907,291,34,28-03-2022
907,652,35,01-10-2022
907,771,36,28-03-2022
516,516,1,24-11-2022
516,899,2,09-06-2023
516,648,3,22-07-2022
516,303,4,19-09-2022
516,271,5,18-06-2023
516,865,6,03-10-2022
516,338,7,29-10-2022
516,505,8,25-08-2022
28,270,1,17-05-2023
28,363,2,29-01-2023
28,134,3,10-07-2022
28,684,4,03-06-2023
28,677,5,03-02-2023
28,72,6,03-05-2023
28,801,7,11-05-2023
28,447,8,09-03-2023
28,329,9,17-08-2022
28,278,10,16-04-2023
28,730,11,09-01-2023
28,725,12,25-08-2022
28,438,13,23-11-2022
28,203,14,01-04-2023
28,261,15,04-12-2022
392,70,1,11-01-2022
392,143,2,22-08-2021
392,833,3,10-08-2021
392,652,4,01-11-2021
392,576,5,23-10-2021
392,355,6,05-03-2022
392,40,7,02-03-2022
392,553,8,26-10-2021
392,350,9,11-09-2021
392,461,10,29-01-2022
392,110,11,26-07-2021
392,169,12,29-05-2022
392,245,13,23-11-2021
392,530,14,19-08-2021
392,309,15,19-10-2021
392,668,16,25-07-2021
392,594,17,02-04-2022
392,889,18,24-06-2022
392,362,19,23-02-2022
392,454,20,15-03-2022
392,377,21,01-11-2021
54,455,1,29-05-2025
54,222,2,11-07-2025
54,739,3,23-07-2025
54,362,4,25-10-2024
54,898,5,02-05-2025
54,241,6,28-11-2024
54,430,7,17-06-2025
54,457,8,25-02-2025
54,105,9,12-05-2025
54,439,10,08-06-2025
54,908,11,27-01-2025
54,765,12,27-02-2025
54,907,13,02-11-2024
54,827,14,17-07-2025
54,798,15,13-05-2025
54,584,16,18-12-2024
54,299,17,07-08-2025
54,713,18,02-09-2024
54,795,19,17-05-2025
54,664,20,23-05-2025
54,446,21,01-05-2025
54,723,22,08-12-2024
54,933,23,15-05-2025
54,284,24,06-04-2025
54,358,25,19-07-2025
54,605,26,23-05-2025
54,210,27,06-02-2025
54,314,28,16-11-2024
54,161,29,16-06-2025
54,117,30,06-01-2025
54,989,31,24-03-2025
54,192,32,04-07-2025
54,711,33,25-11-2024
54,342,34,28-07-2025
54,477,35,30-12-2024
54,304,36,04-03-2025
54,883,37,31-01-2025
54,737,38,22-07-2025
54,545,39,26-07-2025
54,881,40,04-09-2024
54,590,41,10-12-2024
54,377,42,20-11-2024
35,748,1,11-11-2024
35,657,2,16-09-2024
35,700,3,25-05-2024
35,183,4,28-07-2024
35,363,5,19-05-2024
35,590,6,09-06-2024
35,717,7,23-05-2024
35,108,8,26-01-2024
35,181,9,19-10-2024
35,432,10,11-06-2024
35,633,11,03-04-2024
35,776,12,19-03-2024
35,331,13,15-05-2024
35,371,14,25-09-2024
35,467,15,15-01-2024
35,820,16,03-12-2024
35,510,17,18-05-2024
35,475,18,21-10-2024
35,921,19,04-11-2024
35,34,20,13-05-2024
35,446,21,25-08-2024
35,402,22,22-11-2024
35,325,23,23-12-2023
35,304,24,26-05-2024
35,576,25,21-11-2024
35,638,26,07-01-2024
35,310,27,22-08-2024
35,770,28,02-07-2024
885,916,1,03-06-2022
885,32,2,28-08-2022
885,417,3,20-09-2021
885,501,4,05-05-2022
885,149,5,05-02-2022
885,167,6,28-10-2021
885,393,7,01-02-2022
885,91,8,29-08-2022
885,101,9,12-04-2022
110,522,1,04-09-2022
110,700,2,08-04-2022
110,898,3,15-09-2022
110,209,4,02-12-2021
110,324,5,20-04-2022
110,990,6,28-09-2022
110,617,7,06-11-2022
110,348,8,08-03-2022
110,284,9,10-11-2022
110,526,10,17-04-2022
110,100,11,11-06-2022
110,50,12,22-09-2022
110,353,13,10-12-2021
110,991,14,18-01-2022
110,115,15,10-12-2021
110,297,16,17-11-2022
110,34,17,22-07-2022
110,80,18,31-01-2022
110,452,19,03-02-2022
110,239,20,24-05-2022
110,68,21,05-02-2022
110,910,22,23-01-2022
110,72,23,27-10-2022
110,602,24,05-09-2022
110,572,25,14-01-2022
110,930,26,16-10-2022
110,743,27,05-08-2022
110,85,28,28-05-2022
110,61,29,25-11-2021
110,405,30,25-11-2021
110,481,31,29-05-2022
110,810,32,16-04-2022
110,23,33,04-08-2022
110,711,34,25-06-2022
110,667,35,17-02-2022
110,160,36,27-09-2022
110,883,37,06-11-2022
110,873,38,29-11-2021
429,311,1,11-05-2023
429,146,2,24-06-2023
429,953,3,25-10-2023
429,303,4,29-10-2023
429,875,5,21-11-2023
429,381,6,17-07-2023
429,153,7,14-03-2023
429,57,8,20-05-2023
429,617,9,28-10-2023
429,903,10,26-11-2023
605,128,1,18-02-2023
605,754,2,29-05-2023
605,447,3,25-06-2022
605,405,4,16-11-2022
605,572,5,14-01-2023
605,61,6,22-11-2022
605,77,7,14-08-2022
605,550,8,11-09-2022
605,743,9,11-08-2022
605,649,10,04-01-2023
605,765,11,17-10-2022
605,180,12,03-10-2022
605,678,13,17-04-2023
605,178,14,27-10-2022
605,217,15,01-01-2023
605,576,16,03-08-2022
605,72,17,31-01-2023
605,955,18,17-02-2023
605,774,19,06-01-2023
605,801,20,05-03-2023
605,167,21,12-12-2022
605,805,22,11-07-2022
605,325,23,09-12-2022
605,924,24,18-03-2023
605,362,25,23-05-2023
605,726,26,05-03-2023
481,692,1,31-03-2024
481,581,2,29-04-2024
481,707,3,13-06-2024
481,901,4,19-07-2024
481,204,5,02-08-2024
481,987,6,10-05-2024
481,253,7,04-09-2024
481,451,8,01-02-2024
481,142,9,11-10-2024
481,966,10,22-07-2024
481,723,11,07-04-2024
481,836,12,21-05-2024
481,383,13,28-12-2023
481,895,14,14-07-2024
481,516,15,24-04-2024
606,355,1,24-11-2022
606,743,2,05-02-2023
606,409,3,14-09-2022
606,620,4,12-01-2023
606,546,5,31-05-2023
606,378,6,18-02-2023
606,218,7,20-03-2023
606,66,8,01-04-2023
606,375,9,24-02-2023
606,52,10,04-04-2023
606,226,11,21-05-2023
606,827,12,22-06-2023
606,181,13,04-01-2023
606,521,14,31-07-2022
606,337,15,04-03-2023
606,930,16,05-04-2023
606,316,17,07-10-2022
606,928,18,29-08-2022
606,987,19,22-11-2022
606,545,20,07-08-2022
500,582,1,09-05-2021
500,577,2,20-05-2021
500,728,3,18-03-2021
500,505,4,26-07-2021
500,883,5,13-02-2022
500,669,6,17-04-2021
500,303,7,07-03-2022
500,557,8,11-03-2022
500,697,9,14-11-2021
500,921,10,24-09-2021
500,248,11,05-08-2021
500,470,12,11-08-2021
500,361,13,13-06-2021
500,840,14,04-05-2021
500,702,15,30-07-2021
500,198,16,23-09-2021
500,199,17,12-08-2021
500,899,18,11-06-2021
500,492,19,24-03-2021
500,189,20,25-10-2021
500,739,21,08-03-2022
500,898,22,01-04-2021
500,817,23,06-01-2022
500,782,24,30-06-2021
500,726,25,24-12-2021
500,420,26,28-06-2021
500,316,27,12-03-2022
500,51,28,09-08-2021
500,58,29,20-04-2021
500,930,30,07-07-2021
500,23,31,18-01-2022
500,315,32,08-05-2021
500,730,33,26-02-2022
500,371,34,05-06-2021
500,743,35,28-06-2021
500,96,36,01-02-2022
500,916,37,13-11-2021
998,617,1,11-07-2024
998,335,2,02-08-2024
998,521,3,17-01-2025
998,565,4,21-06-2024
998,667,5,17-12-2024
998,829,6,24-02-2024
998,975,7,22-01-2025
998,618,8,10-07-2024
998,457,9,04-11-2024
998,330,10,29-10-2024
998,496,11,31-01-2025
998,108,12,03-01-2025
998,316,13,22-02-2024
991,734,1,03-04-2024
991,410,2,06-01-2024
991,776,3,09-05-2024
991,299,4,25-12-2023
991,469,5,18-01-2024
991,754,6,26-01-2024
991,995,7,16-08-2024
991,401,8,10-06-2024
991,553,9,28-05-2024
991,325,10,28-12-2023
96,542,1,12-11-2023
96,632,2,16-11-2023
96,627,3,05-05-2023
96,950,4,10-04-2023
96,720,5,05-04-2023
96,845,6,12-02-2023
96,509,7,15-09-2023
96,840,8,25-12-2023
96,343,9,27-09-2023
96,99,10,23-10-2023
96,178,11,20-07-2023
96,95,12,25-11-2023
96,400,13,18-04-2023
96,91,14,17-12-2023
96,152,15,17-05-2023
96,812,16,22-10-2023
96,58,17,11-07-2023
96,422,18,06-03-2023
96,390,19,13-10-2023
96,977,20,14-09-2023
828,512,1,06-08-2022
828,239,2,07-03-2023
828,362,3,15-12-2022
828,827,4,06-01-2023
828,153,5,04-09-2022
828,749,6,17-12-2022
828,629,7,31-03-2023
828,243,8,15-01-2023
828,978,9,14-04-2023
828,611,10,29-03-2023
828,632,11,20-06-2022
828,55,12,17-07-2022
828,991,13,19-12-2022
828,69,14,21-04-2023
828,835,15,17-06-2022
828,576,16,22-06-2022
828,450,17,20-07-2022
828,3,18,09-12-2022
828,746,19,28-03-2023
828,713,20,23-04-2023
828,234,21,13-10-2022
828,188,22,14-05-2023
828,551,23,29-11-2022
828,881,24,11-08-2022
828,907,25,17-01-2023
828,770,26,02-04-2023
828,446,27,01-08-2022
828,286,28,23-02-2023
828,778,29,09-04-2023
828,669,30,15-06-2022
828,97,31,09-08-2022
828,168,32,22-06-2022
828,152,33,23-08-2022
512,516,1,23-09-2021
512,568,2,18-01-2022
512,410,3,18-10-2021
512,988,4,07-07-2021
512,34,5,11-05-2021
512,774,6,24-08-2021
512,742,7,12-09-2021
217,597,1,20-03-2024
217,584,2,03-09-2024
217,465,3,10-07-2024
217,744,4,03-08-2024
217,473,5,04-03-2024
217,228,6,27-02-2024
217,100,7,01-04-2024
217,951,8,25-03-2024
217,227,9,20-10-2023
217,95,10,19-01-2024
217,331,11,18-03-2024
217,994,12,14-02-2024
217,44,13,19-05-2024
217,505,14,26-08-2024
217,520,15,29-10-2023
217,114,16,01-08-2024
217,199,17,08-03-2024
217,192,18,16-12-2023
217,845,19,03-07-2024
217,99,20,14-08-2024
217,637,21,20-10-2023
217,791,22,26-09-2024
217,316,23,19-02-2024
217,939,24,04-11-2023
562,782,1,30-09-2021
562,456,2,17-07-2021
562,537,3,08-02-2022
562,430,4,18-09-2021
562,257,5,23-11-2021
562,175,6,13-12-2021
562,128,7,17-06-2021
562,222,8,04-07-2021
562,432,9,05-09-2021
562,634,10,15-03-2021
562,633,11,20-04-2021
562,210,12,05-11-2021
562,605,13,01-12-2021
562,868,14,26-06-2021
562,965,15,30-04-2021
562,950,16,21-03-2021
562,791,17,12-04-2021
562,58,18,31-08-2021
562,137,19,11-07-2021
562,964,20,01-07-2021
562,290,21,09-02-2022
562,809,22,17-05-2021
562,149,23,21-02-2022
562,99,24,25-06-2021
562,898,25,02-08-2021
562,726,26,07-09-2021
562,940,27,19-06-2021
562,835,28,31-07-2021
562,45,29,13-10-2021
562,765,30,14-01-2022
562,90,31,20-02-2022
562,481,32,12-03-2021
562,271,33,21-11-2021
562,827,34,30-12-2021
562,284,35,18-02-2022
562,316,36,17-04-2021
562,749,37,20-11-2021
562,518,38,02-12-2021
562,185,39,22-04-2021
562,98,40,30-05-2021
944,842,1,30-09-2021
944,873,2,12-03-2021
944,101,3,28-04-2021
944,290,4,13-07-2021
944,735,5,06-01-2021
944,815,6,18-03-2021
944,380,7,27-10-2021
944,276,8,31-08-2021
944,301,9,01-02-2021
944,746,10,25-05-2021
944,368,11,24-11-2021
944,337,12,04-07-2021
944,81,13,18-01-2021
944,456,14,23-04-2021
944,838,15,28-12-2021
944,449,16,22-07-2021
944,739,17,19-04-2021
944,334,18,13-06-2021
944,995,19,12-10-2021
944,252,20,28-09-2021
944,6,21,06-06-2021
944,363,22,16-03-2021
944,963,23,18-07-2021
445,834,1,08-12-2021
445,380,2,26-09-2022
445,720,3,25-11-2021
445,978,4,19-02-2022
445,808,5,16-08-2022
445,446,6,26-04-2022
445,514,7,03-05-2022
445,462,8,16-06-2022
445,343,9,19-06-2022
445,225,10,28-05-2022
445,308,11,06-01-2022
445,69,12,12-02-2022
445,787,13,04-02-2022
445,766,14,18-10-2022
445,764,15,06-01-2022
445,413,16,03-07-2022
445,722,17,15-02-2022
445,199,18,02-09-2022
445,680,19,19-09-2022
445,534,20,28-09-2022
445,733,21,19-06-2022
445,0,22,15-04-2022
445,235,23,11-01-2022
445,357,24,25-01-2022
445,198,25,13-12-2021
445,245,26,05-08-2022
445,469,27,04-06-2022
445,165,28,13-01-2022
445,228,29,17-07-2022
445,203,30,28-03-2022
638,167,1,19-01-2024
638,546,2,23-07-2023
638,169,3,02-06-2023
638,227,4,03-06-2023
638,799,5,07-11-2023
638,990,6,13-02-2024
638,903,7,21-08-2023
44,165,1,04-08-2023
44,809,2,05-02-2023
44,469,3,15-06-2023
44,750,4,26-09-2022
44,439,5,21-01-2023
44,735,6,31-08-2023
44,556,7,05-10-2022
44,626,8,07-10-2022
44,499,9,25-09-2022
44,49,10,01-02-2023
44,343,11,16-06-2023
44,751,12,22-08-2023
44,453,13,13-08-2023
44,337,14,03-07-2023
44,91,15,16-02-2023
44,420,16,28-12-2022
44,0,17,03-02-2023
44,100,18,02-08-2023
44,983,19,19-05-2023
44,322,20,02-12-2022
44,370,21,22-08-2023
44,326,22,13-12-2022
44,474,23,16-01-2023
670,783,1,16-02-2023
670,336,2,20-03-2023
670,460,3,20-05-2023
670,228,4,09-09-2022
670,953,5,21-05-2023
670,496,6,06-05-2023
670,711,7,18-07-2023
670,660,8,13-12-2022
670,791,9,13-09-2022
670,185,10,18-07-2023
670,5,11,30-04-2023
670,590,12,18-03-2023
670,320,13,20-06-2023
670,954,14,06-07-2023
670,513,15,24-07-2023
670,504,16,03-05-2023
670,301,17,03-02-2023
670,474,18,22-07-2023
670,632,19,09-09-2022
670,284,20,13-11-2022
670,380,21,03-09-2022
670,282,22,08-10-2022
670,966,23,19-06-2023
670,473,24,20-06-2023
741,49,1,15-10-2023
741,768,2,07-03-2024
741,127,3,02-02-2024
741,526,4,20-04-2024
741,69,5,16-03-2024
741,137,6,21-04-2024
741,944,7,19-12-2023
741,978,8,14-09-2023
741,719,9,12-04-2024
741,654,10,06-05-2023
741,5,11,22-01-2024
741,434,12,02-07-2023
741,841,13,02-03-2024
741,895,14,03-11-2023
741,516,15,09-04-2024
741,667,16,16-02-2024
741,725,17,03-05-2023
741,408,18,06-08-2023
741,743,19,05-01-2024
741,165,20,04-11-2023
741,817,21,14-09-2023
741,826,22,28-11-2023
741,366,23,06-04-2024
741,556,24,13-10-2023
741,274,25,24-11-2023
741,746,26,24-07-2023
741,380,27,07-01-2024
741,827,28,24-06-2023
741,579,29,21-05-2023
741,911,30,22-01-2024
741,774,31,03-04-2024
741,856,32,01-02-2024
741,638,33,01-07-2023
741,563,34,26-01-2024
741,734,35,09-12-2023
741,17,36,18-02-2024
655,922,1,16-08-2023
655,795,2,20-11-2023
655,366,3,14-08-2023
655,976,4,14-02-2024
655,474,5,02-11-2023
655,556,6,19-03-2024
655,447,7,19-08-2023
655,626,8,14-01-2024
655,15,9,12-06-2023
655,70,10,04-11-2023
655,684,11,22-12-2023
663,267,1,05-05-2025
663,200,2,22-09-2024
663,583,3,19-04-2025
663,441,4,12-12-2024
663,49,5,19-11-2024
663,778,6,02-11-2024
663,930,7,05-11-2024
663,959,8,01-02-2025
663,36,9,08-12-2024
663,210,10,29-09-2024
663,743,11,02-07-2024
663,889,12,26-05-2024
663,387,13,25-10-2024
663,181,14,02-03-2025
663,266,15,22-04-2025
663,385,16,03-04-2025
663,550,17,31-08-2024
663,796,18,03-03-2025
663,520,19,23-04-2025
663,862,20,13-08-2024
663,861,21,25-11-2024
663,110,22,17-10-2024
663,631,23,24-03-2025
663,139,24,01-10-2024
663,470,25,14-02-2025
663,835,26,13-10-2024
663,384,27,21-11-2024
663,700,28,05-10-2024
663,708,29,25-09-2024
663,188,30,21-05-2024
663,241,31,04-02-2025
663,617,32,12-06-2024
663,842,33,10-06-2024
663,834,34,07-02-2025
663,912,35,01-01-2025
663,157,36,10-02-2025
663,134,37,19-09-2024
663,521,38,05-11-2024
663,799,39,06-01-2025
663,274,40,08-03-2025
663,633,41,16-02-2025
663,705,42,01-08-2024
663,655,43,21-03-2025
663,457,44,17-12-2024
663,615,45,22-10-2024
657,576,1,07-02-2025
657,228,2,11-07-2024
657,117,3,31-08-2024
657,737,4,28-07-2024
657,499,5,19-09-2024
657,157,6,01-06-2024
657,125,7,12-04-2024
657,111,8,16-06-2024
657,475,9,11-12-2024
657,739,10,25-08-2024
657,910,11,11-02-2025
657,744,12,27-03-2025
657,23,13,21-01-2025
657,287,14,14-06-2024
657,518,15,22-03-2025
657,418,16,28-02-2025
657,235,17,11-09-2024
657,362,18,05-07-2024
657,889,19,12-05-2024
657,956,20,16-06-2024
657,284,21,13-10-2024
657,388,22,18-10-2024
657,297,23,08-11-2024
657,605,24,06-07-2024
657,583,25,26-03-2025
657,881,26,26-07-2024
657,110,27,05-12-2024
657,643,28,11-11-2024
657,733,29,03-10-2024
657,129,30,01-06-2024
657,330,31,05-03-2025
657,627,32,28-05-2024
657,571,33,01-08-2024
657,210,34,13-07-2024
657,36,35,04-05-2024
657,444,36,19-08-2024
657,917,37,05-10-2024
330,342,1,04-02-2025
330,437,2,26-05-2024
330,822,3,20-03-2025
330,624,4,02-05-2024
330,34,5,21-08-2024
330,656,6,31-03-2025
330,142,7,05-11-2024
330,222,8,28-08-2024
330,384,9,31-12-2024
330,393,10,30-04-2024
330,423,11,21-06-2024
330,930,12,02-04-2025
330,438,13,24-03-2025
330,364,14,28-10-2024
330,420,15,08-08-2024
330,778,16,22-09-2024
330,50,17,24-09-2024
330,363,18,26-12-2024
330,735,19,01-05-2024
330,173,20,23-05-2024
330,553,21,18-09-2024
330,17,22,13-05-2024
330,308,23,28-04-2024
330,834,24,22-06-2024
330,545,25,16-05-2024
330,346,26,21-07-2024
330,134,27,17-11-2024
330,739,28,27-10-2024
330,133,29,29-08-2024
330,551,30,31-01-2025
330,225,31,18-05-2024
330,516,32,25-05-2024
330,734,33,03-04-2025
330,417,34,08-11-2024
330,238,35,29-05-2024
330,572,36,19-03-2025
330,322,37,31-12-2024
330,387,38,21-12-2024
330,472,39,29-06-2024
330,72,40,01-03-2025
330,655,41,06-02-2025
330,61,42,15-01-2025
330,383,43,05-03-2025
330,994,44,10-04-2025
16,382,1,29-11-2024
16,505,2,10-06-2024
16,654,3,04-12-2024
16,791,4,13-02-2025
16,249,5,21-06-2024
16,678,6,25-12-2024
16,542,7,03-05-2025
16,214,8,17-02-2025
16,473,9,03-06-2024
16,600,10,20-11-2024
16,960,11,28-01-2025
16,129,12,05-10-2024
16,375,13,29-09-2024
16,669,14,19-03-2025
16,589,15,03-08-2024
16,774,16,04-03-2025
16,409,17,17-07-2024
16,741,18,22-09-2024
16,618,19,22-04-2025
16,155,20,10-03-2025
16,394,21,28-01-2025
16,168,22,14-12-2024
16,909,23,09-07-2024
16,101,24,07-11-2024
16,969,25,24-08-2024
16,369,26,24-06-2024
16,181,27,03-02-2025
16,584,28,13-10-2024
16,265,29,14-09-2024
16,315,30,10-11-2024
16,745,31,13-03-2025
16,461,32,11-04-2025
16,842,33,13-09-2024
16,120,34,27-07-2024
16,651,35,21-12-2024
16,51,36,14-03-2025
16,149,37,16-09-2024
16,284,38,15-01-2025
16,667,39,30-07-2024
16,583,40,22-05-2024
16,362,41,06-06-2024
16,838,42,22-11-2024
16,995,43,27-12-2024
989,862,1,31-12-2024
989,936,2,17-09-2024
989,477,3,24-07-2024
989,440,4,01-06-2025
989,254,5,14-12-2024
989,181,6,15-09-2024
989,0,7,28-10-2024
989,806,8,24-02-2025
989,91,9,28-07-2024
989,668,10,19-11-2024
989,361,11,27-03-2025
989,997,12,26-10-2024
989,512,13,10-03-2025
989,143,14,16-04-2025
989,518,15,15-07-2024
989,123,16,17-04-2025
989,122,17,30-01-2025
989,363,18,17-01-2025
989,438,19,23-08-2024
989,652,20,14-06-2025
989,970,21,06-03-2025
989,454,22,17-07-2024
829,775,1,20-01-2024
829,982,2,25-04-2024
829,348,3,02-10-2023
829,289,4,20-07-2023
829,316,5,20-03-2024
829,806,6,11-09-2023
829,277,7,08-09-2023
829,377,8,18-06-2023
829,315,9,25-05-2023
829,462,10,21-05-2023
829,286,11,20-03-2024
829,782,12,16-01-2024
829,740,13,13-07-2023
829,254,14,30-07-2023
829,864,15,28-05-2023
829,83,16,18-07-2023
829,735,17,07-07-2023
829,853,18,17-09-2023
829,820,19,09-11-2023
829,452,20,19-05-2023
829,663,21,25-06-2023
829,110,22,24-11-2023
829,755,23,05-08-2023
829,833,24,27-04-2024
829,61,25,20-04-2024
829,792,26,24-11-2023
829,331,27,18-11-2023
829,449,28,24-07-2023
829,95,29,04-06-2023
829,801,30,29-03-2024
829,750,31,09-03-2024
829,980,32,13-12-2023
829,930,33,27-04-2024
829,64,34,28-06-2023
829,395,35,10-09-2023
829,868,36,26-08-2023
829,57,37,27-04-2024
829,766,38,01-05-2024
829,4,39,04-10-2023
829,686,40,29-03-2024
829,708,41,06-04-2024
829,157,42,16-04-2024
829,512,43,15-03-2024
829,618,44,07-03-2024
541,551,1,28-10-2024
541,512,2,03-09-2024
541,740,3,22-11-2024
541,950,4,01-12-2023
541,940,5,02-04-2024
540,449,1,14-05-2022
540,574,2,30-12-2021
540,499,3,01-06-2022
540,846,4,18-01-2022
540,204,5,21-12-2021
540,659,6,03-09-2022
540,473,7,27-10-2021
540,39,8,16-08-2022
540,97,9,04-09-2022
540,466,10,18-08-2022
540,963,11,22-07-2022
540,301,12,11-01-2022
540,213,13,12-11-2021
540,702,14,23-05-2022
540,399,15,20-01-2022
21,58,1,30-05-2023
21,322,2,02-09-2022
21,946,3,19-12-2022
21,838,4,21-07-2022
21,199,5,28-05-2023
21,597,6,30-04-2023
21,192,7,26-02-2023
21,257,8,15-04-2023
21,399,9,24-10-2022
21,614,10,15-03-2023
21,155,11,24-09-2022
21,275,12,17-06-2022
21,224,13,08-04-2023
21,512,14,10-07-2022
21,766,15,14-10-2022
21,134,16,02-06-2023
21,743,17,28-08-2022
21,31,18,16-08-2022
21,711,19,03-07-2022
21,254,20,16-12-2022
21,34,21,23-08-2022
21,725,22,15-06-2022
21,110,23,31-08-2022
21,201,24,05-07-2022
21,460,25,01-03-2023
21,940,26,12-06-2022
21,390,27,15-03-2023
21,770,28,04-05-2023
21,930,29,19-05-2023
21,844,30,20-01-2023
21,217,31,21-08-2022
21,719,32,17-08-2022
830,91,1,16-04-2021
830,104,2,12-09-2021
830,331,3,18-03-2021
830,346,4,29-12-2021
830,760,5,01-08-2021
830,282,6,29-06-2021
830,380,7,20-10-2021
830,161,8,24-10-2021
830,754,9,10-02-2022
830,239,10,29-06-2021
830,446,11,21-07-2021
830,711,12,06-12-2021
830,466,13,02-10-2021
830,726,14,23-11-2021
830,862,15,31-03-2021
830,765,16,28-10-2021
830,865,17,04-03-2022
830,140,18,29-06-2021
830,513,19,04-11-2021
830,847,20,29-01-2022
830,659,21,21-10-2021
830,835,22,18-12-2021
830,553,23,02-12-2021
830,603,24,20-02-2022
830,624,25,15-02-2022
830,719,26,22-09-2021
830,678,27,30-09-2021
830,348,28,04-03-2022
830,772,29,18-12-2021
778,707,1,15-04-2023
778,977,2,26-09-2022
778,27,3,23-10-2022
778,962,4,30-11-2022
778,327,5,23-09-2022
778,267,6,23-10-2022
778,660,7,11-02-2023
778,447,8,27-08-2022
778,235,9,20-07-2023
778,572,10,07-03-2023
778,907,11,20-09-2022
778,83,12,19-12-2022
778,671,13,17-10-2022
778,864,14,13-07-2023
778,734,15,05-11-2022
778,386,16,18-06-2023
778,645,17,10-06-2023
778,407,18,18-09-2022
778,932,19,12-04-2023
778,931,20,20-11-2022
778,988,21,03-10-2022
778,284,22,08-01-2023
778,6,23,18-12-2022
778,711,24,20-02-2023
778,440,25,11-10-2022
778,227,26,30-07-2023
778,61,27,02-12-2022
138,950,1,17-04-2022
138,781,2,31-12-2021
138,697,3,23-11-2021
138,474,4,21-11-2021
138,353,5,02-01-2022
138,677,6,23-12-2021
138,956,7,30-07-2022
138,169,8,18-12-2021
138,350,9,08-03-2022
138,129,10,31-05-2022
138,385,11,23-08-2021
138,653,12,21-03-2022
138,402,13,12-05-2022
138,23,14,20-07-2022
138,290,15,22-03-2022
138,234,16,17-11-2021
138,238,17,22-01-2022
138,582,18,07-08-2022
138,119,19,25-02-2022
138,918,20,22-10-2021
138,341,21,03-06-2022
138,499,22,25-11-2021
138,50,23,23-05-2022
138,99,24,02-10-2021
138,457,25,16-01-2022
138,836,26,25-04-2022
138,506,27,01-01-2022
138,52,28,15-06-2022
138,722,29,23-12-2021
138,34,30,12-01-2022
138,475,31,20-02-2022
138,598,32,02-03-2022
138,240,33,17-03-2022
138,531,34,10-04-2022
138,127,35,13-09-2021
948,390,1,06-05-2023
948,542,2,24-07-2022
948,96,3,28-08-2022
948,454,4,04-12-2022
948,474,5,04-12-2022
948,991,6,08-06-2022
948,978,7,17-04-2023
948,525,8,23-09-2022
948,362,9,04-05-2023
948,976,10,09-05-2023
948,787,11,10-02-2023
948,36,12,15-10-2022
948,128,13,12-09-2022
948,624,14,23-11-2022
948,546,15,18-03-2023
948,982,16,01-10-2022
948,764,17,20-05-2023
948,183,18,26-11-2022
948,580,19,04-07-2022
948,626,20,29-07-2022
948,746,21,31-05-2023
948,928,22,17-12-2022
948,565,23,15-07-2022
948,950,24,24-11-2022
948,678,25,30-04-2023
948,34,26,09-01-2023
948,895,27,29-12-2022
948,134,28,09-11-2022
948,791,29,03-05-2023
948,7,30,18-01-2023
948,440,31,28-08-2022
948,911,32,24-11-2022
948,645,33,04-02-2023
948,254,34,30-05-2023
185,117,1,07-05-2023
185,509,2,03-10-2023
185,248,3,27-06-2023
185,710,4,20-03-2023
185,31,5,05-07-2023
185,299,6,26-06-2023
185,343,7,15-06-2023
185,725,8,10-06-2023
185,328,9,30-03-2023
185,853,10,05-03-2023
185,4,11,14-01-2023
185,391,12,29-04-2023
185,277,13,24-02-2023
185,588,14,28-03-2023
185,971,15,19-11-2023
185,861,16,09-02-2023
185,969,17,02-05-2023
185,806,18,10-01-2023
185,551,19,11-01-2023
185,335,20,29-12-2023
185,409,21,24-09-2023
185,629,22,18-02-2023
185,265,23,16-01-2023
185,959,24,10-11-2023
185,895,25,01-06-2023
185,550,26,14-04-2023
185,999,27,10-10-2023
185,811,28,29-05-2023
185,100,29,12-10-2023
185,525,30,03-02-2023
185,157,31,19-02-2023
185,729,32,18-05-2023
185,923,33,11-08-2023
185,537,34,11-04-2023
185,146,35,15-01-2023
185,889,36,03-04-2023
185,844,37,18-12-2023
185,735,38,25-05-2023
185,758,39,10-09-2023
185,200,40,28-01-2023
185,901,41,29-09-2023
185,447,42,04-06-2023
185,386,43,10-07-2023
185,526,44,22-08-2023
185,440,45,26-10-2023
185,600,46,12-02-2023
581,366,1,16-05-2023
581,606,2,24-06-2023
581,14,3,29-01-2023
581,214,4,15-01-2023
581,418,5,14-12-2023
581,327,6,16-04-2023
581,160,7,19-11-2023
581,264,8,17-01-2023
581,486,9,16-06-2023
581,580,10,28-05-2023
581,951,11,24-04-2023
581,101,12,29-08-2023
581,944,13,07-10-2023
581,833,14,09-12-2023
581,706,15,28-08-2023
581,791,16,26-04-2023
581,4,17,29-12-2022
581,512,18,21-01-2023
581,256,19,03-07-2023
581,979,20,22-08-2023
581,711,21,06-04-2023
581,637,22,10-11-2023
581,461,23,19-08-2023
581,466,24,24-08-2023
581,624,25,30-10-2023
581,933,26,29-05-2023
581,994,27,03-02-2023
581,162,28,26-02-2023
581,267,29,30-04-2023
581,914,30,13-08-2023
581,750,31,23-02-2023
581,935,32,21-09-2023
581,97,33,18-01-2023
581,619,34,19-04-2023
581,793,35,08-01-2023
581,464,36,21-05-2023
581,199,37,06-04-2023
581,928,38,14-09-2023
581,346,39,13-10-2023
616,205,1,11-04-2021
616,910,2,12-05-2021
616,976,3,11-06-2021
616,796,4,10-04-2021
616,101,5,07-10-2021
616,925,6,13-02-2021
616,682,7,10-03-2021
616,218,8,17-03-2021
616,950,9,29-01-2021
616,661,10,15-09-2021
616,257,11,02-09-2021
653,144,1,01-05-2023
653,936,2,29-08-2023
653,342,3,20-09-2023
653,828,4,02-05-2023
653,969,5,04-11-2022
653,755,6,01-10-2023
653,146,7,24-01-2023
653,434,8,13-07-2023
653,61,9,29-08-2023
653,284,10,10-12-2022
653,76,11,26-10-2022
653,100,12,04-01-2023
653,598,13,26-04-2023
653,339,14,03-06-2023
653,109,15,20-09-2023
653,467,16,01-07-2023
653,787,17,17-10-2022
653,713,18,27-07-2023
653,923,19,08-12-2022
653,114,20,05-03-2023
321,827,1,03-10-2021
321,976,2,02-01-2022
321,940,3,19-07-2021
321,963,4,12-07-2021
321,521,5,12-09-2021
321,826,6,17-09-2021
321,923,7,15-10-2021
321,780,8,11-12-2021
321,200,9,14-11-2021
321,505,10,12-07-2021
321,793,11,26-08-2021
321,181,12,04-03-2021
321,756,13,26-10-2021
321,410,14,28-02-2021
321,983,15,03-04-2021
321,546,16,08-11-2021
321,103,17,23-12-2021
321,95,18,05-05-2021
321,656,19,14-12-2021
321,862,20,15-06-2021
321,907,21,28-11-2021
321,626,22,31-10-2021
321,57,23,11-02-2022
321,483,24,01-04-2021
321,265,25,17-02-2021
321,577,26,08-06-2021
321,764,27,09-06-2021
321,316,28,01-11-2021
321,129,29,30-01-2022
321,922,30,20-06-2021
941,656,1,23-11-2022
941,115,2,16-02-2023
941,39,3,14-02-2023
941,739,4,17-03-2023
941,516,5,22-04-2023
941,652,6,18-03-2023
237,761,1,10-07-2024
237,537,2,02-09-2023
237,652,3,13-01-2024
237,627,4,07-02-2024
237,949,5,21-05-2024
492,433,1,19-10-2021
492,754,2,28-10-2021
492,266,3,02-07-2022
492,234,4,05-10-2021
492,726,5,15-03-2022
492,833,6,15-08-2021
492,806,7,07-09-2021
492,614,8,05-12-2021
492,275,9,21-05-2022
492,808,10,24-01-2022
492,227,11,02-04-2022
492,23,12,04-12-2021
492,829,13,28-12-2021
492,793,14,31-08-2021
492,122,15,14-09-2021
492,778,16,20-08-2021
839,301,1,05-12-2024
839,267,2,08-05-2025
839,921,3,06-09-2024
839,395,4,30-11-2024
839,663,5,21-12-2024
839,770,6,16-05-2025
839,737,7,15-12-2024
839,574,8,01-11-2024
839,956,9,23-08-2025
77,965,1,30-07-2023
77,217,2,27-04-2024
77,34,3,24-07-2023
77,343,4,16-06-2024
77,813,5,31-01-2024
77,572,6,27-01-2024
77,873,7,06-11-2023
77,939,8,23-11-2023
77,221,9,04-05-2024
77,959,10,29-04-2024
77,316,11,03-08-2023
77,754,12,16-05-2024
77,357,13,28-02-2024
77,781,14,07-11-2023
77,964,15,07-10-2023
77,629,16,24-05-2024
77,167,17,25-01-2024
77,185,18,05-01-2024
77,95,19,18-06-2024
77,655,20,23-09-2023
77,563,21,23-11-2023
77,827,22,24-11-2023
77,660,23,19-07-2023
77,136,24,26-01-2024
77,868,25,22-05-2024
77,315,26,19-06-2024
77,257,27,13-02-2024
77,361,28,07-09-2023
77,574,29,03-12-2023
77,626,30,24-10-2023
77,772,31,16-08-2023
77,45,32,20-11-2023
77,166,33,15-02-2024
77,956,34,07-05-2024
77,794,35,19-11-2023
77,238,36,07-06-2024
77,336,37,31-08-2023
77,393,38,09-09-2023
77,504,39,01-08-2023
77,60,40,22-08-2023
77,110,41,12-05-2024
403,939,1,02-09-2022
403,743,2,08-04-2022
403,960,3,11-09-2022
403,362,4,15-11-2021
403,830,5,12-03-2022
403,629,6,22-10-2022
403,722,7,15-02-2022
403,315,8,23-05-2022
403,185,9,16-11-2021
403,162,10,04-03-2022
403,290,11,09-05-2022
403,128,12,28-07-2022
403,178,13,09-11-2022
403,551,14,05-12-2021
403,707,15,21-06-2022
403,565,16,05-05-2022
403,63,17,25-06-2022
403,83,18,17-01-2022
403,660,19,17-08-2022
403,826,20,20-07-2022
403,780,21,31-07-2022
403,5,22,24-03-2022
403,214,23,06-03-2022
403,129,24,26-08-2022
403,199,25,27-08-2022
403,375,26,12-06-2022
403,482,27,03-12-2021
403,320,28,16-06-2022
403,681,29,19-09-2022
403,835,30,22-07-2022
403,505,31,11-08-2022
403,474,32,12-05-2022
403,49,33,26-05-2022
403,749,34,22-09-2022
403,87,35,31-01-2022
403,43,36,12-05-2022
773,81,1,14-09-2021
773,719,2,09-12-2021
773,956,3,26-01-2022
773,185,4,23-02-2022
773,826,5,10-09-2021
773,390,6,17-04-2022
773,671,7,10-01-2022
773,466,8,13-11-2021
773,422,9,11-10-2021
773,290,10,22-06-2021
773,836,11,18-11-2021
773,862,12,27-07-2021
773,542,13,25-05-2021
788,576,1,10-11-2021
788,735,2,11-08-2021
788,963,3,20-11-2021
788,512,4,03-07-2021
788,363,5,22-09-2021
788,656,6,27-06-2021
788,394,7,30-10-2021
788,470,8,02-01-2022
788,923,9,15-06-2021
788,706,10,22-07-2021
788,598,11,01-03-2021
788,359,12,17-06-2021
788,366,13,30-09-2021
788,516,14,11-01-2022
788,509,15,17-09-2021
788,737,16,15-11-2021
788,434,17,01-12-2021
788,4,18,07-03-2021
788,907,19,03-02-2021
788,652,20,29-01-2022
788,702,21,15-08-2021
788,362,22,06-05-2021
788,627,23,26-12-2021
788,290,24,06-12-2021
788,505,25,16-06-2021
788,267,26,24-08-2021
788,348,27,09-10-2021
788,103,28,28-06-2021
788,642,29,13-01-2022
788,600,30,15-01-2022
788,241,31,13-10-2021
788,924,32,01-01-2022
788,218,33,27-07-2021
788,682,34,06-06-2021
788,94,35,10-10-2021
788,477,36,12-06-2021
788,830,37,23-03-2021
788,322,38,05-05-2021
788,989,39,08-12-2021
788,167,40,09-09-2021
788,373,41,01-01-2022
788,451,42,01-01-2022
788,992,43,21-02-2021
788,265,44,25-08-2021
788,295,45,03-05-2021
797,530,1,07-02-2025
797,231,2,06-01-2025
797,783,3,06-11-2024
797,751,4,11-04-2025
797,233,5,02-05-2025
797,322,6,05-11-2024
797,52,7,14-12-2024
797,303,8,16-12-2024
797,769,9,23-07-2025
797,726,10,10-12-2024
797,133,11,17-01-2025
797,964,12,02-11-2024
797,667,13,10-01-2025
797,999,14,16-03-2025
797,719,15,31-01-2025
797,810,16,16-11-2024
797,210,17,06-05-2025
797,90,18,24-11-2024
797,252,19,29-06-2025
797,161,20,27-04-2025
797,684,21,25-11-2024
797,525,22,19-07-2025
797,221,23,17-02-2025
797,857,24,21-08-2025
797,103,25,15-09-2024
797,572,26,09-04-2025
797,660,27,19-06-2025
797,346,28,05-07-2025
797,836,29,05-04-2025
797,847,30,20-04-2025
797,132,31,04-05-2025
797,491,32,20-10-2024
797,165,33,13-09-2024
797,212,34,19-07-2025
797,830,35,19-12-2024
797,331,36,01-03-2025
797,461,37,24-08-2025
797,928,38,05-09-2024
797,994,39,19-10-2024
358,3,1,07-12-2023
358,539,2,07-03-2024
358,43,3,28-05-2024
358,933,4,19-04-2024
358,129,5,20-10-2023
358,774,6,01-02-2024
358,466,7,04-05-2024
358,384,8,02-04-2024
358,95,9,06-08-2024
358,999,10,02-07-2024
358,355,11,02-03-2024
358,556,12,15-01-2024
358,910,13,03-08-2024
358,139,14,16-11-2023
358,506,15,19-06-2024
358,911,16,10-06-2024
358,34,17,13-05-2024
358,36,18,27-09-2023
358,405,19,25-04-2024
358,434,20,21-01-2024
358,798,21,25-03-2024
358,398,22,01-07-2024
358,771,23,08-04-2024
27,553,1,30-11-2023
27,654,2,20-09-2023
27,677,3,13-01-2024
27,457,4,07-07-2023
27,398,5,12-11-2023
27,624,6,24-02-2024
27,982,7,14-01-2024
27,236,8,30-11-2023
27,829,9,28-03-2024
27,808,10,07-02-2024
27,657,11,03-09-2023
27,828,12,28-12-2023
27,129,13,08-01-2024
27,713,14,08-08-2023
27,584,15,25-11-2023
27,226,16,19-09-2023
27,977,17,08-11-2023
27,781,18,01-05-2024
27,978,19,15-06-2024
27,645,20,20-04-2024
823,386,1,26-03-2025
823,81,2,08-02-2025
823,657,3,20-02-2025
823,557,4,13-06-2025
823,453,5,30-09-2024
823,466,6,01-09-2024
823,642,7,20-10-2024
303,505,1,18-12-2024
303,669,2,29-05-2025
303,334,3,13-05-2025
303,828,4,16-07-2025
303,344,5,04-03-2025
303,820,6,01-09-2024
303,983,7,30-05-2025
303,672,8,27-10-2024
303,913,9,02-10-2024
303,766,10,06-05-2025
303,72,11,13-10-2024
303,697,12,02-06-2025
303,940,13,02-12-2024
303,745,14,26-04-2025
303,735,15,12-05-2025
303,458,16,29-11-2024
303,706,17,12-07-2025
303,362,18,28-02-2025
303,928,19,26-12-2024
303,594,20,17-10-2024
303,55,21,31-07-2025
303,572,22,14-08-2024
303,165,23,14-12-2024
303,838,24,31-05-2025
86,165,1,10-01-2023
86,830,2,26-09-2022
86,706,3,14-01-2023
86,681,4,26-06-2022
86,140,5,05-10-2022
86,483,6,04-11-2022
86,409,7,23-06-2022
86,385,8,05-03-2023
86,370,9,09-08-2022
86,241,10,16-12-2022
86,605,11,26-12-2022
86,871,12,06-03-2023
86,977,13,27-02-2023
86,474,14,18-07-2022
86,568,15,18-01-2023
86,579,16,22-06-2022
86,812,17,19-08-2022
86,278,18,14-03-2023
86,189,19,07-05-2023
86,881,20,19-04-2023
86,639,21,30-07-2022
86,0,22,09-03-2023
86,521,23,27-11-2022
86,989,24,06-10-2022
86,4,25,26-08-2022
86,182,26,21-11-2022
86,987,27,11-09-2022
86,328,28,28-07-2022
767,228,1,12-11-2023
767,626,2,19-08-2023
767,401,3,23-08-2023
767,700,4,21-01-2024
767,206,5,08-12-2023
767,836,6,11-04-2023
767,4,7,23-11-2023
767,841,8,24-02-2023
767,684,9,11-04-2023
767,619,10,03-02-2024
767,319,11,02-01-2024
767,516,12,30-01-2024
767,337,13,15-10-2023
767,707,14,23-02-2023
767,907,15,27-06-2023
767,422,16,11-12-2023
767,329,17,23-12-2023
767,521,18,09-10-2023
767,811,19,23-11-2023
767,735,20,23-01-2024
767,783,21,04-05-2023
767,734,22,24-08-2023
767,911,23,30-01-2024
767,725,24,17-07-2023
767,115,25,26-06-2023
767,167,26,23-04-2023
767,23,27,25-02-2023
767,128,28,02-01-2024
767,751,29,28-03-2023
767,865,30,26-09-2023
767,796,31,28-11-2023
767,168,32,18-02-2023
767,174,33,07-01-2024
767,394,34,21-02-2023
767,655,35,06-03-2023
767,851,36,25-11-2023
767,301,37,24-12-2023
376,464,1,11-04-2022
376,844,2,09-06-2022
376,291,3,14-05-2022
376,812,4,12-01-2023
376,281,5,21-11-2022
376,236,6,25-04-2022
376,146,7,02-08-2022
376,951,8,07-04-2022
376,735,9,16-07-2022
376,989,10,28-02-2022
376,624,11,22-08-2022
376,534,12,18-11-2022
376,245,13,06-06-2022
376,572,14,03-11-2022
376,782,15,10-08-2022
376,136,16,25-02-2022
376,615,17,09-06-2022
376,556,18,29-09-2022
376,383,19,18-01-2023
376,496,20,31-12-2022
376,734,21,19-06-2022
376,63,22,24-12-2022
376,20,23,16-06-2022
376,133,24,15-09-2022
376,189,25,09-03-2022
376,854,26,25-02-2022
376,393,27,12-09-2022
376,630,28,21-02-2022
418,590,1,27-07-2024
418,504,2,31-07-2024
418,957,3,24-11-2024
418,847,4,12-10-2024
418,373,5,18-08-2024
418,827,6,09-06-2024
418,252,7,30-08-2024
418,275,8,03-02-2025
418,889,9,30-09-2024
418,454,10,09-08-2024
418,178,11,20-06-2024
418,910,12,27-09-2024
418,963,13,14-12-2024
418,745,14,13-05-2024
418,600,15,04-07-2024
133,161,1,13-09-2021
133,744,2,21-07-2021
133,516,3,05-12-2021
133,513,4,22-03-2021
133,5,5,27-08-2021
133,817,6,14-03-2021
133,499,7,03-11-2021
133,36,8,12-09-2021
133,903,9,17-01-2021
133,256,10,27-09-2021
133,551,11,09-04-2021
133,83,12,06-07-2021
717,225,1,19-06-2024
717,36,2,02-12-2024
717,571,3,30-09-2024
717,435,4,17-10-2024
717,678,5,31-12-2024
717,70,6,29-06-2024
717,751,7,12-07-2024
717,897,8,31-12-2024
717,835,9,24-09-2024
717,432,10,12-11-2024
717,132,11,01-09-2024
717,990,12,11-12-2024
717,490,13,26-02-2025
717,801,14,27-08-2024
717,309,15,17-04-2024
717,299,16,26-05-2024
717,706,17,19-03-2024
717,730,18,15-04-2024
717,405,19,25-04-2024
717,561,20,15-10-2024
717,98,21,23-07-2024
717,725,22,31-05-2024
717,440,23,21-05-2024
717,711,24,11-10-2024
717,739,25,18-05-2024
717,119,26,28-07-2024
717,228,27,24-02-2025
717,845,28,08-12-2024
717,277,29,05-01-2025
717,446,30,07-08-2024
717,198,31,10-01-2025
717,348,32,28-02-2025
717,574,33,03-08-2024
717,901,34,03-08-2024
717,249,35,18-09-2024
717,401,36,04-02-2025
717,582,37,05-02-2025
717,52,38,25-06-2024
717,149,39,01-08-2024
717,390,40,27-02-2025
476,270,1,11-05-2023
476,516,2,01-05-2023
476,678,3,15-05-2023
476,267,4,13-01-2023
476,776,5,19-12-2022
476,771,6,28-01-2023
476,469,7,11-09-2022
476,852,8,28-03-2023
476,615,9,08-06-2023
476,6,10,22-04-2023
476,486,11,07-04-2023
476,903,12,13-05-2023
476,520,13,25-02-2023
476,455,14,21-01-2023
476,810,15,18-08-2022
476,597,16,09-06-2023
476,341,17,18-09-2022
476,71,18,18-03-2023
476,303,19,28-11-2022
476,975,20,25-07-2023
476,283,21,05-11-2022
476,165,22,27-02-2023
476,770,23,20-06-2023
476,828,24,10-12-2022
476,846,25,11-06-2023
476,172,26,03-03-2023
476,278,27,24-10-2022
476,501,28,04-05-2023
476,909,29,06-09-2022
476,782,30,25-03-2023
476,144,31,25-06-2023
476,711,32,11-12-2022
476,564,33,26-01-2023
476,739,34,19-04-2023
476,408,35,13-04-2023
476,834,36,26-01-2023
476,798,37,18-08-2022
476,414,38,14-07-2023
476,652,39,09-02-2023
476,201,40,25-02-2023
476,521,41,13-08-2022
476,153,42,15-02-2023
103,697,1,03-10-2021
103,177,2,20-05-2021
103,669,3,26-02-2021
103,491,4,30-01-2021
103,267,5,05-04-2021
103,201,6,29-04-2021
103,115,7,28-04-2021
103,397,8,20-03-2021
103,456,9,10-06-2021
103,244,10,05-03-2021
103,649,11,21-09-2021
103,729,12,12-06-2021
103,742,13,30-04-2021
103,593,14,21-11-2021
103,198,15,23-02-2021
103,205,16,02-09-2021
103,827,17,07-12-2021
103,677,18,23-04-2021
103,101,19,13-07-2021
103,701,20,15-06-2021
103,174,21,24-07-2021
103,556,22,03-07-2021
103,994,23,25-09-2021
103,402,24,21-10-2021
103,72,25,27-10-2021
103,956,26,08-12-2021
103,619,27,30-05-2021
103,509,28,11-11-2021
103,61,29,23-07-2021
103,284,30,20-08-2021
103,188,31,19-02-2021
103,783,32,07-06-2021
103,707,33,30-10-2021
103,713,34,11-03-2021
103,310,35,17-05-2021
103,499,36,19-09-2021
103,380,37,16-12-2021
103,128,38,09-08-2021
103,897,39,21-03-2021
103,387,40,21-04-2021
103,455,41,14-06-2021
103,787,42,06-10-2021
103,111,43,18-11-2021
103,49,44,02-09-2021
141,883,1,02-12-2024
141,64,2,09-12-2024
141,320,3,06-07-2024
141,987,4,25-10-2024
141,545,5,30-11-2024
141,614,6,23-02-2025
141,439,7,02-04-2025
141,382,8,13-02-2025
141,518,9,05-12-2024
141,742,10,30-12-2024
141,995,11,07-02-2025
141,69,12,02-11-2024
141,828,13,16-11-2024
141,449,14,28-11-2024
141,576,15,22-12-2024
141,343,16,28-02-2025
141,117,17,07-05-2025
141,359,18,04-09-2024
141,3,19,26-08-2024
141,108,20,05-01-2025
141,66,21,01-02-2025
141,895,22,02-07-2024
141,660,23,17-01-2025
141,529,24,01-07-2024
109,214,1,17-03-2024
109,936,2,02-08-2024
109,764,3,14-04-2024
109,281,4,17-03-2024
109,86,5,09-09-2024
109,617,6,15-11-2024
109,455,7,19-12-2023
109,897,8,29-09-2024
109,238,9,05-08-2024
109,722,10,18-08-2024
109,327,11,29-03-2024
109,720,12,31-07-2024
109,801,13,06-09-2024
109,188,14,23-10-2024
109,152,15,16-01-2024
109,59,16,06-01-2024
109,796,17,08-05-2024
109,80,18,05-01-2024
109,674,19,18-05-2024
109,782,20,30-01-2024
109,834,21,29-01-2024
109,476,22,15-02-2024
109,215,23,08-11-2024
109,787,24,08-03-2024
109,433,25,06-09-2024
109,456,26,28-05-2024
109,198,27,03-09-2024
109,189,28,28-11-2023
109,90,29,10-04-2024
109,435,30,21-05-2024
109,339,31,18-07-2024
109,68,32,12-12-2023
109,466,33,22-09-2024
109,562,34,03-12-2023
109,590,35,23-12-2023
109,799,36,16-04-2024
109,492,37,06-11-2024
109,60,38,21-04-2024
109,123,39,27-01-2024
521,100,1,12-05-2025
521,486,2,15-08-2024
521,742,3,23-06-2025
521,798,4,20-04-2025
521,803,5,20-12-2024
521,97,6,08-08-2024
521,899,7,19-05-2025
521,956,8,06-04-2025
521,66,9,18-01-2025
521,597,10,12-01-2025
521,516,11,11-02-2025
521,182,12,15-07-2024
521,518,13,02-11-2024
521,136,14,05-11-2024
521,556,15,09-03-2025
521,160,16,30-06-2025
521,211,17,11-02-2025
521,908,18,23-03-2025
521,605,19,01-09-2024
521,454,20,16-05-2025
521,505,21,10-11-2024
521,446,22,08-01-2025
521,960,23,26-01-2025
521,400,24,29-09-2024
521,483,25,17-10-2024
521,15,26,25-11-2024
521,722,27,26-01-2025
521,726,28,11-11-2024
521,711,29,08-03-2025
154,812,1,26-05-2025
154,589,2,19-12-2024
154,847,3,14-02-2025
154,976,4,12-05-2025
154,979,5,03-12-2024
154,597,6,31-01-2025
154,776,7,19-03-2025
154,588,8,08-06-2025
154,98,9,10-03-2025
154,346,10,27-02-2025
154,282,11,01-02-2025
154,590,12,03-03-2025
154,471,13,26-02-2025
154,181,14,11-08-2025
154,617,15,11-11-2024
154,303,16,31-07-2025
154,83,17,27-01-2025
154,224,18,22-07-2025
154,978,19,19-03-2025
154,275,20,02-09-2025
154,432,21,25-10-2024
154,315,22,10-02-2025
154,5,23,14-05-2025
154,32,24,10-07-2025
154,146,25,05-11-2024
154,209,26,29-08-2025
154,509,27,01-08-2025
154,796,28,29-03-2025
154,957,29,22-01-2025
154,871,30,30-09-2025
154,775,31,20-11-2024
154,15,32,03-06-2025
154,735,33,27-08-2025
154,228,34,08-01-2025
154,289,35,19-01-2025
154,850,36,04-03-2025
154,840,37,01-01-2025
154,301,38,27-12-2024
154,387,39,09-12-2024
593,739,1,22-01-2023
593,430,2,16-01-2023
593,700,3,09-11-2022
593,350,4,04-02-2023
593,284,5,05-02-2023
593,81,6,16-01-2023
593,572,7,16-08-2022
593,844,8,14-06-2023
593,129,9,02-09-2022
593,771,10,19-09-2022
593,331,11,12-05-2023
593,720,12,18-01-2023
593,953,13,15-01-2023
593,856,14,16-04-2023
593,185,15,02-01-2023
593,624,16,03-06-2023
593,68,17,17-07-2022
593,334,18,02-04-2023
593,586,19,25-05-2023
593,991,20,29-10-2022
593,634,21,07-09-2022
593,45,22,02-08-2022
593,862,23,08-01-2023
593,357,24,01-09-2022
593,832,25,02-03-2023
593,90,26,16-09-2022
593,370,27,24-09-2022
593,744,28,28-12-2022
593,335,29,25-12-2022
43,454,1,25-04-2025
43,315,2,08-08-2025
43,72,3,20-02-2025
43,861,4,18-07-2025
43,719,5,08-03-2025
43,175,6,30-10-2024
43,440,7,01-05-2025
43,107,8,18-05-2025
43,461,9,27-08-2025
43,185,10,23-03-2025
43,521,11,25-07-2025
43,776,12,15-07-2025
43,811,13,02-07-2025
43,965,14,18-12-2024
43,908,15,20-06-2025
43,432,16,13-12-2024
43,127,17,09-12-2024
43,466,18,03-02-2025
43,809,19,02-10-2024
43,282,20,03-02-2025
43,680,21,15-11-2024
43,99,22,15-05-2025
43,353,23,07-09-2024
43,203,24,28-04-2025
43,214,25,11-10-2024
43,287,26,23-09-2024
43,205,27,25-12-2024
43,260,28,26-09-2024
43,504,29,17-01-2025
43,183,30,09-05-2025
43,751,31,01-07-2025
43,0,32,09-12-2024
43,949,33,06-10-2024
33,726,1,06-06-2021
33,521,2,10-01-2022
33,774,3,19-08-2021
33,851,4,15-06-2021
33,70,5,14-04-2021
33,153,6,19-02-2021
33,355,7,26-03-2021
33,469,8,13-02-2021
33,110,9,19-08-2021
33,417,10,30-08-2021
33,561,11,20-04-2021
33,837,12,06-05-2021
33,702,13,11-07-2021
33,994,14,07-09-2021
33,832,15,07-04-2021
33,739,16,29-03-2021
33,6,17,20-01-2022
33,656,18,08-01-2022
33,513,19,22-04-2021
33,692,20,18-04-2021
33,942,21,11-03-2021
33,868,22,03-05-2021
431,810,1,04-02-2024
431,5,2,10-09-2024
431,580,3,16-06-2024
431,646,4,12-02-2024
431,862,5,12-04-2024
431,496,6,16-01-2024
431,883,7,16-11-2024
431,787,8,03-09-2024
431,910,9,19-06-2024
431,914,10,18-05-2024
431,582,11,18-01-2024
431,45,12,02-02-2024
431,911,13,23-06-2024
431,895,14,13-08-2024
431,972,15,02-02-2024
431,826,16,18-08-2024
431,780,17,09-11-2024
431,199,18,12-07-2024
431,798,19,05-10-2024
431,103,20,10-12-2023
431,198,21,13-03-2024
431,362,22,23-01-2024
431,763,23,23-05-2024
431,385,24,24-08-2024
431,274,25,01-05-2024
431,375,26,21-07-2024
431,969,27,14-04-2024
431,167,28,15-04-2024
431,271,29,10-02-2024
431,700,30,08-10-2024
431,669,31,07-10-2024
431,983,32,03-01-2024
431,203,33,29-09-2024
431,361,34,09-09-2024
431,378,35,15-05-2024
431,805,36,29-01-2024
431,160,37,16-01-2024
431,576,38,19-03-2024
431,95,39,12-06-2024
431,34,40,15-01-2024
431,881,41,29-12-2023
431,626,42,21-07-2024
431,686,43,09-06-2024
431,100,44,14-07-2024
431,744,45,06-12-2023
431,475,46,13-04-2024
431,765,47,06-02-2024
431,565,48,25-09-2024
431,486,49,10-08-2024
431,652,50,24-05-2024
367,433,1,26-05-2022
367,199,2,19-01-2022
367,238,3,02-08-2022
367,286,4,21-07-2022
367,96,5,08-01-2022
367,627,6,13-12-2021
367,708,7,28-10-2021
367,750,8,16-02-2022
367,432,9,24-12-2021
367,422,10,30-06-2022
367,521,11,28-06-2022
367,380,12,25-07-2022
367,368,13,19-08-2022
367,52,14,14-08-2022
367,58,15,11-04-2022
367,248,16,15-01-2022
367,329,17,10-12-2021
367,499,18,19-08-2022
367,103,19,14-08-2022
367,90,20,16-04-2022
367,153,21,24-08-2021
367,215,22,20-03-2022
545,799,1,02-12-2023
545,768,2,07-07-2023
545,755,3,30-11-2023
545,711,4,20-08-2023
545,871,5,10-12-2023
545,908,6,02-07-2023
341,817,1,29-01-2024
341,304,2,26-12-2023
341,888,3,04-01-2024
341,328,4,02-12-2023
341,373,5,05-12-2023
341,303,6,31-12-2023
341,883,7,27-04-2024
341,225,8,25-06-2024
341,642,9,04-08-2023
341,834,10,11-01-2024
341,91,11,03-04-2024
341,654,12,10-04-2024
341,438,13,06-10-2023
341,541,14,28-05-2024
341,272,15,07-04-2024
341,123,16,26-05-2024
341,95,17,26-11-2023
341,188,18,24-05-2024
341,848,19,04-08-2023
341,377,20,13-09-2023
341,1000,21,23-01-2024
341,433,22,30-10-2023
341,808,23,09-11-2023
341,65,24,30-10-2023
341,386,25,10-04-2024
341,972,26,03-07-2024
341,643,27,22-12-2023
341,202,28,13-10-2023
341,430,29,18-12-2023
341,682,30,10-11-2023
341,574,31,01-01-2024
341,516,32,25-01-2024
341,114,33,17-01-2024
341,652,34,11-07-2024
341,724,35,16-04-2024
341,983,36,14-03-2024
341,72,37,28-06-2024
341,420,38,07-10-2023
341,385,39,11-10-2023
994,5,1,03-06-2022
994,133,2,19-01-2023
994,836,3,22-04-2022
994,31,4,14-11-2022
994,146,5,03-11-2022
994,516,6,12-06-2022
994,95,7,03-06-2022
994,649,8,31-07-2022
994,883,9,07-08-2022
994,868,10,21-09-2022
994,409,11,14-07-2022
994,387,12,21-07-2022
994,4,13,19-04-2022
994,764,14,17-09-2022
994,470,15,13-06-2022
994,947,16,02-07-2022
994,101,17,02-08-2022
994,521,18,09-07-2022
994,496,19,08-08-2022
994,630,20,20-01-2023
790,389,1,11-08-2024
790,838,2,07-11-2024
790,51,3,22-03-2024
790,272,4,02-09-2024
790,944,5,06-02-2025
790,311,6,03-04-2024
790,534,7,15-11-2024
790,735,8,31-07-2024
790,201,9,03-11-2024
790,273,10,26-06-2024
790,152,11,08-12-2024
790,266,12,23-01-2025
790,842,13,08-08-2024
790,435,14,25-02-2024
790,657,15,02-09-2024
790,265,16,07-12-2024
790,117,17,17-02-2024
790,243,18,15-09-2024
790,507,19,06-12-2024
790,5,20,17-12-2024
790,583,21,17-03-2024
790,708,22,02-04-2024
790,161,23,06-01-2025
790,897,24,23-10-2024
790,200,25,31-08-2024
790,907,26,13-05-2024
790,525,27,02-06-2024
790,324,28,01-12-2024
790,165,29,01-06-2024
790,848,30,25-03-2024
790,386,31,06-04-2024
790,692,32,05-06-2024
790,947,33,05-12-2024
790,770,34,22-04-2024
790,210,35,21-08-2024
790,725,36,11-01-2025
790,447,37,10-09-2024
790,364,38,19-04-2024
790,270,39,16-04-2024
790,776,40,29-10-2024
790,834,41,27-06-2024
790,743,42,15-06-2024
790,764,43,10-01-2025
790,334,44,03-08-2024
790,778,45,11-09-2024
766,146,1,29-04-2024
766,710,2,21-10-2024
766,38,3,29-07-2024
766,664,4,29-11-2023
766,505,5,22-04-2024
766,537,6,01-01-2024
766,44,7,13-05-2024
766,353,8,24-11-2023
766,727,9,27-03-2024
766,827,10,26-08-2024
766,574,11,22-07-2024
766,386,12,21-01-2024
766,359,13,02-01-2024
766,677,14,09-03-2024
766,465,15,18-01-2024
766,861,16,11-09-2024
766,201,17,20-09-2024
766,667,18,03-02-2024
766,280,19,09-01-2024
766,817,20,19-09-2024
766,844,21,27-11-2023
766,820,22,01-03-2024
766,62,23,25-05-2024
766,913,24,26-07-2024
766,267,25,28-05-2024
766,745,26,09-03-2024
766,799,27,02-04-2024
766,836,28,14-12-2023
766,828,29,19-10-2024
766,516,30,25-10-2024
766,700,31,19-11-2023
766,26,32,19-01-2024
766,868,33,18-06-2024
766,387,34,27-12-2023
766,895,35,03-05-2024
766,383,36,25-12-2023
766,534,37,13-07-2024
766,325,38,07-04-2024
766,274,39,24-08-2024
766,612,40,29-08-2024
920,868,1,15-09-2022
920,989,2,14-02-2023
920,155,3,14-10-2022
920,629,4,28-01-2023
920,598,5,20-01-2023
920,605,6,19-11-2022
920,111,7,27-06-2022
920,597,8,31-07-2022
920,274,9,29-06-2022
920,241,10,15-08-2022
920,580,11,10-11-2022
920,452,12,25-11-2022
920,366,13,16-04-2022
920,798,14,31-08-2022
920,456,15,19-05-2022
920,278,16,27-06-2022
920,739,17,09-05-2022
920,499,18,16-03-2022
920,23,19,03-06-2022
920,657,20,04-11-2022
920,276,21,25-11-2022
920,409,22,20-07-2022
920,627,23,07-02-2023
920,857,24,02-11-2022
920,617,25,07-02-2023
920,233,26,01-12-2022
920,198,27,01-01-2023
920,496,28,10-09-2022
920,231,29,08-06-2022
920,572,30,28-01-2023
920,454,31,24-09-2022
920,399,32,18-07-2022
920,963,33,19-05-2022
920,261,34,09-04-2022
920,994,35,14-12-2022
920,385,36,31-12-2022
920,192,37,16-07-2022
588,280,1,29-10-2021
588,162,2,06-06-2022
588,576,3,26-10-2021
588,481,4,11-08-2022
588,947,5,11-02-2022
588,407,6,17-07-2022
588,475,7,27-12-2021
588,346,8,18-07-2022
483,474,1,13-08-2024
483,353,2,26-03-2024
483,132,3,17-09-2024
483,182,4,02-04-2024
483,589,5,19-07-2024
483,534,6,02-01-2024
483,850,7,10-11-2024
483,188,8,27-03-2024
483,199,9,31-05-2024
483,745,10,19-12-2024
483,798,11,02-04-2024
483,997,12,06-08-2024
483,4,13,29-11-2024
483,189,14,20-07-2024
483,31,15,07-03-2024
483,999,16,22-02-2024
483,224,17,07-10-2024
483,737,18,27-02-2024
483,787,19,06-09-2024
483,316,20,11-02-2024
483,95,21,29-09-2024
483,742,22,10-07-2024
483,828,23,31-05-2024
483,751,24,31-10-2024
483,157,25,01-01-2024
483,994,26,29-08-2024
483,461,27,13-08-2024
483,434,28,09-04-2024
483,927,29,01-04-2024
483,399,30,18-09-2024
483,782,31,23-02-2024
483,405,32,28-10-2024
483,295,33,13-05-2024
483,498,34,17-11-2024
483,400,35,02-07-2024
483,472,36,28-04-2024
483,801,37,05-06-2024
781,20,1,06-07-2022
781,571,2,09-07-2022
781,272,3,21-11-2022
781,0,4,17-10-2022
781,976,5,24-08-2022
781,490,6,01-12-2022
781,656,7,12-08-2022
781,70,8,06-06-2022
781,835,9,16-09-2022
781,782,10,02-07-2022
781,959,11,02-09-2022
781,152,12,21-02-2022
781,466,13,26-01-2023
781,199,14,27-02-2022
781,62,15,05-05-2022
781,325,16,27-11-2022
781,711,17,23-07-2022
781,787,18,13-11-2022
742,103,1,21-09-2025
742,167,2,05-05-2025
742,787,3,24-05-2025
742,652,4,10-05-2025
742,218,5,02-09-2025
742,579,6,14-06-2025
742,335,7,02-06-2025
742,526,8,19-07-2025
742,601,9,08-11-2025
742,355,10,26-07-2025
742,912,11,25-01-2025
742,857,12,21-10-2025
742,931,13,01-06-2025
742,661,14,02-04-2025
742,619,15,05-06-2025
742,469,16,29-05-2025
742,315,17,01-05-2025
742,568,18,23-09-2025
742,946,19,27-06-2025
742,649,20,09-05-2025
742,60,21,13-08-2025
742,537,22,12-01-2025
742,708,23,04-10-2025
742,828,24,03-06-2025
742,735,25,24-03-2025
637,582,1,29-04-2022
637,916,2,13-05-2022
637,390,3,04-03-2022
637,461,4,23-09-2021
637,329,5,12-10-2021
637,85,6,02-05-2022
637,743,7,08-04-2022
637,758,8,24-05-2022
637,680,9,25-01-2022
637,14,10,19-07-2022
637,991,11,06-06-2022
637,827,12,21-02-2022
637,338,13,23-06-2022
637,440,14,25-01-2022
637,897,15,16-04-2022
637,711,16,17-09-2021
637,408,17,27-11-2021
637,755,18,27-04-2022
637,308,19,11-06-2022
637,49,20,01-02-2022
637,971,21,06-06-2022
637,557,22,03-09-2021
637,883,23,26-02-2022
637,129,24,16-06-2022
909,320,1,13-03-2025
909,965,2,09-08-2025
909,221,3,10-01-2025
909,129,4,30-08-2025
909,518,5,27-06-2025
909,516,6,28-12-2024
909,244,7,24-03-2025
909,70,8,14-04-2025
909,108,9,02-01-2025
909,403,10,27-01-2025
909,808,11,27-06-2025
909,909,12,29-09-2025
0,989,1,18-06-2024
0,386,2,23-10-2023
0,492,3,19-07-2024
0,649,4,30-01-2024
0,668,5,07-11-2023
0,392,6,10-09-2023
0,740,7,31-10-2023
0,59,8,29-10-2023
0,69,9,09-12-2023
0,238,10,06-02-2024
0,137,11,03-06-2024
1000,976,1,18-09-2021
1000,218,2,12-07-2021
1000,882,3,20-07-2021
1000,697,4,30-04-2021
1000,542,5,23-10-2021
1000,65,6,11-05-2021
1000,169,7,08-04-2021
908,364,1,10-08-2022
908,838,2,09-09-2022
908,486,3,14-02-2022
908,720,4,06-12-2021
908,713,5,24-06-2022
908,267,6,16-03-2022
908,410,7,18-03-2022
908,799,8,17-08-2022
908,669,9,29-10-2022
908,72,10,01-05-2022
908,383,11,27-05-2022
908,914,12,04-03-2022
908,798,13,10-04-2022
908,885,14,06-05-2022
908,730,15,16-09-2022
908,898,16,18-12-2021
908,842,17,19-08-2022
908,671,18,09-01-2022
908,989,19,25-04-2022
908,413,20,10-10-2022
908,845,21,03-11-2022
498,483,1,11-08-2023
498,388,2,11-06-2023
498,445,3,08-02-2023
498,72,4,01-12-2023
498,455,5,27-12-2022
498,820,6,12-05-2023
498,110,7,01-08-2023
498,911,8,10-08-2023
498,432,9,16-08-2023
498,235,10,18-10-2023
498,181,11,26-02-2023
498,440,12,24-05-2023
498,711,13,05-01-2023
498,435,14,10-02-2023
498,183,15,20-07-2023
498,127,16,14-07-2023
498,830,17,07-01-2023
498,387,18,25-09-2023
498,781,19,23-08-2023
498,970,20,14-01-2023
498,394,21,09-10-2023
498,933,22,16-07-2023
498,335,23,28-09-2023
498,197,24,06-01-2023
498,686,25,06-01-2023
498,951,26,12-11-2023
498,889,27,16-04-2023
498,847,28,24-03-2023
498,856,29,16-04-2023
498,331,30,11-01-2023
498,456,31,19-05-2023
498,337,32,19-08-2023
498,271,33,03-09-2023
498,833,34,21-12-2022
498,995,35,09-05-2023
498,726,36,25-09-2023
498,115,37,17-11-2023
270,531,1,27-12-2021
270,422,2,07-02-2022
270,663,3,02-11-2022
270,461,4,12-06-2022
270,198,5,06-07-2022
270,830,6,29-01-2022
270,185,7,29-01-2022
270,455,8,20-06-2022
270,761,9,10-07-2022
270,129,10,02-06-2022
270,705,11,28-08-2022
270,933,12,01-12-2022
270,265,13,07-12-2022
270,441,14,26-11-2022
270,179,15,07-03-2022
270,456,16,18-11-2022
607,477,1,05-03-2025
607,362,2,24-01-2025
607,903,3,01-07-2024
607,394,4,18-08-2024
607,181,5,23-12-2024
607,654,6,19-09-2024
607,669,7,18-05-2024
607,930,8,01-07-2024
607,99,9,11-02-2025
607,847,10,18-07-2024
607,895,11,11-11-2024
607,301,12,06-07-2024
607,521,13,31-10-2024
607,562,14,12-10-2024
607,987,15,19-11-2024
607,931,16,09-10-2024
607,525,17,31-07-2024
607,719,18,02-01-2025
607,999,19,05-07-2024
607,713,20,06-04-2025
607,350,21,19-05-2024
607,314,22,13-03-2025
607,206,23,22-07-2024
607,151,24,22-05-2024
607,456,25,17-08-2024
607,453,26,14-04-2025
883,218,1,02-02-2024
883,143,2,12-10-2024
883,999,3,08-06-2024
883,398,4,04-07-2024
883,80,5,18-04-2024
883,782,6,07-08-2024
883,282,7,29-01-2024
883,451,8,30-06-2024
883,204,9,28-03-2024
883,516,10,12-11-2024
883,490,11,16-12-2023
883,711,12,12-09-2024
883,199,13,23-02-2024
883,227,14,03-01-2024
883,201,15,19-11-2023
883,600,16,02-05-2024
883,658,17,20-07-2024
883,371,18,24-06-2024
883,66,19,28-02-2024
883,827,20,04-09-2024
883,660,21,09-06-2024
883,5,22,07-06-2024
883,838,23,11-01-2024
883,907,24,24-08-2024
883,844,25,22-08-2024
883,256,26,04-12-2023
450,646,1,06-08-2025
450,574,2,06-05-2025
450,458,3,22-10-2024
450,556,4,30-11-2024
450,725,5,21-10-2024
450,841,6,02-03-2025
450,398,7,23-02-2025
450,461,8,17-08-2024
450,618,9,29-04-2025
450,212,10,16-08-2024
450,601,11,08-08-2025
450,34,12,08-12-2024
450,422,13,11-11-2024
450,850,14,28-02-2025
450,183,15,15-11-2024
450,565,16,16-05-2025
450,497,17,25-07-2025
450,239,18,22-01-2025
450,91,19,04-02-2025
450,612,20,17-09-2024
450,429,21,27-10-2024
450,778,22,27-02-2025
450,629,23,26-05-2025
450,610,24,10-11-2024
450,346,25,20-06-2025
450,257,26,27-03-2025
450,290,27,28-09-2024
450,271,28,17-07-2025
450,420,29,31-12-2024
450,848,30,12-05-2025
450,471,31,09-08-2025
450,143,32,20-09-2024
450,842,33,18-09-2024
450,451,34,11-11-2024
450,338,35,08-01-2025
450,576,36,31-08-2024
450,931,37,05-04-2025
450,521,38,25-09-2024
450,342,39,27-04-2025
450,731,40,23-05-2025
450,594,41,19-12-2024
450,357,42,23-08-2024
450,742,43,31-07-2025
450,681,44,21-07-2025
450,456,45,05-07-2025
450,368,46,07-02-2025
450,734,47,31-03-2025
450,204,48,04-07-2025
450,531,49,02-09-2024
450,761,50,10-10-2024
986,816,1,27-05-2022
986,185,2,14-04-2022
986,346,3,13-10-2022
986,257,4,20-11-2021
986,532,5,10-10-2022
986,950,6,27-01-2022
986,772,7,26-03-2022
986,228,8,04-05-2022
986,261,9,25-03-2022
986,888,10,17-04-2022
986,85,11,04-10-2022
986,939,12,01-03-2022
986,623,13,30-05-2022
986,923,14,16-06-2022
986,678,15,30-01-2022
986,252,16,26-12-2021
986,380,17,01-01-2022
986,652,18,09-12-2021
986,845,19,20-07-2022
986,832,20,04-02-2022
986,179,21,28-05-2022
986,92,22,30-12-2021
986,34,23,30-10-2021
986,330,24,01-07-2022
986,15,25,23-04-2022
986,155,26,15-10-2022
986,513,27,12-06-2022
986,537,28,15-09-2022
986,539,29,16-08-2022
986,287,30,15-01-2022
986,711,31,18-04-2022
986,434,32,02-11-2021
986,51,33,28-10-2021
986,456,34,31-03-2022
66,100,1,23-03-2023
66,7,2,03-04-2023
66,245,3,18-10-2022
66,32,4,08-05-2023
66,970,5,26-09-2022
66,284,6,04-12-2022
66,327,7,31-01-2023
66,516,8,26-04-2023
66,223,9,04-08-2022
66,729,10,24-09-2022
66,83,11,25-10-2022
66,686,12,23-05-2023
66,910,13,28-12-2022
66,857,14,05-09-2022
66,960,15,23-06-2023
66,652,16,05-12-2022
66,627,17,10-04-2023
66,605,18,10-12-2022
66,974,19,25-06-2023
66,999,20,10-09-2022
66,765,21,26-10-2022
66,227,22,05-06-2023
66,820,23,10-01-2023
66,868,24,26-09-2022
66,713,25,09-06-2023
66,339,26,13-09-2022
66,91,27,05-02-2023
66,975,28,15-11-2022
66,774,29,25-02-2023
66,9,30,30-11-2022
66,637,31,21-08-2022
66,198,32,18-11-2022
66,221,33,15-05-2023
66,733,34,30-07-2022
66,72,35,07-02-2023
66,720,36,17-04-2023
66,50,37,22-03-2023
66,80,38,07-04-2023
66,580,39,01-04-2023
66,371,40,12-08-2022
66,414,41,30-08-2022
66,475,42,16-01-2023
840,85,1,14-06-2023
840,572,2,25-12-2022
840,425,3,10-12-2022
840,405,4,08-04-2023
840,153,5,30-06-2023
840,765,6,27-07-2022
840,446,7,06-02-2023
840,197,8,24-09-2022
840,798,9,23-11-2022
840,381,10,13-10-2022
840,624,11,06-12-2022
840,0,12,21-01-2023
840,282,13,06-04-2023
840,96,14,10-12-2022
840,234,15,26-08-2022
840,99,16,20-02-2023
840,118,17,17-07-2022
840,542,18,03-12-2022
840,827,19,03-09-2022
840,652,20,16-12-2022
840,772,21,23-06-2023
840,50,22,22-10-2022
840,129,23,22-04-2023
840,842,24,09-01-2023
840,907,25,22-08-2022
840,965,26,13-11-2022
840,91,27,21-05-2023
840,584,28,02-10-2022
840,956,29,13-03-2023
840,319,30,01-06-2023
840,188,31,21-03-2023
840,731,32,10-04-2023
840,108,33,11-04-2023
840,45,34,11-07-2022
840,994,35,10-09-2022
840,928,36,25-01-2023
840,612,37,08-09-2022
840,680,38,27-11-2022
840,851,39,08-03-2023
840,667,40,25-04-2023
840,546,41,18-04-2023
840,280,42,03-01-2023
703,343,1,05-04-2024
703,217,2,10-08-2024
703,401,3,23-11-2024
703,399,4,08-03-2024
703,65,5,19-06-2024
703,987,6,15-05-2024
703,115,7,30-06-2024
703,370,8,16-01-2025
703,185,9,21-12-2024
703,199,10,08-03-2024
703,432,11,06-05-2024
703,771,12,17-05-2024
703,618,13,28-05-2024
703,85,14,29-06-2024
703,787,15,13-04-2024
703,795,16,27-03-2024
703,743,17,30-12-2024
703,212,18,08-10-2024
703,871,19,17-11-2024
703,165,20,08-12-2024
703,750,21,11-10-2024
703,447,22,10-10-2024
703,265,23,15-10-2024
703,45,24,26-10-2024
703,706,25,04-03-2024
703,43,26,21-12-2024
703,197,27,20-12-2024
703,678,28,24-09-2024
703,315,29,27-07-2024
703,329,30,13-05-2024
703,828,31,28-02-2024
703,691,32,13-09-2024
703,257,33,18-09-2024
703,727,34,29-11-2024
703,834,35,14-01-2025
703,947,36,30-12-2024
703,218,37,26-05-2024
703,584,38,24-08-2024
703,440,39,02-08-2024
703,34,40,16-06-2024
703,245,41,18-12-2024
703,565,42,12-07-2024
703,91,43,14-04-2024
703,222,44,19-09-2024
703,374,45,09-11-2024
703,206,46,11-10-2024
703,633,47,08-02-2024
703,646,48,20-08-2024
703,992,49,30-11-2024
624,289,1,29-11-2024
624,149,2,11-11-2024
624,98,3,09-12-2024
624,273,4,28-04-2025
624,921,5,25-03-2025
624,457,6,22-02-2025
624,275,7,23-08-2024
624,842,8,30-11-2024
624,890,9,05-05-2025
624,31,10,26-01-2025
624,286,11,11-02-2025
624,674,12,17-11-2024
411,728,1,25-04-2023
411,808,2,28-05-2023
411,754,3,12-02-2023
411,384,4,05-11-2022
411,700,5,13-10-2022
411,372,6,21-06-2023
411,30,7,07-02-2023
411,677,8,12-04-2023
411,521,9,30-01-2023
411,282,10,09-11-2022
411,745,11,04-10-2022
411,836,12,22-12-2022
411,939,13,02-02-2023
411,157,14,06-08-2023
411,765,15,01-08-2023
411,722,16,23-10-2022
411,193,17,13-07-2023
411,681,18,23-07-2023
411,161,19,27-02-2023
411,957,20,19-01-2023
411,751,21,24-01-2023
411,245,22,17-02-2023
411,864,23,10-05-2023
411,241,24,01-02-2023
411,52,25,09-01-2023
411,848,26,19-02-2023
411,904,27,05-08-2023
411,847,28,06-05-2023
411,422,29,18-05-2023
411,423,30,11-07-2023
411,219,31,28-07-2023
874,987,1,29-01-2024
874,441,2,26-06-2023
874,331,3,06-07-2023
874,80,4,01-09-2023
874,775,5,04-05-2024
874,719,6,24-01-2024
874,912,7,30-12-2023
874,627,8,20-04-2024
874,156,9,15-01-2024
874,290,10,25-10-2023
874,949,11,09-03-2024
874,722,12,28-12-2023
874,470,13,19-03-2024
874,185,14,08-08-2023
874,370,15,06-04-2024
874,6,16,01-07-2023
874,281,17,11-07-2023
874,812,18,20-06-2023
874,316,19,07-08-2023
874,999,20,20-09-2023
874,597,21,06-08-2023
874,257,22,23-12-2023
874,248,23,23-06-2023
874,36,24,28-05-2023
874,152,25,06-07-2023
874,97,26,27-01-2024
874,994,27,29-03-2024
874,857,28,31-08-2023
874,619,29,01-08-2023
874,15,30,02-08-2023
874,103,31,29-06-2023
126,883,1,09-05-2023
126,101,2,23-12-2022
126,851,3,01-12-2022
126,720,4,28-05-2023
126,727,5,05-11-2022
126,7,6,08-09-2023
126,0,7,31-07-2023
126,143,8,20-04-2023
126,97,9,02-12-2022
126,399,10,25-04-2023
126,410,11,09-07-2023
126,850,12,11-04-2023
126,931,13,12-12-2022
126,157,14,27-05-2023
126,63,15,04-12-2022
126,435,16,06-07-2023
126,6,17,02-05-2023
126,976,18,01-10-2023
126,70,19,19-12-2022
126,241,20,03-04-2023
126,36,21,28-03-2023
126,647,22,19-03-2023
126,550,23,07-02-2023
126,162,24,25-11-2022
126,346,25,22-10-2022
126,32,26,01-11-2022
126,576,27,30-03-2023
126,702,28,28-09-2023
126,111,29,16-09-2023
126,284,30,10-07-2023
126,706,31,10-01-2023
126,181,32,11-07-2023
126,329,33,18-09-2023
126,739,34,26-05-2023
126,165,35,14-03-2023
126,842,36,13-08-2023
126,588,37,12-08-2023
126,746,38,29-03-2023
291,660,1,22-01-2023
291,755,2,10-04-2023
291,826,3,15-12-2022
291,861,4,29-01-2023
291,600,5,06-04-2023
291,633,6,28-12-2022
291,434,7,22-09-2023
291,375,8,07-12-2022
291,70,9,01-10-2023
291,468,10,24-10-2022
291,58,11,09-05-2023
291,166,12,09-05-2023
291,131,13,16-04-2023
291,872,14,15-12-2022
291,119,15,23-04-2023
291,261,16,19-01-2023
291,706,17,07-08-2023
291,461,18,03-06-2023
291,316,19,08-02-2023
291,729,20,16-03-2023
291,889,21,15-07-2023
291,200,22,10-05-2023
291,697,23,19-10-2023
291,72,24,02-10-2023
291,45,25,12-10-2023
131,537,1,27-09-2021
131,31,2,11-12-2021
131,436,3,17-04-2022
131,173,4,23-09-2021
131,579,5,09-09-2021
131,664,6,30-01-2022
131,454,7,15-07-2021
131,841,8,20-01-2022
131,74,9,02-09-2021
131,218,10,24-02-2022
131,627,11,08-05-2022
131,52,12,06-03-2022
131,516,13,28-08-2021
131,358,14,07-06-2022
131,861,15,14-07-2021
131,895,16,14-10-2021
131,834,17,26-04-2022
131,842,18,24-01-2022
131,764,19,05-12-2021
131,922,20,23-10-2021
131,742,21,23-05-2022
131,172,22,28-03-2022
131,133,23,04-12-2021
131,366,24,26-09-2021
131,983,25,16-11-2021
131,149,26,27-05-2022
131,933,27,12-12-2021
131,601,28,13-08-2021
131,739,29,28-12-2021
131,775,30,18-07-2021
131,702,31,16-05-2022
131,327,32,10-09-2021
131,390,33,10-03-2022
131,466,34,15-08-2021
278,925,1,05-12-2024
278,348,2,01-02-2025
278,45,3,20-03-2025
278,440,4,25-04-2025
278,370,5,14-11-2024
278,872,6,04-09-2024
278,265,7,31-07-2024
278,853,8,05-05-2025
278,146,9,20-04-2025
278,743,10,10-03-2025
278,337,11,02-07-2024
278,787,12,29-03-2025
278,450,13,16-08-2024
278,834,14,26-01-2025
278,534,15,29-04-2025
278,393,16,14-07-2024
278,430,17,02-10-2024
278,537,18,08-04-2025
278,52,19,21-12-2024
278,893,20,04-05-2025
278,735,21,01-09-2024
278,793,22,25-08-2024
278,32,23,28-05-2024
278,976,24,07-02-2025
278,524,25,19-10-2024
278,212,26,17-10-2024
278,432,27,09-06-2024
278,744,28,06-08-2024
278,58,29,22-05-2024
278,631,30,13-02-2025
278,486,31,26-12-2024
278,228,32,15-11-2024
278,91,33,31-07-2024
278,447,34,15-12-2024
278,474,35,09-07-2024
278,408,36,04-10-2024
278,69,37,04-05-2025
523,494,1,11-07-2023
523,781,2,27-12-2022
523,209,3,08-12-2022
523,341,4,16-06-2023
523,274,5,25-06-2023
523,346,6,25-12-2022
523,267,7,13-10-2022
523,272,8,19-10-2022
523,5,9,14-04-2023
523,997,10,08-04-2023
523,737,11,25-01-2023
523,563,12,20-01-2023
523,787,13,26-01-2023
523,761,14,24-11-2022
523,417,15,28-10-2022
523,378,16,25-10-2022
523,284,17,27-07-2022
523,574,18,26-07-2022
523,583,19,25-05-2023
523,111,20,16-07-2023
523,580,21,19-12-2022
523,241,22,05-05-2023
523,745,23,16-12-2022
523,518,24,19-06-2023
523,750,25,20-07-2023
523,774,26,12-04-2023
523,770,27,24-09-2022
523,183,28,07-03-2023
523,434,29,24-08-2022
523,982,30,30-01-2023
523,730,31,18-04-2023
523,115,32,05-08-2022
336,764,1,18-12-2023
336,387,2,05-01-2024
336,278,3,02-09-2023
336,361,4,20-12-2023
336,120,5,14-09-2023
336,143,6,17-06-2023
336,856,7,01-11-2023
336,167,8,20-11-2023
336,4,9,16-07-2023
336,964,10,09-11-2023
336,950,11,10-08-2023
336,178,12,12-08-2023
336,632,13,10-02-2024
336,179,14,18-03-2024
336,422,15,26-11-2023
336,708,16,04-01-2024
336,214,17,16-02-2024
336,574,18,16-11-2023
336,325,19,23-05-2023
336,911,20,23-02-2024
336,598,21,21-07-2023
336,725,22,20-02-2024
336,450,23,25-10-2023
336,730,24,21-02-2024
336,546,25,27-04-2024
336,749,26,21-11-2023
336,380,27,08-06-2023
336,674,28,27-02-2024
336,841,29,20-08-2023
336,707,30,03-04-2024
336,368,31,03-05-2023
336,980,32,15-08-2023
336,197,33,10-03-2024
336,99,34,21-08-2023
336,615,35,13-10-2023
336,362,36,15-01-2024
336,816,37,13-08-2023
420,405,1,18-10-2024
420,467,2,01-04-2025
420,17,3,11-01-2025
420,534,4,10-05-2025
420,54,5,30-12-2024
420,446,6,29-05-2025
420,362,7,05-10-2024
420,506,8,28-09-2024
420,83,9,08-11-2024
231,997,1,18-11-2024
231,504,2,24-03-2024
231,576,3,07-02-2024
231,71,4,01-06-2024
231,54,5,08-01-2025
231,316,6,16-07-2024
231,774,7,13-09-2024
231,801,8,26-01-2025
231,588,9,08-07-2024
231,838,10,22-10-2024
231,127,11,25-07-2024
231,31,12,26-02-2024
231,372,13,04-04-2024
231,551,14,24-01-2025
231,115,15,20-12-2024
231,661,16,16-06-2024
231,266,17,27-02-2024
231,571,18,22-11-2024
231,217,19,19-03-2024
231,327,20,31-07-2024
231,742,21,24-01-2025
231,897,22,26-01-2025
231,739,23,06-04-2024
353,911,1,10-03-2022
353,861,2,20-12-2021
353,601,3,06-01-2022
353,371,4,29-01-2022
353,254,5,15-04-2022
353,405,6,21-09-2022
353,504,7,29-01-2022
353,469,8,30-05-2022
937,782,1,15-02-2022
937,684,2,08-06-2022
937,325,3,04-11-2022
937,930,4,03-11-2022
937,142,5,10-07-2022
937,907,6,10-07-2022
937,827,7,16-03-2022
937,172,8,01-04-2022
937,4,9,10-04-2022
937,201,10,24-07-2022
937,583,11,21-01-2022
937,430,12,09-04-2022
937,182,13,03-10-2022
937,334,14,30-09-2022
937,701,15,02-03-2022
937,682,16,21-12-2022
937,944,17,18-04-2022
937,188,18,26-08-2022
937,820,19,20-10-2022
937,486,20,17-01-2022
937,100,21,23-05-2022
937,677,22,03-12-2022
937,722,23,20-09-2022
937,680,24,31-08-2022
937,697,25,07-12-2022
937,928,26,25-05-2022
937,634,27,30-08-2022
937,257,28,10-07-2022
937,115,29,03-12-2022
937,580,30,21-11-2022
937,737,31,14-02-2022
937,553,32,21-03-2022
937,615,33,08-08-2022
937,183,34,25-04-2022
937,331,35,30-11-2022
937,808,36,14-02-2022
937,34,37,24-07-2022
937,218,38,21-03-2022
937,210,39,13-11-2022
898,990,1,23-04-2021
898,362,2,15-12-2021
898,228,3,25-10-2021
898,143,4,26-10-2021
898,669,5,20-12-2021
898,275,6,20-06-2021
898,144,7,27-05-2021
898,833,8,14-10-2021
898,992,9,29-12-2021
898,612,10,30-12-2021
898,128,11,15-12-2021
898,735,12,24-09-2021
898,764,13,19-02-2022
898,452,14,29-11-2021
898,791,15,09-05-2021
898,301,16,06-10-2021
898,97,17,17-10-2021
898,370,18,15-12-2021
898,94,19,01-01-2022
898,54,20,24-02-2022
898,509,21,12-02-2022
876,735,1,13-02-2024
876,995,2,10-12-2023
876,645,3,11-06-2024
876,431,4,07-07-2024
876,15,5,16-04-2024
876,682,6,11-01-2024
876,475,7,08-09-2023
876,224,8,03-12-2023
876,139,9,29-11-2023
876,252,10,19-10-2023
876,217,11,03-05-2024
876,355,12,09-10-2023
876,492,13,19-04-2024
876,456,14,04-11-2023
876,783,15,06-08-2023
876,95,16,07-08-2023
876,81,17,02-07-2024
876,462,18,21-04-2024
876,380,19,23-11-2023
876,146,20,28-08-2023
876,198,21,25-04-2024
876,120,22,27-02-2024
876,239,23,01-09-2023
876,185,24,25-04-2024
876,461,25,04-03-2024
876,36,26,15-05-2024
876,385,27,13-08-2023
876,440,28,05-10-2023
876,301,29,05-02-2024
876,898,30,21-05-2024
876,60,31,07-07-2024
876,287,32,09-03-2024
876,697,33,03-10-2023
876,959,34,04-03-2024
876,413,35,23-05-2024
876,677,36,12-01-2024
876,403,37,03-09-2023
876,739,38,29-10-2023
876,256,39,16-02-2024
876,447,40,16-09-2023
876,383,41,20-02-2024
876,734,42,20-03-2024
876,271,43,04-01-2024
876,299,44,08-01-2024
876,911,45,15-01-2024
876,32,46,25-02-2024
876,496,47,09-04-2024
876,791,48,26-02-2024
1,605,1,08-04-2024
1,719,2,16-09-2024
1,672,3,20-04-2024
1,706,4,29-01-2025
1,432,5,27-03-2024
1,467,6,04-07-2024
1,727,7,23-01-2025
1,660,8,25-03-2024
1,168,9,30-06-2024
1,516,10,25-04-2024
1,927,11,05-11-2024
1,140,12,24-08-2024
1,434,13,16-07-2024
1,749,14,15-10-2024
1,632,15,22-12-2024
1,883,16,17-09-2024
1,898,17,22-10-2024
1,65,18,15-11-2024
1,282,19,15-11-2024
1,311,20,24-04-2024
1,787,21,20-06-2024
1,456,22,04-02-2025
1,272,23,16-08-2024
1,642,24,25-02-2024
1,845,25,06-01-2025
1,841,26,19-09-2024
1,911,27,18-02-2024
1,357,28,08-10-2024
1,318,29,03-06-2024
1,769,30,27-09-2024
1,847,31,29-02-2024
1,590,32,25-04-2024
795,994,1,11-05-2023
795,52,2,12-10-2022
795,735,3,25-11-2022
795,708,4,24-07-2022
795,737,5,10-07-2022
795,744,6,11-05-2023
795,440,7,07-06-2022
795,163,8,01-01-2023
795,390,9,30-09-2022
795,206,10,24-04-2023
795,997,11,28-12-2022
795,524,12,05-01-2023
795,668,13,26-06-2022
795,399,14,10-05-2023
795,657,15,24-12-2022
795,707,16,14-01-2023
795,364,17,06-01-2023
795,619,18,30-12-2022
795,829,19,28-06-2022
795,357,20,09-02-2023
795,734,21,05-06-2022
795,954,22,04-06-2022
795,66,23,02-09-2022
795,287,24,04-06-2022
795,468,25,30-10-2022
795,647,26,12-08-2022
795,289,27,06-06-2022
795,69,28,10-07-2022
795,801,29,27-05-2023
795,827,30,11-08-2022
795,739,31,20-12-2022
795,110,32,06-04-2023
795,393,33,09-02-2023
795,371,34,16-03-2023
349,565,1,22-05-2023
349,431,2,13-06-2023
349,782,3,17-03-2023
349,363,4,30-08-2022
349,228,5,18-08-2022
349,100,6,20-06-2023
349,864,7,23-03-2023
349,45,8,15-11-2022
349,266,9,24-02-2023
349,7,10,29-04-2023
349,828,11,05-08-2023
349,174,12,15-03-2023
349,545,13,17-11-2022
349,107,14,24-11-2022
349,192,15,13-10-2022
349,589,16,29-07-2023
349,730,17,20-04-2023
349,634,18,20-01-2023
349,466,19,25-05-2023
349,617,20,23-09-2022
349,362,21,12-04-2023
349,701,22,02-07-2023
349,706,23,19-10-2022
349,520,24,22-02-2023
349,667,25,08-09-2022
349,239,26,15-06-2023
349,94,27,24-11-2022
349,199,28,23-07-2023
349,833,29,17-06-2023
349,830,30,30-03-2023
349,264,31,06-09-2022
349,60,32,02-03-2023
349,457,33,15-12-2022
612,992,1,16-04-2025
612,719,2,02-06-2025
612,337,3,11-09-2025
612,70,4,19-05-2025
612,576,5,04-11-2025
612,359,6,08-05-2025
612,999,7,22-11-2025
612,316,8,31-07-2025
612,667,9,14-05-2025
612,205,10,30-10-2025
612,766,11,23-03-2025
612,921,12,09-10-2025
612,290,13,19-08-2025
612,799,14,30-11-2025
612,14,15,30-03-2025
612,735,16,06-01-2025
612,739,17,19-12-2024
612,497,18,02-06-2025
612,516,19,10-11-2025
612,983,20,22-01-2025
612,889,21,27-05-2025
612,737,22,16-04-2025
612,241,23,09-08-2025
612,572,24,25-11-2025
612,429,25,28-06-2025
612,439,26,21-07-2025
612,278,27,25-02-2025
612,319,28,13-10-2025
612,97,29,11-01-2025
612,565,30,28-01-2025
612,834,31,17-05-2025
612,798,32,01-03-2025
612,409,33,31-10-2025
612,706,34,02-01-2025
612,225,35,20-07-2025
612,970,36,20-10-2025
612,156,37,10-05-2025
612,844,38,26-09-2025
612,765,39,12-03-2025
612,103,40,20-07-2025
612,390,41,31-08-2025
612,304,42,17-01-2025
612,730,43,19-04-2025
612,627,44,11-02-2025
612,937,45,05-07-2025
612,221,46,09-05-2025
612,456,47,28-05-2025
612,521,48,28-10-2025
612,9,49,04-02-2025
612,835,50,09-06-2025
2,17,1,14-06-2024
2,660,2,22-11-2024
2,848,3,24-11-2024
2,597,4,23-01-2025
2,937,5,09-05-2025
2,521,6,20-10-2024
2,562,7,04-02-2025
2,626,8,01-09-2024
2,499,9,18-07-2024
2,210,10,26-11-2024
451,999,1,09-06-2023
451,331,2,18-03-2023
451,846,3,14-07-2023
451,244,4,24-03-2023
451,582,5,23-03-2023
451,422,6,23-04-2023
451,551,7,29-05-2023
451,410,8,30-06-2023
451,697,9,30-06-2023
451,205,10,12-09-2023
451,682,11,14-02-2023
451,394,12,13-05-2023
451,766,13,12-01-2023
451,143,14,09-03-2023
451,7,15,11-08-2023
451,699,16,03-05-2023
451,659,17,17-02-2023
451,213,18,21-09-2023
451,224,19,03-04-2023
451,270,20,03-03-2023
451,706,21,19-10-2023
451,430,22,10-01-2023
451,649,23,13-12-2023
451,711,24,19-04-2023
451,245,25,25-05-2023
451,197,26,19-11-2023
451,264,27,19-04-2023
451,486,28,23-01-2023
451,865,29,12-11-2023
451,885,30,13-02-2023
451,45,31,22-02-2023
451,383,32,10-08-2023
451,267,33,09-09-2023
451,49,34,19-12-2023
451,834,35,29-12-2022
451,811,36,21-01-2023
451,108,37,04-09-2023
451,72,38,23-12-2023
451,769,39,12-08-2023
684,618,1,03-08-2022
684,455,2,26-04-2022
684,828,3,10-04-2022
684,983,4,17-06-2022
684,172,5,10-12-2021
684,316,6,19-05-2022
684,475,7,18-03-2022
684,162,8,14-02-2022
684,605,9,14-05-2022
684,388,10,10-07-2022
684,2,11,15-11-2021
684,574,12,27-12-2021
684,936,13,12-10-2022
684,653,14,26-01-2022
684,103,15,19-02-2022
684,167,16,15-12-2021
684,722,17,12-01-2022
684,296,18,28-07-2022
684,516,19,31-12-2021
684,390,20,16-12-2021
684,970,21,01-08-2022
684,898,22,16-11-2021
684,449,23,22-02-2022
684,274,24,12-09-2022
684,769,25,18-06-2022
684,375,26,20-04-2022
684,637,27,20-08-2022
684,933,28,06-07-2022
684,686,29,26-07-2022
684,888,30,05-10-2022
684,244,31,03-07-2022
684,146,32,09-04-2022
684,911,33,29-08-2022
684,387,34,25-09-2022
684,792,35,20-11-2021
684,577,36,24-01-2022
684,31,37,03-10-2022
684,366,38,21-06-2022
684,290,39,10-10-2022
684,205,40,13-07-2022
684,763,41,18-04-2022
684,951,42,14-12-2021
684,953,43,09-07-2022
684,812,44,08-07-2022
684,52,45,15-08-2022
683,290,1,01-08-2023
683,6,2,22-10-2023
683,850,3,22-05-2023
683,362,4,10-07-2023
683,947,5,18-09-2023
683,361,6,02-10-2023
683,157,7,25-01-2024
683,466,8,13-01-2024
683,624,9,21-05-2023
683,505,10,17-10-2023
683,185,11,24-07-2023
683,791,12,09-12-2023
683,304,13,16-08-2023
683,183,14,09-05-2023
683,497,15,18-06-2023
683,422,16,07-03-2024
683,491,17,13-09-2023
683,235,18,28-10-2023
683,50,19,05-07-2023
683,418,20,25-02-2024
683,441,21,16-09-2023
683,371,22,03-05-2023
683,933,23,25-05-2023
683,783,24,14-03-2024
683,730,25,29-03-2024
683,776,26,04-11-2023
683,751,27,21-01-2024
683,556,28,13-07-2023
683,559,29,10-02-2024
683,582,30,02-02-2024
683,101,31,05-04-2024
683,440,32,25-06-2023
683,724,33,18-08-2023
683,97,34,05-07-2023
683,90,35,31-05-2023
683,853,36,05-12-2023
683,74,37,17-09-2023
683,652,38,13-10-2023
683,681,39,17-05-2023
683,174,40,10-07-2023
683,867,41,31-05-2023
536,725,1,02-01-2023
536,682,2,13-06-2023
536,765,3,28-05-2023
536,32,4,12-09-2022
536,142,5,19-04-2023
536,568,6,01-02-2023
536,995,7,31-03-2023
536,766,8,01-09-2022
536,235,9,10-11-2022
536,987,10,16-02-2023
536,634,11,12-01-2023
536,165,12,20-03-2023
536,772,13,09-08-2022
536,576,14,23-06-2023
536,912,15,10-02-2023
536,742,16,09-02-2023
536,923,17,29-08-2022
536,508,18,15-12-2022
536,856,19,04-03-2023
536,550,20,31-05-2023
536,794,21,04-03-2023
536,168,22,30-04-2023
536,381,23,20-02-2023
536,277,24,22-08-2022
536,526,25,15-12-2022
536,438,26,31-07-2022
536,590,27,08-05-2023
536,197,28,04-11-2022
584,707,1,30-08-2022
584,580,2,04-09-2022
584,997,3,30-09-2022
584,265,4,08-04-2023
584,626,5,10-06-2022
584,227,6,02-01-2023
584,706,7,05-09-2022
584,925,8,15-07-2022
584,295,9,03-01-2023
584,494,10,17-05-2023
584,316,11,06-06-2022
584,160,12,09-07-2022
584,933,13,08-10-2022
584,432,14,25-06-2022
584,217,15,12-05-2023
584,574,16,18-12-2022
584,737,17,10-06-2022
584,440,18,04-12-2022
584,739,19,13-04-2023
584,911,20,14-09-2022
584,99,21,09-05-2023
584,827,22,05-08-2022
584,201,23,19-10-2022
584,686,24,27-06-2022
584,903,25,19-01-2023
584,438,26,20-10-2022
584,45,27,24-07-2022
584,864,28,23-10-2022
584,335,29,26-11-2022
584,455,30,31-12-2022
584,563,31,23-08-2022
584,134,32,27-05-2022
584,174,33,04-11-2022
26,168,1,04-04-2022
26,965,2,14-08-2021
26,699,3,27-10-2021
26,775,4,18-08-2021
26,5,5,14-12-2021
26,707,6,29-08-2021
26,701,7,15-08-2021
26,52,8,08-09-2021
26,40,9,23-05-2021
26,280,10,22-09-2021
26,959,11,23-03-2022
26,726,12,01-10-2021
26,793,13,15-08-2021
26,516,14,23-09-2021
26,433,15,07-01-2022
26,319,16,26-02-2022
26,36,17,09-07-2021
26,185,18,31-05-2021
26,218,19,01-08-2021
26,728,20,14-09-2021
26,222,21,10-10-2021
26,717,22,20-07-2021
26,748,23,12-03-2022
26,541,24,15-07-2021
26,895,25,02-07-2021
26,167,26,08-08-2021
26,284,27,17-06-2021
26,327,28,13-07-2021
26,341,29,10-03-2022
26,739,30,08-11-2021
26,741,31,30-05-2021
26,682,32,04-10-2021
26,505,33,21-01-2022
26,147,34,11-01-2022
26,706,35,08-06-2021
26,723,36,24-06-2021
26,118,37,28-05-2021
26,456,38,26-08-2021
26,136,39,25-11-2021
26,362,40,14-07-2021
26,762,41,04-07-2021
26,4,42,02-04-2022
26,99,43,21-04-2022
26,290,44,08-08-2021
26,303,45,15-06-2021
26,966,46,12-03-2022
26,161,47,03-10-2021
26,156,48,26-12-2021
26,238,49,18-04-2022
26,157,50,14-01-2022
982,101,1,02-05-2021
982,413,2,11-11-2021
982,83,3,21-09-2021
982,744,4,19-03-2022
982,439,5,29-11-2021
982,7,6,13-12-2021
982,357,7,13-06-2021
982,743,8,14-02-2022
982,490,9,15-02-2022
982,385,10,27-03-2022
982,221,11,24-08-2021
982,972,12,19-11-2021
982,660,13,30-04-2021
982,6,14,10-04-2022
982,461,15,15-12-2021
982,835,16,08-09-2021
982,918,17,08-03-2022
982,134,18,28-07-2021
982,265,19,19-11-2021
982,375,20,09-04-2022
982,393,21,19-06-2021
982,755,22,21-09-2021
982,205,23,25-09-2021
982,160,24,04-05-2021
982,680,25,18-11-2021
982,978,26,01-03-2022
982,1,27,04-06-2021
982,801,28,11-06-2021
982,597,29,29-03-2022
982,735,30,13-06-2021
982,808,31,18-09-2021
982,771,32,10-06-2021
982,483,33,23-03-2022
982,690,34,05-05-2021
982,409,35,14-09-2021
977,440,1,20-02-2025
977,475,2,26-08-2025
977,842,3,18-12-2024
977,774,4,31-08-2025
977,950,5,27-11-2024
977,944,6,04-12-2024
977,932,7,19-01-2025
977,999,8,07-09-2025
977,928,9,24-01-2025
977,834,10,30-01-2025
977,254,11,17-05-2025
977,512,12,01-07-2025
977,680,13,03-01-2025
977,447,14,04-04-2025
977,325,15,02-03-2025
977,198,16,09-12-2024
977,346,17,10-01-2025
977,734,18,20-12-2024
977,810,19,11-05-2025
977,316,20,16-08-2025
977,990,21,29-01-2025
977,123,22,04-12-2024
977,655,23,07-05-2025
977,745,24,27-01-2025
977,957,25,22-06-2025
977,357,26,16-09-2024
977,692,27,11-11-2024
977,625,28,07-01-2025
977,828,29,22-01-2025
977,290,30,02-04-2025
977,265,31,02-07-2025
977,238,32,21-08-2025
977,189,33,20-12-2024
977,34,34,17-04-2025
977,748,35,15-01-2025
977,134,36,25-11-2024
977,764,37,21-01-2025
977,845,38,10-10-2024
977,160,39,25-02-2025
974,983,1,23-09-2024
974,735,2,08-04-2024
974,286,3,07-02-2024
974,65,4,09-02-2024
974,458,5,01-12-2023
974,835,6,22-10-2024
974,734,7,24-03-2024
974,834,8,25-05-2024
974,710,9,25-12-2023
974,765,10,21-03-2024
974,572,11,09-02-2024
974,574,12,14-06-2024
974,329,13,13-01-2024
974,741,14,25-04-2024
974,238,15,21-08-2024
974,34,16,13-11-2024
974,658,17,04-04-2024
974,461,18,27-02-2024
974,110,19,19-07-2024
974,241,20,05-01-2024
974,143,21,07-06-2024
974,975,22,07-09-2024
974,838,23,14-03-2024
974,723,24,24-08-2024
974,386,25,19-07-2024
974,335,26,25-04-2024
974,49,27,07-11-2024
974,453,28,04-01-2024
974,284,29,09-02-2024
974,652,30,28-09-2024
974,766,31,07-04-2024
974,200,32,20-04-2024
974,5,33,20-07-2024
974,637,34,12-04-2024
974,291,35,27-09-2024
974,739,36,15-09-2024
974,707,37,10-01-2024
718,205,1,14-07-2024
718,745,2,20-01-2024
718,425,3,30-07-2024
718,735,4,02-03-2024
718,864,5,24-02-2024
718,221,6,16-05-2024
718,764,7,29-05-2024
718,702,8,03-06-2024
718,388,9,30-12-2024
718,1000,10,16-06-2024
718,74,11,12-02-2024
718,238,12,01-04-2024
718,183,13,08-07-2024
718,799,14,04-03-2024
718,181,15,22-12-2024
718,462,16,20-11-2024
718,706,17,15-10-2024
718,734,18,11-02-2024
718,999,19,08-12-2024
718,378,20,23-08-2024
718,447,21,16-05-2024
718,129,22,10-01-2025
718,490,23,24-03-2024
718,537,24,26-03-2024
718,199,25,13-06-2024
746,951,1,19-06-2022
746,580,2,07-01-2022
746,339,3,02-10-2022
746,680,4,07-02-2022
746,474,5,08-10-2022
746,14,6,13-11-2022
746,252,7,22-11-2022
746,661,8,28-10-2022
746,301,9,06-10-2022
746,161,10,05-01-2022
746,461,11,23-02-2022
746,375,12,08-04-2022
746,183,13,11-12-2021
746,747,14,14-01-2022
746,34,15,04-05-2022
746,557,16,10-03-2022
746,374,17,12-11-2022
746,245,18,07-09-2022
746,90,19,05-03-2022
746,669,20,17-01-2022
746,883,21,04-06-2022
746,584,22,02-11-2022
746,796,23,19-09-2022
746,774,24,19-01-2022
746,827,25,19-09-2022
746,572,26,12-02-2022
746,706,27,11-04-2022
746,771,28,02-05-2022
746,456,29,07-04-2022
746,564,30,27-03-2022
746,170,31,10-03-2022
746,963,32,12-10-2022
746,992,33,06-02-2022
746,742,34,23-11-2022
746,7,35,23-07-2022
746,838,36,05-08-2022
30,314,1,24-07-2024
30,730,2,01-03-2024
30,114,3,06-05-2024
30,706,4,03-12-2024
30,359,5,14-06-2024
30,31,6,29-12-2023
30,550,7,14-01-2024
30,659,8,10-08-2024
30,69,9,16-09-2024
30,574,10,19-03-2024
30,914,11,27-09-2024
30,827,12,27-07-2024
30,656,13,19-10-2024
30,556,14,29-10-2024
30,6,15,21-09-2024
30,828,16,08-11-2024
30,965,17,09-08-2024
30,820,18,02-06-2024
30,680,19,08-07-2024
30,153,20,30-11-2024
30,362,21,19-03-2024
30,711,22,19-09-2024
30,842,23,30-12-2023
30,80,24,27-12-2023
30,90,25,20-09-2024
30,499,26,09-09-2024
30,739,27,03-05-2024
949,949,1,26-06-2023
949,311,2,18-10-2022
949,443,3,25-03-2023
949,612,4,01-09-2022
949,925,5,02-11-2022
949,787,6,16-12-2022
949,766,7,01-05-2023
949,348,8,21-03-2023
949,667,9,08-12-2022
949,930,10,09-01-2023
949,901,11,10-04-2023
949,273,12,10-11-2022
949,156,13,30-01-2023
949,756,14,23-12-2022
949,258,15,28-01-2023
949,31,16,20-05-2023
949,948,17,30-04-2023
949,553,18,26-12-2022
949,129,19,13-10-2022
949,374,20,30-04-2023
949,1000,21,04-01-2023
949,718,22,06-02-2023
949,492,23,07-02-2023
949,642,24,13-03-2023
949,731,25,08-03-2023
949,52,26,23-08-2022
949,746,27,06-10-2022
949,90,28,02-05-2023
949,473,29,10-02-2023
949,711,30,16-09-2022
949,256,31,07-08-2023
949,304,32,30-06-2023
949,319,33,17-01-2023
949,994,34,15-08-2023
949,117,35,10-10-2022
949,763,36,19-01-2023
949,570,37,29-09-2022
528,486,1,14-06-2021
528,477,2,07-10-2021
528,32,3,25-03-2022
528,156,4,01-07-2021
528,529,5,06-05-2021
528,59,6,08-12-2021
528,310,7,12-07-2021
339,331,1,11-03-2023
339,36,2,11-09-2022
339,542,3,27-01-2023
339,828,4,15-01-2023
339,89,5,20-04-2023
339,811,6,03-11-2022
339,677,7,18-02-2023
339,252,8,16-06-2023
339,590,9,30-06-2023
339,341,10,06-10-2022
339,660,11,30-10-2022
339,939,12,22-04-2023
339,838,13,26-06-2023
339,509,14,24-01-2023
339,787,15,28-12-2022
339,201,16,12-06-2023
339,387,17,15-09-2022
339,750,18,02-08-2022
339,235,19,10-11-2022
339,74,20,29-04-2023
339,334,21,21-08-2022
339,991,22,23-11-2022
535,135,1,21-12-2024
535,648,2,20-09-2024
535,265,3,24-11-2024
535,261,4,25-12-2024
535,167,5,01-10-2024
535,134,6,14-06-2024
535,634,7,11-05-2025
535,994,8,24-03-2025
535,363,9,14-07-2024
535,856,10,01-09-2024
535,690,11,14-09-2024
535,684,12,04-03-2025
535,537,13,05-10-2024
535,464,14,07-07-2024
535,907,15,04-09-2024
535,257,16,14-12-2024
535,52,17,08-12-2024
535,95,18,22-05-2025
535,368,19,06-06-2024
535,274,20,13-07-2024
535,546,21,27-04-2025
535,170,22,06-06-2024
535,366,23,10-12-2024
535,98,24,11-04-2025
535,726,25,31-05-2024
535,845,26,31-07-2024
535,697,27,08-05-2025
535,735,28,27-08-2024
535,972,29,17-06-2024
118,143,1,31-07-2023
118,358,2,26-01-2024
118,589,3,28-03-2024
118,451,4,31-03-2024
118,222,5,05-04-2024
118,806,6,22-12-2023
118,852,7,24-02-2024
118,398,8,23-09-2023
118,868,9,05-11-2023
118,755,10,28-03-2024
118,440,11,24-02-2024
118,311,12,16-04-2024
118,607,13,16-03-2024
118,468,14,18-12-2023
118,828,15,07-12-2023
118,448,16,28-06-2023
118,726,17,06-09-2023
118,399,18,15-02-2024
118,97,19,15-01-2024
118,647,20,24-07-2023
118,617,21,23-12-2023
118,730,22,04-05-2024
118,466,23,22-11-2023
118,708,24,14-03-2024
118,725,25,10-06-2024
118,681,26,20-10-2023
118,94,27,01-03-2024
118,297,28,06-12-2023
118,787,29,03-03-2024
118,667,30,09-07-2023
118,360,31,05-09-2023
118,903,32,25-12-2023
118,117,33,23-04-2024
118,70,34,10-02-2024
118,50,35,19-05-2024
118,401,36,06-12-2023
118,805,37,20-10-2023
118,987,38,04-11-2023
118,409,39,03-09-2023
118,841,40,06-06-2024
118,678,41,08-09-2023
118,471,42,02-07-2023
118,129,43,28-01-2024
118,674,44,16-10-2023
118,729,45,31-05-2024
118,910,46,02-08-2023
666,364,1,20-05-2022
666,597,2,06-09-2021
666,275,3,10-03-2022
666,327,4,11-12-2021
666,826,5,14-05-2022
666,338,6,31-12-2021
666,739,7,06-06-2022
666,765,8,22-07-2022
666,795,9,03-11-2021
666,40,10,09-03-2022
666,245,11,15-09-2021
666,441,12,06-09-2021
666,551,13,13-10-2021
666,633,14,20-06-2022
666,931,15,18-02-2022
666,982,16,05-11-2021
666,15,17,26-03-2022
666,754,18,28-01-2022
666,675,19,15-02-2022
666,642,20,24-10-2021
666,167,21,26-10-2021
666,165,22,20-07-2022
666,153,23,13-01-2022
666,454,24,17-11-2021
666,399,25,05-10-2021
666,663,26,03-02-2022
666,477,27,01-12-2021
666,433,28,25-06-2022
666,407,29,03-10-2021
666,584,30,23-04-2022
666,574,31,25-10-2021
666,455,32,13-03-2022
666,885,33,13-03-2022
666,692,34,21-04-2022
666,118,35,28-01-2022
288,605,1,07-07-2024
288,363,2,23-11-2023
288,362,3,25-02-2024
288,601,4,07-02-2024
288,660,5,23-05-2024
288,518,6,29-06-2024
288,718,7,06-11-2023
723,645,1,07-07-2024
723,110,2,25-11-2024
723,496,3,09-12-2024
723,469,4,16-12-2024
723,205,5,02-01-2025
723,197,6,14-04-2024
723,787,7,30-12-2024
723,829,8,19-09-2024
723,422,9,25-05-2024
723,769,10,01-07-2024
723,267,11,14-03-2024
723,252,12,16-12-2024
723,771,13,11-09-2024
723,432,14,22-07-2024
723,97,15,19-12-2024
723,15,16,21-10-2024
723,233,17,02-09-2024
723,697,18,29-10-2024
723,976,19,15-10-2024
723,65,20,22-11-2024
723,199,21,29-01-2024
723,630,22,24-02-2024
723,366,23,09-08-2024
723,668,24,14-03-2024
723,245,25,13-01-2025
723,143,26,10-09-2024
723,83,27,19-04-2024
723,699,28,18-10-2024
723,466,29,22-06-2024
723,210,30,22-10-2024
723,123,31,10-08-2024
723,989,32,26-05-2024
723,939,33,20-04-2024
723,185,34,20-08-2024
723,827,35,25-03-2024
723,181,36,14-10-2024
723,980,37,30-12-2024
723,838,38,27-05-2024
723,758,39,20-03-2024
723,557,40,20-05-2024
723,845,41,06-08-2024
723,611,42,07-11-2024
723,270,43,10-05-2024
723,206,44,07-10-2024
140,456,1,15-01-2022
140,341,2,15-05-2022
140,203,3,10-03-2022
140,363,4,31-07-2022
140,731,5,24-06-2022
140,499,6,03-04-2022
140,315,7,16-07-2022
140,720,8,19-09-2021
140,983,9,25-10-2021
140,199,10,17-04-2022
140,723,11,11-10-2021
140,273,12,15-11-2021
140,45,13,04-11-2021
140,903,14,16-09-2021
140,713,15,08-05-2022
140,399,16,05-06-2022
140,525,17,06-05-2022
140,537,18,21-10-2021
140,534,19,27-03-2022
140,762,20,23-02-2022
140,160,21,14-03-2022
140,727,22,24-04-2022
140,847,23,13-09-2021
140,730,24,16-08-2021
140,337,25,25-11-2021
140,290,26,21-11-2021
140,452,27,07-11-2021
140,963,28,12-06-2022
140,697,29,28-10-2021
140,370,30,02-10-2021
140,66,31,25-05-2022
140,462,32,21-08-2021
140,91,33,27-06-2022
140,445,34,06-11-2021
140,40,35,17-01-2022
140,342,36,08-03-2022
140,58,37,27-12-2021
140,994,38,06-05-2022
140,953,39,21-12-2021
140,978,40,25-02-2022
140,204,41,03-06-2022
140,176,42,03-03-2022
140,94,43,24-08-2021
140,372,44,26-05-2022
140,137,45,25-05-2022
140,521,46,02-06-2022
140,26,47,14-01-2022
140,245,48,13-12-2021
140,652,49,18-09-2021
140,1000,50,24-07-2022
175,879,1,08-04-2023
175,374,2,20-04-2023
175,745,3,16-06-2023
175,85,4,17-02-2023
175,582,5,21-05-2023
175,715,6,10-12-2023
175,475,7,16-02-2023
175,218,8,04-10-2023
175,632,9,23-07-2023
175,435,10,03-04-2023
175,100,11,04-03-2023
175,471,12,28-03-2023
175,134,13,16-08-2023
175,14,14,14-09-2023
175,201,15,24-12-2023
175,417,16,22-11-2023
175,862,17,29-07-2023
175,399,18,01-05-2023
175,659,19,16-09-2023
175,380,20,28-09-2023
175,991,21,26-08-2023
175,551,22,20-12-2023
175,976,23,23-08-2023
175,474,24,08-08-2023
175,521,25,16-02-2023
175,966,26,18-08-2023
175,964,27,21-06-2023
175,182,28,06-09-2023
155,776,1,22-09-2021
155,346,2,29-04-2021
155,86,3,22-10-2021
155,682,4,05-08-2021
155,976,5,12-03-2022
155,342,6,18-09-2021
155,69,7,06-09-2021
155,770,8,24-02-2022
155,316,9,16-02-2022
155,357,10,14-02-2022
155,199,11,09-05-2021
155,922,12,27-08-2021
155,648,13,15-11-2021
155,399,14,03-02-2022
155,739,15,23-05-2021
155,871,16,29-03-2021
155,34,17,21-09-2021
155,95,18,16-08-2021
155,138,19,02-02-2022
155,133,20,14-12-2021
155,631,21,02-11-2021
155,330,22,19-01-2022
155,940,23,23-02-2022
155,532,24,16-11-2021
155,793,25,06-04-2021
155,684,26,26-02-2022
155,916,27,17-12-2021
155,123,28,15-12-2021
155,731,29,09-04-2021
155,287,30,24-06-2021
155,833,31,27-11-2021
155,185,32,12-04-2021
155,188,33,19-03-2022
155,791,34,05-07-2021
155,745,35,27-06-2021
155,956,36,01-01-2022
812,907,1,21-03-2023
812,518,2,19-08-2022
812,118,3,30-10-2022
812,925,4,08-01-2023
812,289,5,21-11-2022
812,677,6,02-03-2023
812,842,7,19-10-2022
812,725,8,24-10-2022
812,180,9,14-04-2023
812,316,10,19-10-2022
812,551,11,04-05-2022
812,563,12,13-09-2022
812,765,13,06-09-2022
812,85,14,17-06-2022
812,470,15,12-11-2022
812,483,16,29-04-2023
812,811,17,27-11-2022
812,174,18,22-02-2023
812,210,19,29-06-2022
812,90,20,19-07-2022
812,257,21,20-11-2022
812,123,22,15-02-2023
812,319,23,03-07-2022
812,156,24,25-01-2023
812,380,25,05-09-2022
812,438,26,20-06-2022
116,264,1,16-04-2024
116,440,2,07-09-2024
116,692,3,26-10-2023
116,146,4,23-03-2024
116,338,5,01-07-2024
116,982,6,11-01-2024
116,850,7,16-04-2024
116,40,8,31-10-2023
116,972,9,15-06-2024
116,278,10,09-01-2024
116,657,11,01-05-2024
116,516,12,25-10-2023
116,125,13,27-03-2024
116,856,14,08-11-2023
116,343,15,18-12-2023
116,287,16,22-08-2024
116,240,17,09-06-2024
116,370,18,24-09-2024
116,280,19,09-06-2024
116,846,20,06-11-2023
116,120,21,12-04-2024
116,762,22,16-08-2024
116,117,23,01-12-2023
116,513,24,20-07-2024
116,743,25,26-05-2024
116,729,26,20-05-2024
116,844,27,08-06-2024
173,994,1,07-10-2021
173,466,2,02-04-2022
173,272,3,30-07-2021
173,99,4,08-01-2022
173,379,5,30-11-2021
173,664,6,08-12-2021
313,19,1,22-11-2022
313,730,2,09-11-2022
313,104,3,14-10-2022
313,172,4,01-11-2022
313,419,5,12-12-2022
313,201,6,17-03-2023
313,506,7,25-02-2023
313,275,8,04-05-2023
313,842,9,13-02-2023
313,455,10,07-09-2022
313,346,11,23-08-2022
313,129,12,09-03-2023
313,49,13,10-12-2022
313,23,14,19-03-2023
313,252,15,09-11-2022
313,903,16,19-06-2022
313,80,17,08-11-2022
313,456,18,11-05-2023
313,5,19,28-11-2022
313,980,20,22-06-2022
313,217,21,08-12-2022
313,829,22,24-03-2023
313,4,23,07-10-2022
313,491,24,17-09-2022
313,734,25,10-05-2023
313,956,26,23-05-2023
313,451,27,08-08-2022
313,727,28,06-01-2023
313,605,29,26-09-2022
313,550,30,18-07-2022
313,165,31,08-01-2023
534,364,1,04-02-2022
534,697,2,06-07-2022
534,362,3,26-12-2021
534,626,4,28-03-2022
534,970,5,22-11-2021
534,100,6,14-12-2021
534,327,7,21-11-2021
534,971,8,14-12-2021
534,764,9,30-04-2022
534,605,10,25-05-2022
534,6,11,05-10-2021
534,160,12,07-10-2021
534,657,13,09-05-2022
534,975,14,22-10-2021
534,966,15,09-06-2022
534,127,16,02-05-2022
534,491,17,01-02-2022
534,466,18,27-01-2022
534,994,19,11-10-2021
534,888,20,10-03-2022
534,447,21,27-09-2021
534,110,22,04-05-2022
534,594,23,13-04-2022
534,868,24,20-04-2022
534,256,25,02-02-2022
534,400,26,17-06-2022
534,898,27,19-12-2021
534,122,28,05-10-2021
534,796,29,31-08-2022
534,659,30,22-12-2021
534,474,31,01-01-2022
534,331,32,18-09-2021
534,701,33,17-04-2022
534,108,34,13-09-2021
534,182,35,24-03-2022
534,23,36,23-03-2022
534,375,37,09-12-2021
534,91,38,27-12-2021
534,343,39,10-06-2022
534,760,40,17-08-2022
534,201,41,22-04-2022
534,34,42,22-12-2021
534,245,43,20-08-2022
534,330,44,14-09-2021
534,776,45,23-09-2021
534,361,46,07-01-2022
281,338,1,18-04-2022
281,594,2,25-07-2021
281,60,3,17-02-2022
281,91,4,25-12-2021
281,316,5,29-11-2021
281,432,6,06-08-2021
63,256,1,11-02-2024
63,483,2,16-12-2023
63,284,3,04-06-2024
63,600,4,03-08-2024
63,60,5,21-11-2024
63,252,6,24-11-2024
63,110,7,14-02-2024
63,322,8,19-02-2024
63,385,9,17-05-2024
63,823,10,26-06-2024
63,440,11,24-04-2024
63,856,12,07-12-2023
63,213,13,27-12-2023
63,203,14,02-09-2024
63,387,15,21-01-2024
63,749,16,21-11-2024
63,583,17,02-04-2024
63,261,18,25-05-2024
63,966,19,16-07-2024
63,137,20,28-02-2024
63,217,21,05-12-2023
63,331,22,31-07-2024
63,590,23,23-10-2024
63,944,24,10-06-2024
63,430,25,08-05-2024
63,851,26,06-01-2024
63,127,27,07-08-2024
63,969,28,20-02-2024
63,348,29,25-08-2024
63,782,30,13-02-2024
810,445,1,30-12-2021
810,700,2,02-11-2022
810,975,3,31-05-2022
810,238,4,13-07-2022
810,787,5,12-03-2022
810,576,6,22-08-2022
810,594,7,11-02-2022
810,707,8,07-06-2022
810,119,9,07-05-2022
810,697,10,28-04-2022
810,441,11,06-07-2022
810,299,12,02-10-2022
810,820,13,22-10-2022
810,7,14,09-12-2022
810,198,15,27-11-2022
810,649,16,14-06-2022
810,630,17,15-01-2022
810,921,18,20-10-2022
810,506,19,19-10-2022
810,241,20,22-01-2022
810,765,21,05-04-2022
515,605,1,08-09-2022
515,655,2,19-09-2022
515,434,3,22-06-2022
515,977,4,07-05-2022
515,155,5,21-10-2022
515,342,6,18-12-2022
515,991,7,17-02-2023
515,531,8,06-09-2022
515,405,9,13-02-2023
515,956,10,08-10-2022
515,895,11,26-10-2022
515,940,12,27-04-2022
515,295,13,13-04-2023
515,901,14,27-09-2022
515,101,15,11-09-2022
515,388,16,21-03-2023
515,734,17,29-05-2022
515,741,18,05-10-2022
515,512,19,28-09-2022
515,143,20,28-10-2022
515,219,21,06-11-2022
515,994,22,05-07-2022
515,744,23,21-06-2022
515,85,24,20-07-2022
515,34,25,28-09-2022
515,309,26,30-06-2022
515,516,27,07-12-2022
515,711,28,27-10-2022
515,398,29,30-01-2023
515,290,30,28-08-2022
515,706,31,16-02-2023
515,717,32,04-02-2023
515,812,33,20-05-2022
515,987,34,18-12-2022
515,761,35,24-12-2022
515,316,36,14-11-2022
515,626,37,22-12-2022
515,505,38,23-06-2022
515,746,39,04-12-2022
515,408,40,09-03-2023
515,7,41,30-04-2022
515,117,42,05-10-2022
515,176,43,18-10-2022
515,409,44,02-02-2023
759,990,1,04-07-2023
759,441,2,21-07-2023
759,100,3,04-08-2023
759,589,4,21-08-2023
759,254,5,13-12-2022
759,460,6,26-04-2023
759,183,7,25-09-2022
759,754,8,08-03-2023
759,841,9,04-05-2023
759,118,10,27-08-2023
759,380,11,29-03-2023
759,0,12,18-09-2022
759,751,13,30-01-2023
759,730,14,24-09-2022
759,862,15,13-11-2022
759,34,16,30-06-2023
759,359,17,24-10-2022
759,516,18,25-12-2022
759,840,19,09-02-2023
759,156,20,31-10-2022
759,119,21,15-10-2022
759,434,22,25-01-2023
759,534,23,02-02-2023
759,94,24,31-01-2023
759,456,25,26-01-2023
759,632,26,10-04-2023
759,764,27,15-05-2023
759,410,28,11-05-2023
759,922,29,28-10-2022
759,286,30,15-08-2023
759,951,31,15-05-2023
759,956,32,15-07-2023
759,928,33,06-02-2023
759,965,34,12-08-2023
759,987,35,28-09-2022
759,794,36,07-11-2022
759,521,37,30-08-2022
64,914,1,22-08-2024
64,94,2,05-12-2024
64,888,3,05-11-2024
64,598,4,24-02-2025
64,835,5,30-09-2024
64,473,6,17-04-2024
64,210,7,12-06-2024
64,847,8,18-06-2024
64,597,9,22-10-2024
64,0,10,23-05-2024
64,446,11,03-01-2025
64,3,12,07-11-2024
64,469,13,22-08-2024
23,94,1,05-05-2024
23,976,2,14-08-2024
23,248,3,02-09-2024
23,731,4,15-11-2024
23,50,5,29-11-2024
23,576,6,13-12-2024
23,799,7,31-01-2024
23,903,8,25-12-2024
23,335,9,24-12-2024
23,597,10,01-01-2025
23,829,11,13-10-2024
23,979,12,01-03-2024
23,836,13,24-05-2024
23,580,14,23-11-2024
23,776,15,19-12-2024
23,697,16,28-10-2024
23,720,17,15-08-2024
23,652,18,14-06-2024
23,228,19,26-03-2024
23,132,20,10-11-2024
23,405,21,28-04-2024
23,862,22,17-11-2024
23,114,23,24-07-2024
23,321,24,22-12-2024
23,15,25,22-10-2024
23,235,26,26-05-2024
23,167,27,29-01-2024
23,52,28,19-01-2024
23,218,29,05-03-2024
23,100,30,25-09-2024
23,572,31,06-03-2024
23,153,32,10-02-2024
23,284,33,11-05-2024
23,409,34,26-04-2024
23,798,35,16-02-2024
23,828,36,05-08-2024
23,734,37,30-03-2024
23,506,38,03-12-2024
23,346,39,27-06-2024
23,398,40,23-09-2024
23,505,41,16-04-2024
23,65,42,01-12-2024
23,861,43,29-10-2024
23,410,44,21-06-2024
23,498,45,19-04-2024
23,34,46,22-12-2024
23,614,47,11-06-2024
704,440,1,24-10-2023
704,110,2,01-04-2024
704,583,3,05-11-2023
704,713,4,14-02-2024
704,385,5,18-05-2024
704,982,6,08-06-2024
704,469,7,26-09-2024
704,398,8,02-06-2024
704,50,9,27-05-2024
704,380,10,29-08-2024
704,743,11,08-01-2024
704,799,12,11-10-2023
704,645,13,28-12-2023
704,452,14,21-11-2023
704,362,15,11-03-2024
704,828,16,01-11-2023
704,980,17,15-01-2024
704,701,18,27-03-2024
704,443,19,04-03-2024
704,978,20,08-02-2024
704,970,21,28-01-2024
704,966,22,15-02-2024
704,409,23,15-12-2023
704,299,24,19-09-2024
704,660,25,19-08-2024
704,254,26,12-05-2024
704,446,27,12-01-2024
704,930,28,01-03-2024
704,969,29,10-11-2023
704,568,30,20-07-2024
704,100,31,13-10-2023
704,343,32,03-02-2024
704,363,33,25-02-2024
704,931,34,25-05-2024
704,605,35,16-03-2024
704,492,36,28-07-2024
704,947,37,13-06-2024
704,617,38,07-07-2024
704,127,39,11-04-2024
704,730,40,07-10-2024
704,751,41,17-11-2023
704,213,42,19-05-2024
704,90,43,08-03-2024
202,394,1,16-04-2024
202,815,2,30-06-2024
202,719,3,18-11-2023
202,95,4,02-04-2024
202,36,5,19-10-2023
202,505,6,23-01-2024
202,809,7,30-12-2023
202,990,8,12-09-2024
202,751,9,02-09-2024
202,619,10,21-11-2023
202,137,11,30-01-2024
202,778,12,04-09-2024
202,410,13,01-09-2024
202,339,14,20-06-2024
202,436,15,03-10-2023
202,261,16,16-03-2024
202,440,17,06-07-2024
202,224,18,15-07-2024
202,280,19,11-12-2023
202,669,20,13-02-2024
202,901,21,01-09-2024
202,362,22,11-06-2024
202,707,23,17-02-2024
202,699,24,24-04-2024
202,545,25,15-06-2024
202,837,26,18-06-2024
202,584,27,26-06-2024
202,160,28,06-11-2023
202,407,29,19-04-2024
202,63,30,10-05-2024
202,627,31,10-09-2024
202,134,32,20-11-2023
202,430,33,19-12-2023
370,34,1,12-03-2023
370,331,2,30-01-2023
370,85,3,15-04-2023
370,94,4,16-10-2022
370,445,5,21-03-2023
370,160,6,06-12-2022
370,944,7,13-05-2023
370,702,8,26-03-2023
370,164,9,14-03-2023
370,361,10,24-04-2023
370,4,11,21-12-2022
370,783,12,30-01-2023
370,563,13,16-10-2022
370,189,14,03-04-2023
370,461,15,04-01-2023
370,252,16,07-01-2023
370,178,17,16-05-2023
370,69,18,27-11-2022
370,729,19,26-05-2023
370,1000,20,28-03-2023
370,726,21,01-12-2022
370,972,22,17-09-2022
370,284,23,24-11-2022
370,508,24,12-12-2022
370,951,25,05-08-2022
370,270,26,21-08-2022
370,908,27,05-07-2022
370,342,28,05-10-2022
370,597,29,06-06-2022
370,172,30,30-05-2022
370,962,31,25-03-2023
370,965,32,24-10-2022
370,257,33,02-08-2022
370,868,34,06-12-2022
370,31,35,01-09-2022
370,227,36,15-06-2022
370,684,37,10-04-2023
370,921,38,02-09-2022
370,589,39,23-07-2022
370,850,40,13-05-2023
370,67,41,11-09-2022
370,889,42,23-08-2022
370,507,43,15-10-2022
370,796,44,18-10-2022
370,271,45,18-07-2022
370,923,46,25-12-2022
633,840,1,14-10-2024
633,629,2,07-08-2024
633,690,3,21-06-2024
633,139,4,24-05-2024
633,370,5,31-12-2023
633,137,6,03-09-2024
633,921,7,24-05-2024
633,322,8,29-05-2024
633,532,9,13-08-2024
633,811,10,03-08-2024
633,57,11,13-07-2024
633,331,12,08-03-2024
633,203,13,25-01-2024
633,534,14,05-01-2024
633,400,15,23-09-2024
633,686,16,16-04-2024
633,701,17,13-07-2024
633,361,18,19-10-2024
633,114,19,11-03-2024
633,492,20,31-01-2024
633,458,21,23-02-2024
633,580,22,07-03-2024
633,928,23,08-11-2024
633,706,24,28-08-2024
633,129,25,30-07-2024
633,342,26,30-09-2024
633,992,27,21-09-2024
633,290,28,13-03-2024
633,793,29,11-05-2024
633,838,30,02-07-2024
942,314,1,02-12-2021
942,775,2,24-08-2021
942,556,3,03-06-2022
942,143,4,15-08-2021
942,655,5,16-01-2022
942,118,6,26-10-2021
942,257,7,13-07-2021
942,572,8,29-06-2021
942,730,9,02-03-2022
942,826,10,18-04-2022
942,473,11,07-09-2021
942,642,12,31-03-2022
942,505,13,07-07-2021
942,901,14,06-10-2021
942,582,15,22-07-2021
942,68,16,02-04-2022
942,792,17,16-05-2022
942,766,18,28-02-2022
942,755,19,22-10-2021
942,982,20,13-01-2022
942,455,21,30-10-2021
942,386,22,12-09-2021
942,206,23,01-09-2021
942,771,24,31-10-2021
942,868,25,15-04-2022
942,115,26,08-12-2021
942,446,27,17-01-2022
942,753,28,05-05-2022
942,394,29,03-06-2022
942,137,30,07-07-2021
942,142,31,15-10-2021
942,203,32,17-04-2022
942,334,33,16-04-2022
942,907,34,30-03-2022
942,213,35,31-01-2022
942,479,36,16-01-2022
942,762,37,09-06-2022
942,978,38,24-12-2021
942,581,39,05-05-2022
758,68,1,10-10-2021
758,15,2,21-01-2022
758,160,3,08-02-2022
758,942,4,19-07-2022
758,725,5,30-01-2022
758,174,6,17-06-2022
758,975,7,04-11-2021
758,316,8,22-06-2022
758,304,9,25-04-2022
758,564,10,01-12-2021
758,172,11,22-03-2022
758,284,12,05-12-2021
758,832,13,28-12-2021
758,4,14,07-06-2022
758,123,15,29-12-2021
758,931,16,18-07-2022
758,334,17,30-01-2022
758,80,18,01-11-2021
758,697,19,14-09-2021
758,803,20,11-09-2021
758,413,21,01-11-2021
758,218,22,01-04-2022
758,161,23,16-09-2021
758,897,24,08-12-2021
758,410,25,02-01-2022
758,213,26,13-07-2022
758,601,27,12-05-2022
758,461,28,13-10-2021
758,829,29,01-03-2022
639,454,1,03-05-2022
639,707,2,09-09-2021
639,222,3,18-10-2021
639,410,4,02-06-2022
639,828,5,18-09-2021
639,447,6,30-07-2021
639,43,7,12-06-2022
639,315,8,05-12-2021
639,138,9,13-09-2021
639,971,10,30-12-2021
639,583,11,19-08-2021
639,343,12,02-03-2022
639,90,13,27-06-2022
639,656,14,06-04-2022
639,265,15,12-05-2022
639,94,16,16-10-2021
639,521,17,06-10-2021
639,366,18,07-02-2022
639,516,19,20-12-2021
639,705,20,12-04-2022
639,737,21,08-11-2021
639,762,22,19-01-2022
639,217,23,31-05-2022
639,244,24,07-08-2021
639,331,25,22-06-2022
639,261,26,24-11-2021
639,889,27,21-04-2022
639,45,28,07-09-2021
510,737,1,03-06-2023
510,161,2,20-07-2023
510,103,3,16-09-2023
510,720,4,25-06-2023
510,34,5,11-11-2023
510,164,6,21-08-2023
510,134,7,26-04-2024
510,152,8,08-01-2024
510,509,9,29-11-2023
510,656,10,06-09-2023
510,271,11,05-09-2023
510,233,12,02-10-2023
510,129,13,09-09-2023
510,734,14,14-08-2023
510,799,15,22-05-2023
510,730,16,25-07-2023
510,7,17,08-06-2023
145,697,1,12-07-2023
145,847,2,11-08-2023
145,956,3,02-07-2023
145,977,4,11-04-2023
145,58,5,03-12-2022
145,101,6,27-09-2023
145,490,7,09-03-2023
145,928,8,15-11-2022
145,907,9,09-06-2023
145,505,10,16-05-2023
145,542,11,08-12-2022
488,492,1,24-02-2023
488,598,2,27-10-2023
488,707,3,11-05-2023
488,375,4,18-07-2023
488,91,5,04-04-2023
488,730,6,26-10-2023
488,657,7,14-09-2023
488,739,8,01-03-2023
488,32,9,24-12-2022
488,793,10,15-11-2023
488,584,11,31-12-2022
488,580,12,15-07-2023
488,149,13,10-10-2023
488,276,14,04-11-2023
488,619,15,25-11-2023
488,791,16,31-03-2023
488,519,17,13-02-2023
488,702,18,26-01-2023
488,214,19,01-07-2023
488,460,20,04-09-2023
488,81,21,08-05-2023
488,754,22,22-01-2023
488,132,23,05-06-2023
488,129,24,07-04-2023
488,583,25,07-01-2023
488,257,26,18-05-2023
488,626,27,12-05-2023
488,795,28,03-08-2023
488,949,29,07-06-2023
488,563,30,31-08-2023
488,181,31,22-07-2023
488,556,32,14-07-2023
488,439,33,10-05-2023
488,481,34,27-07-2023
488,72,35,24-02-2023
488,210,36,24-05-2023
488,907,37,23-01-2023
488,778,38,16-08-2023
488,325,39,11-04-2023
488,576,40,22-07-2023
978,85,1,15-07-2024
978,144,2,06-01-2025
978,618,3,17-04-2025
978,83,4,18-07-2024
978,405,5,31-03-2025
978,895,6,04-04-2025
978,481,7,07-02-2025
978,838,8,27-07-2024
978,309,9,02-01-2025
978,160,10,30-03-2025
978,499,11,05-09-2024
978,711,12,26-12-2024
978,15,13,23-07-2024
978,752,14,25-12-2024
978,435,15,05-01-2025
978,343,16,26-10-2024
978,492,17,24-08-2024
978,117,18,07-01-2025
978,815,19,08-10-2024
978,524,20,22-04-2025
978,822,21,11-08-2024
978,4,22,06-02-2025
978,940,23,18-07-2024
978,770,24,05-05-2024
978,684,25,10-01-2025
978,274,26,04-02-2025
978,727,27,15-05-2024
978,580,28,08-11-2024
978,55,29,20-12-2024
978,962,30,17-12-2024
978,156,31,19-02-2025
978,119,32,04-10-2024
978,761,33,04-12-2024
978,203,34,15-10-2024
978,907,35,21-05-2024
978,707,36,04-10-2024
978,516,37,15-05-2024
978,300,38,10-02-2025
978,999,39,05-06-2024
978,123,40,08-01-2025
978,409,41,19-10-2024
978,989,42,12-02-2025
978,291,43,08-09-2024
978,152,44,22-03-2025
978,833,45,26-12-2024
978,828,46,19-12-2024
978,165,47,06-08-2024
978,473,48,12-10-2024
978,602,49,10-06-2024
780,169,1,16-05-2022
780,932,2,02-01-2022
780,513,3,23-08-2021
780,320,4,15-01-2022
780,176,5,14-09-2021
780,185,6,09-02-2022
780,387,7,29-09-2021
780,210,8,30-06-2021
780,799,9,08-12-2021
780,329,10,22-04-2022
780,198,11,07-08-2021
780,274,12,07-04-2022
780,264,13,10-02-2022
780,143,14,24-02-2022
780,65,15,24-01-2022
780,739,16,22-04-2022
780,751,17,20-08-2021
780,127,18,28-05-2022
780,624,19,16-12-2021
780,393,20,30-03-2022
780,922,21,26-05-2022
780,617,22,10-02-2022
780,137,23,26-07-2021
780,221,24,19-07-2021
350,838,1,30-05-2023
350,91,2,21-08-2022
350,373,3,29-03-2023
350,908,4,05-06-2023
350,296,5,10-04-2023
323,273,1,06-10-2024
323,417,2,21-01-2024
323,111,3,03-08-2024
323,129,4,11-12-2024
323,847,5,07-09-2024
323,711,6,08-10-2024
323,482,7,02-04-2024
323,794,8,29-02-2024
323,832,9,13-09-2024
323,316,10,28-10-2024
323,34,11,22-06-2024
323,95,12,08-05-2024
918,951,1,06-09-2023
918,114,2,20-01-2024
918,108,3,03-04-2024
918,667,4,15-10-2023
918,452,5,25-05-2024
918,883,6,02-10-2023
918,708,7,28-11-2023
918,627,8,05-10-2023
918,735,9,07-10-2023
918,514,10,07-11-2023
918,661,11,13-06-2024
918,90,12,16-10-2023
918,99,13,26-01-2024
918,697,14,29-11-2023
918,723,15,17-07-2024
918,143,16,18-05-2024
918,393,17,17-02-2024
918,70,18,12-12-2023
918,57,19,14-08-2024
918,32,20,11-05-2024
918,316,21,29-01-2024
918,534,22,08-01-2024
918,861,23,01-07-2024
918,456,24,17-06-2024
918,160,25,20-11-2023
918,908,26,24-04-2024
918,217,27,26-07-2024
918,962,28,19-06-2024
918,390,29,29-06-2024
918,619,30,14-04-2024
918,605,31,16-10-2023
918,645,32,02-09-2023
918,0,33,29-05-2024
918,656,34,08-03-2024
918,994,35,11-04-2024
918,677,36,09-06-2024
918,569,37,31-05-2024
918,682,38,30-10-2023
918,584,39,19-03-2024
918,394,40,29-08-2023
918,211,41,20-07-2024
918,196,42,30-03-2024
918,681,43,01-07-2024
918,601,44,08-03-2024
918,911,45,05-04-2024
918,366,46,08-10-2023
918,409,47,14-10-2023
918,933,48,28-12-2023
918,329,49,24-05-2024
918,520,50,10-06-2024
94,430,1,19-02-2023
94,111,2,21-02-2023
94,708,3,15-06-2023
94,787,4,03-07-2023
94,330,5,01-09-2023
94,983,6,11-10-2022
94,594,7,20-06-2023
94,534,8,11-07-2023
94,239,9,15-02-2023
94,681,10,17-07-2023
94,334,11,28-10-2022
94,98,12,17-03-2023
94,883,13,17-09-2023
94,451,14,20-04-2023
94,791,15,15-07-2023
94,143,16,16-01-2023
94,113,17,04-12-2022
94,910,18,29-03-2023
94,521,19,11-04-2023
94,151,20,31-01-2023
677,836,1,25-12-2024
677,516,2,18-03-2025
677,492,3,05-07-2025
677,776,4,23-02-2025
677,274,5,09-01-2025
677,243,6,05-06-2025
677,430,7,21-02-2025
677,735,8,29-05-2025
677,706,9,15-11-2024
677,731,10,03-01-2025
677,895,11,21-02-2025
677,137,12,01-10-2025
677,119,13,04-05-2025
677,734,14,26-07-2025
677,700,15,13-09-2025
677,217,16,24-08-2025
677,342,17,27-06-2025
677,660,18,31-07-2025
808,470,1,10-09-2022
808,505,2,17-07-2023
808,455,3,30-10-2022
808,252,4,14-11-2022
808,840,5,29-11-2022
808,14,6,20-11-2022
808,225,7,30-06-2023
808,335,8,11-05-2023
808,521,9,28-04-2023
808,602,10,11-08-2023
808,799,11,15-10-2022
808,85,12,27-08-2022
808,783,13,31-08-2022
808,228,14,27-12-2022
808,264,15,28-03-2023
808,776,16,13-07-2023
649,791,1,02-03-2024
649,783,2,27-03-2024
649,210,3,23-01-2025
649,469,4,16-07-2024
649,901,5,24-10-2024
649,629,6,01-07-2024
649,584,7,27-03-2024
649,627,8,07-03-2024
649,346,9,07-03-2024
649,975,10,03-07-2024
649,309,11,24-04-2024
649,256,12,14-08-2024
649,836,13,19-02-2024
649,278,14,09-06-2024
649,633,15,24-11-2024
649,395,16,23-07-2024
649,15,17,30-10-2024
649,598,18,19-07-2024
649,664,19,01-01-2025
649,576,20,02-12-2024
649,898,21,06-06-2024
649,460,22,16-12-2024
649,667,23,29-10-2024
649,792,24,03-05-2024
649,80,25,04-07-2024
649,172,26,29-07-2024
649,974,27,08-01-2025
17,617,1,23-11-2021
17,118,2,23-12-2021
17,983,3,12-08-2021
17,173,4,13-08-2021
17,45,5,19-12-2021
17,180,6,11-07-2021
17,454,7,21-09-2021
17,457,8,06-11-2021
17,639,9,02-08-2021
17,897,10,05-04-2021
17,771,11,18-06-2021
17,841,12,18-01-2022
17,380,13,21-08-2021
17,999,14,19-01-2022
17,531,15,20-08-2021
17,409,16,03-09-2021
17,198,17,07-11-2021
17,513,18,06-07-2021
17,700,19,24-01-2022
455,997,1,14-03-2023
455,692,2,05-12-2022
455,776,3,21-07-2023
455,711,4,24-05-2023
455,623,5,27-07-2023
455,49,6,07-01-2023
455,162,7,19-11-2023
455,951,8,30-07-2023
455,611,9,20-03-2023
455,643,10,27-11-2023
455,218,11,10-08-2023
455,994,12,12-05-2023
455,224,13,04-11-2023
455,40,14,13-02-2023
455,914,15,22-06-2023
455,441,16,04-10-2023
455,241,17,11-06-2023
455,828,18,14-10-2023
455,264,19,30-01-2023
455,766,20,16-04-2023
455,525,21,08-01-2023
455,748,22,29-09-2023
455,482,23,24-06-2023
455,576,24,27-09-2023
455,91,25,08-02-2023
455,617,26,29-04-2023
455,762,27,11-04-2023
455,796,28,24-11-2023
455,556,29,18-08-2023
455,682,30,01-07-2023
455,469,31,24-06-2023
455,0,32,19-06-2023
980,160,1,23-01-2022
980,720,2,11-03-2022
980,291,3,31-07-2022
980,939,4,23-06-2022
980,475,5,03-10-2022
980,289,6,23-09-2022
980,739,7,12-05-2022
980,52,8,03-04-2022
980,65,9,17-05-2022
980,754,10,22-11-2022
980,60,11,26-03-2022
980,252,12,30-06-2022
980,478,13,24-10-2022
980,189,14,18-02-2022
980,210,15,21-11-2022
980,521,16,07-07-2022
980,36,17,31-07-2022
980,153,18,09-05-2022
980,134,19,24-11-2022
980,358,20,21-08-2022
980,241,21,20-03-2022
980,834,22,05-10-2022
980,572,23,27-05-2022
980,201,24,12-05-2022
980,551,25,15-05-2022
980,157,26,30-11-2022
980,661,27,10-04-2022
980,583,28,29-10-2022
980,808,29,30-05-2022
980,45,30,07-03-2022
980,218,31,06-08-2022
980,656,32,27-12-2022
980,98,33,05-03-2022
980,534,34,06-12-2022
980,433,35,22-02-2022
980,430,36,20-09-2022
980,107,37,19-08-2022
980,742,38,11-07-2022
242,499,1,27-07-2022
242,398,2,13-03-2022
242,174,3,02-05-2022
242,58,4,13-06-2022
242,110,5,17-08-2022
242,198,6,20-12-2022
162,840,1,20-11-2022
162,316,2,29-07-2022
162,701,3,06-07-2022
162,185,4,16-01-2023
162,682,5,02-12-2022
162,836,6,11-11-2022
162,766,7,09-07-2022
162,478,8,18-10-2022
162,372,9,02-09-2022
162,271,10,28-07-2022
162,783,11,29-04-2022
162,289,12,14-02-2022
162,326,13,02-06-2022
162,156,14,15-10-2022
162,754,15,18-01-2023
162,183,16,30-08-2022
162,366,17,24-09-2022
162,557,18,27-07-2022
162,908,19,19-07-2022
162,300,20,20-06-2022
162,686,21,11-12-2022
162,791,22,29-09-2022
162,739,23,17-09-2022
162,110,24,19-07-2022
162,14,25,01-11-2022
162,506,26,15-04-2022
162,70,27,27-11-2022
162,637,28,25-12-2022
162,95,29,18-03-2022
162,359,30,03-10-2022
162,451,31,07-11-2022
162,700,32,11-11-2022
162,304,33,01-03-2022
162,868,34,05-07-2022
162,898,35,15-02-2022
162,101,36,01-04-2022
922,30,1,31-12-2022
922,183,2,30-08-2022
922,455,3,17-08-2022
922,627,4,11-11-2022
922,198,5,11-09-2022
922,343,6,28-10-2022
922,713,7,08-01-2023
922,301,8,16-09-2022
922,491,9,28-02-2023
922,497,10,12-06-2023
922,227,11,15-12-2022
922,648,12,08-04-2023
922,468,13,28-11-2022
922,506,14,10-09-2022
922,387,15,27-06-2023
922,136,16,13-06-2023
922,32,17,11-08-2022
922,743,18,12-01-2023
922,782,19,01-05-2023
922,681,20,17-08-2022
922,432,21,29-12-2022
922,368,22,01-08-2022
922,466,23,12-10-2022
922,179,24,04-04-2023
922,284,25,04-11-2022
922,244,26,09-12-2022
922,763,27,09-02-2023
911,580,1,06-08-2023
911,327,2,12-07-2023
911,627,3,10-06-2023
911,976,4,23-07-2023
911,720,5,25-02-2023
911,935,6,11-07-2023
911,206,7,22-02-2023
911,550,8,25-06-2023
911,301,9,11-05-2023
911,377,10,28-06-2023
911,50,11,01-08-2023
911,751,12,14-01-2023
911,413,13,10-05-2023
911,701,14,24-08-2022
911,652,15,02-07-2023
911,849,16,03-09-2022
911,516,17,10-05-2023
911,505,18,19-08-2023
911,466,19,07-02-2023
911,303,20,17-01-2023
911,100,21,10-03-2023
911,827,22,30-06-2023
911,787,23,31-10-2022
911,227,24,30-06-2023
911,606,25,15-10-2022
911,358,26,08-05-2023
992,458,1,01-02-2023
992,246,2,09-12-2022
992,281,3,08-11-2022
992,669,4,04-07-2022
992,744,5,17-09-2022
992,370,6,03-10-2022
992,576,7,12-02-2022
992,778,8,16-12-2022
992,241,9,22-03-2022
992,137,10,25-05-2022
992,223,11,25-08-2022
992,930,12,09-07-2022
992,497,13,11-01-2023
992,916,14,28-02-2022
992,476,15,07-12-2022
992,678,16,18-07-2022
992,739,17,09-10-2022
992,197,18,22-10-2022
992,551,19,24-10-2022
992,820,20,19-02-2022
992,496,21,19-04-2022
992,776,22,14-10-2022
992,434,23,27-08-2022
992,206,24,08-03-2022
992,357,25,29-06-2022
992,469,26,25-12-2022
992,911,27,06-01-2023
992,203,28,18-09-2022
992,366,29,31-05-2022
919,529,1,17-04-2023
919,914,2,31-08-2022
919,705,3,24-06-2022
919,222,4,05-08-2022
919,405,5,18-05-2023
919,64,6,19-03-2023
919,90,7,26-12-2022
919,953,8,24-05-2023
919,341,9,23-11-2022
919,218,10,29-03-2023
919,335,11,03-11-2022
919,820,12,27-08-2022
919,719,13,30-09-2022
919,106,14,03-07-2022
919,844,15,04-10-2022
919,483,16,30-10-2022
919,982,17,24-12-2022
919,908,18,15-03-2023
919,770,19,08-07-2022
919,828,20,05-04-2023
919,156,21,25-08-2022
919,140,22,28-06-2022
919,7,23,18-09-2022
919,601,24,12-10-2022
919,735,25,10-06-2023
919,166,26,29-03-2023
745,81,1,22-02-2021
745,483,2,14-10-2021
745,624,3,08-01-2021
745,600,4,13-03-2021
745,619,5,08-04-2021
745,663,6,28-03-2021
745,504,7,26-11-2021
745,728,8,11-04-2021
745,440,9,08-10-2021
745,331,10,16-10-2021
745,960,11,25-08-2021
745,408,12,15-07-2021
745,975,13,07-04-2021
745,781,14,06-04-2021
745,649,15,18-09-2021
745,34,16,01-05-2021
745,208,17,30-09-2021
745,401,18,28-11-2021
745,752,19,21-02-2021
745,566,20,14-11-2021
745,203,21,12-06-2021
745,966,22,09-07-2021
745,605,23,04-10-2021
745,833,24,26-03-2021
745,7,25,13-07-2021
745,827,26,30-06-2021
314,657,1,11-08-2024
314,915,2,04-04-2024
314,763,3,23-04-2024
314,95,4,04-03-2024
314,222,5,26-05-2024
314,201,6,01-10-2024
314,725,7,03-08-2024
314,897,8,05-08-2024
314,241,9,08-06-2024
314,963,10,24-07-2024
314,31,11,30-09-2024
314,386,12,27-02-2024
314,794,13,13-09-2024
314,771,14,01-01-2024
314,366,15,30-08-2024
314,930,16,11-08-2024
314,744,17,07-10-2024
314,448,18,08-09-2024
314,692,19,27-02-2024
314,749,20,23-01-2024
314,301,21,05-12-2024
314,461,22,17-02-2024
314,496,23,03-09-2024
314,798,24,02-02-2024
314,677,25,29-10-2024
314,970,26,24-11-2024
314,273,27,13-05-2024
314,235,28,17-02-2024
314,364,29,29-03-2024
314,828,30,29-03-2024
314,932,31,14-09-2024
314,947,32,13-11-2024
314,32,33,11-05-2024
314,359,34,07-09-2024
314,284,35,01-02-2024
314,138,36,16-05-2024
314,128,37,21-05-2024
314,129,38,03-01-2024
314,343,39,02-09-2024
314,847,40,09-05-2024
314,706,41,23-02-2024
314,137,42,27-04-2024
314,302,43,14-09-2024
314,456,44,24-04-2024
314,383,45,10-09-2024
314,551,46,13-11-2024
458,340,1,17-01-2023
458,364,2,03-07-2022
458,169,3,11-10-2022
458,331,4,08-08-2022
458,836,5,13-04-2023
458,342,6,12-09-2022
458,413,7,11-04-2023
458,846,8,25-10-2022
458,746,9,25-09-2022
458,401,10,14-05-2022
380,148,1,26-06-2023
380,772,2,25-03-2024
380,594,3,17-03-2024
380,910,4,02-01-2024
380,615,5,26-08-2023
380,72,6,30-08-2023
380,85,7,09-05-2023
380,133,8,14-11-2023
380,505,9,19-07-2023
380,634,10,20-12-2023
380,827,11,05-04-2024
380,370,12,08-05-2023
380,381,13,30-11-2023
380,373,14,18-04-2024
380,574,15,17-11-2023
380,700,16,29-07-2023
380,95,17,04-05-2023
380,907,18,05-03-2024
380,210,19,16-01-2024
241,836,1,04-05-2024
241,965,2,12-01-2024
241,780,3,29-06-2024
241,883,4,14-02-2024
241,458,5,01-08-2024
241,554,6,21-06-2024
241,398,7,12-12-2023
241,91,8,07-10-2023
241,692,9,24-10-2023
241,183,10,23-04-2024
241,469,11,18-03-2024
241,838,12,01-05-2024
241,868,13,08-03-2024
241,209,14,14-03-2024
241,933,15,23-11-2023
241,244,16,20-12-2023
241,632,17,03-02-2024
241,994,18,22-01-2024
241,963,19,13-08-2023
241,266,20,08-01-2024
241,161,21,23-02-2024
241,907,22,19-03-2024
241,531,23,28-08-2023
241,325,24,16-06-2024
241,137,25,08-01-2024
241,728,26,06-05-2024
241,210,27,28-12-2023
241,924,28,24-04-2024
241,217,29,24-10-2023
241,999,30,28-08-2023
241,897,31,12-10-2023
241,890,32,08-09-2023
241,270,33,13-12-2023
241,205,34,06-12-2023
241,387,35,25-11-2023
241,589,36,02-11-2023
241,764,37,31-03-2024
241,14,38,18-02-2024
241,197,39,25-02-2024
241,835,40,27-11-2023
241,656,41,08-03-2024
241,842,42,02-06-2024
241,707,43,01-04-2024
241,335,44,20-05-2024
241,491,45,10-05-2024
241,6,46,29-05-2024
241,680,47,14-06-2024
15,333,1,24-11-2024
15,353,2,23-07-2025
15,110,3,09-08-2025
15,34,4,13-03-2025
15,771,5,18-08-2025
15,176,6,25-04-2025
15,316,7,20-02-2025
15,761,8,13-05-2025
15,1000,9,19-02-2025
15,912,10,23-04-2025
15,992,11,01-02-2025
15,430,12,03-02-2025
15,214,13,12-10-2024
15,188,14,28-06-2025
15,248,15,06-06-2025
15,201,16,18-12-2024
15,707,17,18-08-2025
15,748,18,22-08-2025
15,405,19,05-11-2024
15,582,20,20-09-2024
15,210,21,20-08-2025
15,983,22,01-02-2025
15,62,23,24-01-2025
15,745,24,29-12-2024
15,864,25,13-07-2025
15,455,26,08-11-2024
15,882,27,11-07-2025
15,363,28,17-03-2025
15,953,29,12-08-2025
15,435,30,12-02-2025
15,40,31,07-07-2025
15,576,32,31-08-2025
15,584,33,09-06-2025
15,529,34,27-06-2025
15,701,35,13-10-2024
15,68,36,31-08-2025
15,741,37,20-02-2025
15,460,38,11-11-2024
15,366,39,11-09-2024
15,362,40,28-11-2024
15,686,41,22-03-2025
603,224,1,30-10-2021
603,301,2,24-02-2021
603,1000,3,07-12-2021
603,284,4,26-09-2021
603,898,5,30-10-2021
603,987,6,07-05-2021
603,742,7,26-01-2022
603,314,8,26-01-2022
603,928,9,18-02-2021
603,728,10,17-10-2021
603,680,11,19-03-2021
603,583,12,06-08-2021
603,441,13,18-04-2021
603,31,14,09-07-2021
603,766,15,10-04-2021
603,379,16,24-08-2021
603,576,17,25-02-2021
603,889,18,02-03-2021
603,506,19,16-10-2021
603,341,20,25-07-2021
603,34,21,21-01-2022
603,203,22,06-06-2021
603,965,23,21-11-2021
603,504,24,03-10-2021
603,751,25,28-07-2021
603,311,26,31-12-2021
603,833,27,10-03-2021
603,5,28,18-06-2021
603,137,29,22-12-2021
603,366,30,20-11-2021
603,990,31,25-11-2021
603,875,32,22-11-2021
603,947,33,01-07-2021
603,72,34,24-05-2021
603,847,35,23-02-2021
603,398,36,16-09-2021
603,337,37,14-03-2021
532,475,1,03-03-2022
532,930,2,25-06-2022
532,705,3,07-10-2022
532,52,4,10-02-2022
532,245,5,29-01-2022
532,700,6,29-12-2021
532,5,7,19-12-2021
532,776,8,11-02-2022
532,209,9,22-11-2022
532,677,10,03-08-2022
532,692,11,09-10-2022
532,458,12,20-10-2022
425,754,1,26-03-2023
425,133,2,01-01-2023
425,963,3,17-10-2022
425,868,4,19-04-2023
425,210,5,13-06-2022
425,201,6,10-11-2022
425,239,7,31-05-2022
425,350,8,06-01-2023
425,122,9,31-12-2022
425,108,10,08-06-2022
425,987,11,10-02-2023
425,504,12,28-08-2022
425,737,13,24-05-2022
425,245,14,25-06-2022
425,897,15,21-09-2022
425,750,16,20-08-2022
425,359,17,12-11-2022
425,907,18,02-09-2022
425,129,19,27-09-2022
425,534,20,23-01-2023
425,806,21,01-04-2023
425,895,22,19-07-2022
425,702,23,20-05-2022
425,299,24,08-05-2022
425,669,25,31-10-2022
425,45,26,21-08-2022
425,290,27,06-10-2022
425,91,28,08-08-2022
425,267,29,26-12-2022
425,842,30,04-05-2022
425,865,31,24-04-2023
425,254,32,16-10-2022
425,61,33,08-01-2023
425,405,34,30-12-2022
425,921,35,05-11-2022
425,451,36,19-08-2022
425,917,37,20-05-2022
425,734,38,20-04-2023
425,81,39,07-03-2023
425,686,40,28-01-2023
425,62,41,10-09-2022
425,432,42,19-04-2023
425,181,43,08-11-2022
425,241,44,10-01-2023
425,741,45,30-01-2023
425,208,46,06-07-2022
425,278,47,21-04-2023
425,922,48,22-04-2023
669,69,1,03-03-2025
669,370,2,10-04-2025
669,458,3,03-10-2024
669,483,4,10-07-2024
669,994,5,29-12-2024
669,999,6,02-03-2025
669,172,7,06-09-2024
669,871,8,29-11-2024
669,169,9,06-03-2025
669,167,10,01-12-2024
669,308,11,12-10-2024
669,133,12,08-10-2024
669,782,13,02-07-2024
669,655,14,08-08-2024
669,225,15,04-08-2024
669,390,16,10-01-2025
669,682,17,08-01-2025
669,181,18,21-11-2024
669,664,19,01-11-2024
669,932,20,02-03-2025
669,766,21,29-09-2024
669,551,22,05-02-2025
669,146,23,31-10-2024
669,222,24,05-09-2024
669,624,25,29-08-2024
669,746,26,31-08-2024
669,556,27,03-10-2024
669,787,28,11-05-2025
669,174,29,29-06-2024
669,359,30,02-09-2024
669,509,31,12-07-2024
669,277,32,13-05-2025
669,449,33,03-03-2025
669,115,34,17-06-2024
669,199,35,08-09-2024
669,331,36,06-07-2024
669,889,37,21-05-2025
669,890,38,24-01-2025
669,982,39,11-05-2025
669,265,40,29-04-2025
669,322,41,01-04-2025
669,384,42,18-03-2025
669,720,43,10-07-2024
669,40,44,26-06-2024
669,975,45,24-09-2024
669,723,46,20-04-2025
669,795,47,19-05-2025
669,118,48,28-10-2024
426,206,1,29-06-2024
426,362,2,11-09-2024
426,149,3,04-07-2024
426,305,4,11-01-2024
426,430,5,29-08-2024
426,645,6,13-12-2023
426,222,7,02-06-2024
426,903,8,01-02-2024
426,787,9,04-11-2023
915,152,1,23-08-2022
915,873,2,10-11-2022
915,700,3,02-07-2022
915,914,4,27-04-2022
915,936,5,26-08-2022
915,118,6,18-06-2022
915,387,7,26-08-2022
915,910,8,22-11-2022
915,928,9,22-07-2022
915,34,10,08-02-2023
915,304,11,22-07-2022
915,316,12,29-03-2022
915,796,13,13-01-2023
915,999,14,27-05-2022
915,470,15,05-07-2022
915,303,16,02-08-2022
915,901,17,06-04-2022
915,477,18,18-12-2022
915,469,19,01-12-2022
915,101,20,12-02-2023
915,185,21,19-10-2022
915,107,22,14-04-2022
915,754,23,29-11-2022
915,553,24,06-05-2022
915,980,25,13-12-2022
915,724,26,17-10-2022
915,245,27,07-08-2022
915,407,28,11-07-2022
915,750,29,10-07-2022
915,697,30,14-10-2022
915,17,31,24-02-2022
915,131,32,04-11-2022
915,199,33,26-11-2022
915,939,34,25-02-2022
915,749,35,18-11-2022
915,671,36,21-09-2022
915,903,37,25-09-2022
915,916,38,18-11-2022
915,771,39,09-03-2022
915,834,40,26-04-2022
915,733,41,18-10-2022
915,490,42,09-03-2022
915,380,43,14-04-2022
644,80,1,24-10-2024
644,588,2,29-02-2024
644,188,3,06-07-2024
644,72,4,26-03-2024
644,776,5,16-02-2024
644,45,6,18-07-2024
644,319,7,04-08-2024
644,66,8,08-03-2024
597,722,1,20-03-2025
597,532,2,16-10-2025
597,462,3,09-12-2024
597,0,4,01-07-2025
597,295,5,08-10-2025
597,95,6,03-05-2025
597,681,7,18-11-2024
597,254,8,23-10-2025
597,497,9,23-06-2025
597,80,10,11-09-2025
900,370,1,17-09-2022
900,490,2,15-05-2023
900,999,3,06-07-2023
900,195,4,22-06-2023
900,65,5,18-12-2022
900,115,6,28-06-2023
900,626,7,02-11-2022
900,494,8,31-10-2022
900,699,9,15-10-2022
900,362,10,09-11-2022
900,303,11,04-11-2022
900,364,12,04-02-2023
900,965,13,01-05-2023
900,614,14,22-05-2023
900,330,15,25-03-2023
900,366,16,01-10-2022
900,737,17,28-10-2022
900,133,18,09-10-2022
900,185,19,09-07-2023
900,206,20,25-03-2023
900,735,21,19-07-2023
900,590,22,25-08-2022
900,471,23,08-07-2023
900,513,24,04-02-2023
900,903,25,08-11-2022
900,570,26,12-07-2023
900,963,27,11-07-2023
900,629,28,28-08-2022
900,378,29,17-09-2022
900,675,30,21-07-2023
900,226,31,01-06-2023
900,550,32,02-07-2023
900,94,33,16-06-2023
900,730,34,15-05-2023
900,296,35,10-02-2023
900,199,36,08-12-2022
900,496,37,11-09-2022
900,521,38,10-04-2023
900,261,39,22-06-2023
900,225,40,04-02-2023
900,172,41,06-04-2023
900,507,42,22-09-2022
900,781,43,08-05-2023
900,344,44,29-08-2022
900,162,45,28-06-2023
900,722,46,30-11-2022
900,520,47,20-12-2022
900,311,48,18-07-2023
900,749,49,24-12-2022
300,795,1,08-05-2023
300,466,2,31-05-2022
300,642,3,05-06-2022
300,949,4,29-04-2023
300,212,5,20-07-2022
300,433,6,10-08-2022
300,6,7,06-08-2022
300,978,8,12-01-2023
300,921,9,27-02-2023
300,781,10,23-06-2022
300,314,11,03-04-2023
300,384,12,27-08-2022
300,861,13,28-03-2023
300,380,14,19-07-2022
300,911,15,03-06-2022
300,456,16,18-10-2022
300,966,17,23-05-2023
300,754,18,19-08-2022
300,452,19,01-02-2023
300,999,20,27-11-2022
300,534,21,12-01-2023
300,982,22,01-02-2023
300,58,23,03-01-2023
300,110,24,29-04-2023
300,566,25,28-05-2022
300,290,26,12-05-2023
300,304,27,13-09-2022
300,77,28,03-12-2022
300,388,29,12-10-2022
300,735,30,12-04-2023
300,222,31,11-10-2022
300,638,32,08-05-2023
300,335,33,27-08-2022
300,885,34,04-07-2022
300,723,35,26-05-2022
300,772,36,26-02-2023
869,681,1,04-06-2022
869,534,2,23-07-2022
869,908,3,04-05-2022
869,840,4,09-03-2022
869,496,5,20-02-2023
869,589,6,02-09-2022
869,183,7,05-08-2022
869,512,8,31-03-2022
869,342,9,29-07-2022
869,413,10,13-01-2023
869,820,11,28-10-2022
869,68,12,03-08-2022
869,632,13,28-04-2022
869,583,14,10-03-2022
869,794,15,08-02-2023
869,965,16,02-07-2022
869,34,17,19-02-2023
869,335,18,09-02-2023
869,624,19,07-12-2022
869,711,20,23-10-2022
869,750,21,27-01-2023
869,478,22,17-03-2022
869,57,23,18-01-2023
869,359,24,23-03-2022
869,477,25,09-03-2022
869,669,26,23-09-2022
869,648,27,14-04-2022
869,682,28,25-01-2023
869,149,29,27-03-2022
869,154,30,04-09-2022
869,310,31,18-07-2022
869,700,32,09-03-2022
869,834,33,20-10-2022
869,865,34,31-05-2022
951,422,1,16-05-2024
951,36,2,14-06-2024
951,813,3,07-06-2024
951,763,4,29-04-2024
951,207,5,15-06-2024
951,482,6,31-03-2025
951,497,7,28-12-2024
951,871,8,12-02-2025
951,385,9,08-07-2024
951,546,10,27-03-2025
951,743,11,03-04-2025
951,5,12,13-02-2025
951,381,13,30-07-2024
951,271,14,15-09-2024
951,7,15,04-04-2025
951,600,16,07-01-2025
951,117,17,08-06-2024
951,944,18,04-02-2025
951,840,19,20-12-2024
951,257,20,18-11-2024
951,895,21,21-10-2024
951,828,22,10-11-2024
951,910,23,01-10-2024
951,486,24,28-03-2025
951,526,25,18-11-2024
951,626,26,12-12-2024
951,729,27,28-01-2025
951,850,28,31-03-2025
951,782,29,08-04-2024
951,67,30,23-08-2024
951,655,31,17-09-2024
951,775,32,14-12-2024
951,245,33,04-09-2024
951,939,34,10-06-2024
951,889,35,29-05-2024
951,861,36,09-07-2024
951,682,37,18-09-2024
951,290,38,19-02-2025
951,960,39,01-03-2025
700,223,1,09-06-2023
700,439,2,31-03-2023
700,447,3,24-07-2023
700,908,4,12-01-2023
700,364,5,16-01-2023
700,417,6,02-12-2022
700,551,7,04-01-2023
700,707,8,23-10-2023
700,132,9,18-11-2022
700,509,10,13-04-2023
700,684,11,14-08-2023
700,976,12,24-12-2022
700,74,13,02-01-2023
700,284,14,15-07-2023
700,537,15,27-06-2023
700,270,16,09-11-2022
700,868,17,28-02-2023
700,34,18,14-10-2023
700,355,19,29-01-2023
700,316,20,08-09-2023
700,572,21,24-04-2023
700,72,22,03-11-2022
700,740,23,10-03-2023
700,734,24,24-12-2022
700,627,25,20-08-2023
700,289,26,03-05-2023
700,274,27,19-10-2023
700,337,28,12-06-2023
700,776,29,12-11-2022
700,699,30,14-05-2023
700,338,31,05-07-2023
700,334,32,03-04-2023
700,49,33,17-01-2023
700,749,34,20-03-2023
700,735,35,29-01-2023
700,907,36,24-03-2023
700,473,37,11-01-2023
700,422,38,26-04-2023
700,107,39,14-10-2023
700,512,40,21-07-2023
700,213,41,29-07-2023
700,329,42,13-02-2023
700,266,43,11-01-2023
700,582,44,13-01-2023
69,727,1,12-08-2024
69,828,2,01-09-2024
69,136,3,03-10-2023
69,496,4,28-01-2024
69,71,5,06-05-2024
69,337,6,27-06-2024
69,903,7,10-07-2024
69,343,8,30-11-2023
69,734,9,27-10-2023
69,408,10,27-08-2024
69,499,11,01-09-2024
69,686,12,27-02-2024
69,117,13,28-05-2024
69,615,14,16-11-2023
69,290,15,23-09-2023
69,744,16,09-10-2023
69,199,17,28-12-2023
69,947,18,08-04-2024
69,883,19,30-05-2024
69,222,20,27-07-2024
335,496,1,27-01-2024
335,65,2,12-08-2023
335,769,3,04-04-2023
335,34,4,26-12-2023
335,72,5,27-10-2023
335,108,6,16-03-2023
335,120,7,10-05-2023
335,513,8,18-11-2023
335,183,9,20-03-2023
335,957,10,09-01-2024
335,582,11,23-05-2023
335,729,12,01-05-2023
335,198,13,08-08-2023
335,930,14,21-01-2024
335,85,15,21-10-2023
335,599,16,20-01-2024
335,602,17,28-06-2023
50,217,1,01-04-2025
50,815,2,28-08-2024
50,467,3,30-07-2024
50,400,4,09-08-2024
50,469,5,16-03-2025
50,492,6,05-09-2024
50,213,7,30-08-2024
50,563,8,19-08-2024
50,711,9,20-05-2025
50,335,10,05-06-2024
50,987,11,07-09-2024
50,849,12,07-02-2025
50,516,13,27-10-2024
50,432,14,28-01-2025
50,225,15,17-08-2024
50,334,16,23-08-2024
50,776,17,16-02-2025
50,271,18,22-01-2025
50,392,19,16-05-2025
50,518,20,12-12-2024
50,652,21,30-04-2025
50,387,22,03-04-2025
50,366,23,02-03-2025
50,762,24,23-01-2025
50,657,25,26-07-2024
50,90,26,05-07-2024
50,198,27,02-07-2024
50,31,28,04-01-2025
50,960,29,17-03-2025
50,314,30,09-01-2025
50,838,31,05-12-2024
50,286,32,21-04-2025
50,702,33,21-06-2024
50,496,34,08-02-2025
50,797,35,10-09-2024
50,40,36,03-04-2025
50,734,37,20-02-2025
50,179,38,13-10-2024
50,290,39,12-05-2025
50,363,40,26-05-2024
50,617,41,25-04-2025
50,110,42,05-09-2024
50,39,43,04-02-2025
50,280,44,30-07-2024
50,542,45,25-04-2025
50,847,46,29-10-2024
960,401,1,28-05-2023
960,0,2,24-10-2023
960,769,3,11-12-2023
960,563,4,08-09-2023
960,140,5,21-09-2023
960,14,6,12-04-2024
960,864,7,28-02-2024
960,991,8,24-02-2024
960,457,9,14-09-2023
960,218,10,26-06-2023
960,780,11,27-06-2023
960,342,12,17-07-2023
960,454,13,16-03-2024
960,601,14,05-04-2024
960,572,15,21-04-2024
960,830,16,11-09-2023
960,85,17,13-06-2023
960,583,18,18-04-2024
960,956,19,20-08-2023
960,192,20,11-07-2023
960,801,21,10-02-2024
960,976,22,05-09-2023
960,201,23,14-04-2024
960,796,24,22-02-2024
960,413,25,28-10-2023
960,720,26,24-02-2024
960,166,27,15-11-2023
960,907,28,18-01-2024
960,378,29,11-08-2023
960,469,30,02-07-2023
960,633,31,01-11-2023
960,518,32,23-02-2024
960,198,33,11-05-2023
960,333,34,24-11-2023
190,879,1,09-05-2023
190,457,2,25-02-2023
190,348,3,03-03-2023
190,928,4,20-03-2023
190,201,5,14-04-2023
190,787,6,03-09-2023
190,524,7,19-12-2022
190,512,8,12-04-2023
190,584,9,03-02-2023
190,267,10,20-07-2023
190,682,11,22-12-2022
190,483,12,19-01-2023
190,977,13,12-01-2023
190,516,14,08-04-2023
190,583,15,30-11-2023
190,455,16,07-02-2023
190,912,17,15-08-2023
190,185,18,24-08-2023
190,788,19,27-03-2023
190,132,20,17-03-2023
190,420,21,23-01-2023
190,836,22,08-09-2023
190,342,23,20-07-2023
142,883,1,03-08-2025
142,358,2,07-08-2025
142,393,3,18-06-2025
142,700,4,27-03-2025
142,218,5,21-08-2025
142,380,6,23-12-2024
142,440,7,01-06-2025
142,38,8,07-12-2024
142,266,9,13-04-2025
142,63,10,04-11-2024
142,959,11,23-07-2025
142,316,12,26-01-2025
142,723,13,06-04-2025
142,361,14,03-08-2025
142,256,15,21-11-2024
142,455,16,12-12-2024
142,431,17,09-08-2025
142,60,18,08-08-2025
142,304,19,13-05-2025
142,642,20,17-03-2025
142,645,21,04-04-2025
622,701,1,27-07-2024
622,728,2,17-05-2024
622,34,3,16-09-2024
622,663,4,10-01-2025
622,605,5,08-12-2024
622,107,6,05-11-2024
622,180,7,13-12-2024
622,409,8,14-07-2024
622,105,9,30-07-2024
622,686,10,12-02-2025
622,949,11,04-08-2024
622,608,12,06-05-2024
622,590,13,30-01-2025
622,371,14,20-12-2024
622,61,15,04-01-2025
622,739,16,02-04-2025
622,521,17,07-11-2024
622,346,18,06-06-2024
622,100,19,09-05-2024
622,314,20,01-03-2025
622,722,21,14-04-2024
622,626,22,19-06-2024
622,225,23,07-09-2024
868,449,1,03-04-2023
868,358,2,17-02-2023
868,96,3,12-07-2023
868,193,4,20-11-2022
868,363,5,09-01-2023
868,235,6,10-03-2023
868,598,7,29-12-2022
868,357,8,13-05-2023
868,366,9,31-12-2022
868,127,10,14-02-2023
868,505,11,21-02-2023
868,614,12,06-09-2022
868,617,13,08-07-2023
868,227,14,24-11-2022
868,525,15,22-09-2022
868,994,16,15-06-2023
868,198,17,05-08-2023
868,494,18,22-02-2023
868,661,19,01-08-2023
868,735,20,08-12-2022
868,310,21,23-04-2023
868,856,22,29-10-2022
868,626,23,24-06-2023
868,100,24,12-07-2023
868,588,25,19-03-2023
868,656,26,24-06-2023
868,633,27,05-12-2022
868,668,28,12-02-2023
868,438,29,04-04-2023
868,999,30,07-09-2022
868,898,31,07-07-2023
868,464,32,24-04-2023
520,754,1,03-01-2024
520,678,2,17-01-2024
520,295,3,05-05-2024
520,265,4,23-02-2024
520,526,5,15-02-2024
520,390,6,03-07-2023
520,357,7,23-07-2023
520,742,8,16-03-2024
520,201,9,15-03-2024
520,362,10,24-12-2023
520,513,11,22-08-2023
520,35,12,08-03-2024
520,129,13,12-05-2024
520,682,14,24-08-2023
520,997,15,15-04-2024
520,833,16,28-12-2023
520,432,17,27-08-2023
520,769,18,13-03-2024
520,422,19,21-03-2024
520,699,20,05-11-2023
520,387,21,25-06-2023
520,331,22,09-06-2024
520,58,23,19-10-2023
520,956,24,28-01-2024
520,236,25,05-09-2023
520,509,26,21-11-2023
520,467,27,11-06-2024
520,409,28,02-08-2023
520,118,29,13-01-2024
520,601,30,13-06-2023
870,117,1,28-12-2023
870,210,2,12-11-2023
870,160,3,26-06-2023
870,711,4,14-01-2024
870,357,5,27-09-2023
870,565,6,28-09-2023
870,944,7,28-04-2023
870,468,8,03-04-2023
870,826,9,25-11-2023
870,83,10,13-03-2023
870,601,11,02-01-2024
870,439,12,06-01-2024
870,734,13,17-10-2023
870,769,14,12-06-2023
870,627,15,18-02-2023
870,123,16,21-12-2023
870,4,17,09-06-2023
870,562,18,14-03-2023
870,772,19,17-04-2023
870,235,20,17-12-2023
870,157,21,26-06-2023
870,537,22,19-02-2023
870,970,23,12-06-2023
870,728,24,03-12-2023
870,36,25,04-07-2023
870,838,26,25-04-2023
870,965,27,16-04-2023
870,811,28,01-09-2023
870,461,29,01-10-2023
870,496,30,07-04-2023
870,743,31,23-10-2023
870,746,32,19-10-2023
870,69,33,08-10-2023
870,218,34,11-11-2023
870,946,35,15-09-2023
870,105,36,20-09-2023
870,649,37,19-05-2023
870,430,38,15-01-2024
870,980,39,09-06-2023
870,994,40,13-09-2023
870,798,41,23-04-2023
873,600,1,29-10-2022
873,656,2,20-08-2023
873,966,3,10-12-2022
873,692,4,05-06-2023
873,507,5,17-09-2023
873,915,6,18-10-2022
873,241,7,20-07-2023
873,284,8,22-07-2023
873,933,9,21-08-2023
873,940,10,26-07-2023
873,725,11,31-08-2023
873,213,12,09-12-2022
873,626,13,07-11-2022
873,857,14,30-12-2022
873,129,15,06-02-2023
873,842,16,04-01-2023
873,576,17,19-11-2022
873,95,18,14-05-2023
873,711,19,02-02-2023
873,398,20,27-04-2023
873,300,21,09-07-2023
873,764,22,03-07-2023
873,310,23,03-09-2023
873,328,24,05-03-2023
873,965,25,14-09-2023
873,835,26,18-05-2023
873,554,27,07-12-2022
873,276,28,20-04-2023
873,483,29,04-04-2023
873,564,30,25-02-2023
299,217,1,20-11-2024
299,129,2,19-10-2024
299,895,3,15-07-2025
299,719,4,02-04-2025
299,617,5,19-10-2024
299,348,6,24-07-2024
299,342,7,27-04-2025
299,198,8,15-11-2024
299,308,9,27-10-2024
299,556,10,30-12-2024
299,708,11,26-06-2025
299,490,12,15-05-2025
299,979,13,14-05-2025
299,749,14,11-10-2024
299,550,15,14-07-2025
299,239,16,16-12-2024
299,385,17,27-07-2024
299,740,18,22-01-2025
299,475,19,30-03-2025
299,272,20,15-08-2024
299,362,21,31-08-2024
299,403,22,06-01-2025
299,706,23,24-07-2024
299,199,24,20-07-2025
299,830,25,08-01-2025
299,921,26,16-09-2024
299,287,27,12-10-2024
543,677,1,18-12-2024
543,431,2,14-09-2024
543,72,3,16-03-2024
543,284,4,19-08-2024
543,271,5,22-02-2024
543,477,6,04-01-2025
543,828,7,29-09-2024
543,627,8,16-09-2024
543,574,9,25-09-2024
543,841,10,28-06-2024
543,132,11,30-10-2024
543,999,12,07-04-2024
543,261,13,07-02-2024
395,206,1,21-05-2022
395,682,2,02-01-2022
395,867,3,20-06-2022
395,617,4,29-09-2022
395,850,5,17-04-2022
395,101,6,19-01-2022
395,551,7,09-01-2022
395,730,8,14-01-2022
395,36,9,05-12-2022
395,566,10,19-08-2022
395,275,11,09-12-2022
395,741,12,12-07-2022
395,228,13,22-09-2022
395,607,14,22-08-2022
395,615,15,13-06-2022
395,745,16,08-02-2022
935,959,1,13-10-2021
935,546,2,16-09-2021
935,72,3,08-01-2022
935,845,4,17-11-2021
935,711,5,26-06-2022
671,440,1,27-02-2024
671,827,2,15-09-2024
671,868,3,03-09-2024
671,626,4,12-03-2024
671,129,5,10-12-2023
419,412,1,16-04-2025
419,702,2,19-10-2025
419,815,3,12-11-2024
419,333,4,11-09-2025
419,734,5,26-11-2024
419,775,6,28-06-2025
419,631,7,19-03-2025
419,983,8,02-01-2025
419,491,9,20-01-2025
419,612,10,15-04-2025
419,83,11,24-02-2025
419,584,12,13-05-2025
419,971,13,24-06-2025
419,667,14,28-01-2025
419,969,15,19-07-2025
419,706,16,04-12-2024
419,117,17,31-05-2025
419,94,18,26-01-2025
419,975,19,26-11-2024
419,214,20,07-04-2025
419,907,21,20-11-2024
419,241,22,30-07-2025
419,521,23,14-01-2025
419,290,24,13-10-2025
419,31,25,19-02-2025
419,253,26,04-08-2025
419,847,27,26-06-2025
419,568,28,23-04-2025
419,898,29,01-07-2025
419,132,30,21-07-2025
419,991,31,18-05-2025
419,23,32,10-10-2025
419,725,33,14-11-2024
419,165,34,20-02-2025
419,325,35,03-06-2025
419,417,36,21-02-2025
419,414,37,11-08-2025
419,161,38,12-04-2025
930,100,1,18-09-2022
930,446,2,30-08-2022
930,828,3,20-03-2023
930,167,4,16-08-2022
930,122,5,03-06-2023
930,820,6,16-11-2022
930,414,7,29-06-2023
930,989,8,19-03-2023
930,163,9,13-01-2023
930,995,10,27-06-2023
930,375,11,07-03-2023
930,173,12,01-04-2023
930,826,13,10-11-2022
930,99,14,20-03-2023
930,134,15,03-03-2023
930,199,16,16-05-2023
930,771,17,12-09-2022
930,111,18,28-02-2023
930,965,19,22-05-2023
930,933,20,06-05-2023
930,342,21,21-12-2022
930,287,22,17-11-2022
930,471,23,27-04-2023
930,478,24,04-12-2022
930,827,25,16-02-2023
930,740,26,26-11-2022
930,86,27,11-05-2023
930,972,28,29-07-2022
930,505,29,01-03-2023
930,257,30,07-10-2022
930,508,31,25-06-2023
930,835,32,08-07-2023
930,719,33,26-04-2023
930,865,34,21-06-2023
930,58,35,25-06-2023
930,796,36,06-03-2023
973,980,1,06-02-2022
973,633,2,18-07-2021
973,95,3,20-09-2021
973,418,4,14-03-2021
973,959,5,24-06-2021
973,80,6,21-04-2021
973,783,7,08-07-2021
973,413,8,24-12-2021
973,266,9,18-11-2021
973,430,10,28-05-2021
973,123,11,25-12-2021
973,267,12,23-03-2021
973,734,13,21-10-2021
973,556,14,20-07-2021
973,722,15,26-06-2021
973,62,16,02-04-2021
973,388,17,28-08-2021
973,925,18,28-05-2021
973,888,19,08-01-2022
973,883,20,04-08-2021
973,99,21,14-05-2021
973,70,22,18-10-2021
973,198,23,13-04-2021
973,827,24,30-05-2021
973,243,25,13-08-2021
973,931,26,24-04-2021
973,331,27,13-12-2021
973,5,28,17-07-2021
973,745,29,11-03-2021
610,669,1,29-02-2024
610,97,2,27-12-2023
610,982,3,24-08-2023
610,944,4,07-12-2023
610,205,5,01-06-2024
610,993,6,31-01-2024
610,357,7,17-12-2023
610,381,8,13-04-2024
610,927,9,27-06-2024
610,729,10,28-08-2023
610,754,11,13-03-2024
610,655,12,26-02-2024
610,129,13,25-04-2024
610,72,14,29-02-2024
610,928,15,20-12-2023
610,643,16,24-04-2024
610,342,17,06-07-2024
610,363,18,27-08-2023
610,701,19,21-02-2024
610,154,20,19-03-2024
610,341,21,05-11-2023
610,499,22,18-09-2023
610,32,23,02-02-2024
610,353,24,20-04-2024
610,823,25,07-01-2024
610,7,26,16-04-2024
610,737,27,15-04-2024
610,660,28,30-08-2023
610,762,29,24-01-2024
610,491,30,04-04-2024
610,690,31,18-12-2023
610,645,32,27-11-2023
610,132,33,10-11-2023
610,805,34,26-02-2024
610,274,35,11-09-2023
610,439,36,21-06-2024
610,225,37,10-05-2024
610,62,38,30-08-2023
610,355,39,20-10-2023
610,931,40,04-04-2024
610,435,41,25-04-2024
610,556,42,09-07-2024
610,964,43,27-01-2024
610,241,44,21-11-2023
602,526,1,25-02-2025
602,820,2,20-04-2025
602,749,3,27-02-2025
602,811,4,03-03-2025
602,589,5,04-04-2025
602,584,6,29-11-2024
602,325,7,03-10-2025
602,98,8,20-02-2025
602,862,9,02-05-2025
602,629,10,08-04-2025
602,994,11,09-12-2024
602,101,12,11-11-2024
602,950,13,25-01-2025
602,817,14,25-06-2025
602,117,15,20-12-2024
602,534,16,28-07-2025
602,38,17,01-04-2025
602,853,18,16-06-2025
602,274,19,06-10-2024
602,861,20,02-03-2025
602,311,21,04-10-2025
602,278,22,13-03-2025
602,684,23,25-08-2025
602,642,24,30-06-2025
602,975,25,04-03-2025
602,686,26,11-02-2025
602,957,27,08-02-2025
602,760,28,06-10-2024
602,464,29,30-01-2025
602,580,30,03-03-2025
602,474,31,01-07-2025
602,34,32,12-04-2025
602,203,33,23-02-2025
602,69,34,18-01-2025
602,454,35,14-06-2025
602,51,36,13-07-2025
602,550,37,14-09-2025
602,228,38,14-01-2025
602,711,39,14-07-2025
602,165,40,28-09-2025
602,409,41,17-03-2025
602,838,42,26-04-2025
602,766,43,13-01-2025
602,168,44,13-07-2025
602,256,45,19-06-2025
602,99,46,07-01-2025
602,763,47,25-08-2025
602,982,48,11-07-2025
602,497,49,20-05-2025
186,914,1,04-10-2024
186,842,2,05-09-2024
186,361,3,10-04-2024
186,975,4,05-07-2024
186,999,5,06-10-2024
659,713,1,24-11-2024
659,331,2,23-01-2025
659,833,3,13-01-2025
659,107,4,17-05-2025
659,516,5,22-07-2025
659,851,6,04-10-2024
659,387,7,26-03-2025
659,57,8,30-04-2025
659,282,9,01-12-2024
659,304,10,10-12-2024
659,520,11,19-06-2025
659,153,12,10-08-2025
659,556,13,21-06-2025
659,743,14,15-05-2025
659,678,15,04-03-2025
659,490,16,14-12-2024
659,375,17,17-11-2024
659,143,18,14-01-2025
659,215,19,06-03-2025
659,888,20,18-03-2025
114,702,1,01-12-2024
114,215,2,04-03-2025
114,494,3,09-11-2024
114,413,4,02-02-2025
114,864,5,12-03-2025
114,6,6,19-07-2024
114,386,7,12-04-2025
114,90,8,22-01-2025
114,922,9,11-12-2024
114,793,10,29-09-2024
114,881,11,08-02-2025
114,708,12,18-09-2024
114,903,13,04-01-2025
114,282,14,12-04-2025
114,663,15,03-02-2025
114,907,16,27-02-2025
114,630,17,10-09-2024
114,257,18,22-07-2024
114,826,19,12-10-2024
114,246,20,10-12-2024
114,734,21,20-03-2025
114,625,22,10-09-2024
114,707,23,12-10-2024
114,999,24,14-06-2025
114,731,25,07-01-2025
114,994,26,10-11-2024
114,165,27,18-01-2025
114,199,28,30-09-2024
114,815,29,01-06-2025
114,465,30,10-04-2025
114,471,31,08-06-2025
114,979,32,25-08-2024
114,31,33,27-02-2025
114,286,34,03-02-2025
114,711,35,06-01-2025
114,787,36,14-06-2025
114,188,37,20-02-2025
114,483,38,21-02-2025
114,316,39,08-11-2024
114,224,40,27-03-2025
114,667,41,08-06-2025
114,363,42,13-02-2025
114,1000,43,24-05-2025
301,680,1,22-07-2022
301,739,2,30-09-2022
301,51,3,16-08-2022
301,946,4,05-12-2022
301,405,5,19-03-2023
301,449,6,15-07-2022
301,960,7,08-01-2023
301,355,8,02-07-2022
301,348,9,27-09-2022
661,333,1,09-09-2025
661,994,2,03-11-2025
661,642,3,15-04-2025
661,473,4,01-11-2025
661,828,5,22-02-2025
661,462,6,29-01-2025
661,314,7,16-10-2025
661,168,8,05-08-2025
661,909,9,27-12-2024
661,813,10,02-06-2025
661,678,11,14-06-2025
661,309,12,10-09-2025
661,499,13,21-04-2025
661,26,14,14-08-2025
661,979,15,26-09-2025
661,343,16,27-06-2025
661,656,17,26-05-2025
661,669,18,10-06-2025
661,571,19,19-08-2025
661,134,20,11-08-2025
661,187,21,12-05-2025
661,167,22,06-06-2025
661,108,23,09-03-2025
661,605,24,12-06-2025
661,100,25,13-02-2025
661,155,26,07-03-2025
475,953,1,06-05-2025
475,380,2,26-08-2024
475,798,3,07-02-2025
475,888,4,03-10-2024
475,217,5,15-06-2025
475,501,6,10-11-2024
475,697,7,21-10-2024
475,51,8,20-08-2024
475,261,9,02-11-2024
475,713,10,31-07-2024
475,257,11,13-10-2024
475,475,12,24-11-2024
475,725,13,01-03-2025
475,183,14,21-02-2025
475,706,15,18-01-2025
475,201,16,11-12-2024
475,769,17,08-03-2025
475,525,18,30-03-2025
475,299,19,22-06-2025
475,272,20,15-10-2024
475,80,21,16-12-2024
475,656,22,21-09-2024
475,366,23,06-11-2024
475,978,24,14-04-2025
475,994,25,23-04-2025
475,853,26,18-06-2025
475,118,27,16-01-2025
475,34,28,08-05-2025
475,267,29,05-09-2024
475,707,30,10-03-2025
475,720,31,17-06-2025
475,45,32,19-11-2024
475,218,33,04-02-2025
689,729,1,19-03-2023
689,897,2,05-03-2023
689,205,3,24-10-2022
689,83,4,10-07-2022
689,274,5,18-10-2022
689,770,6,07-05-2023
689,964,7,26-08-2022
459,960,1,02-12-2022
459,583,2,23-10-2022
459,674,3,25-06-2023
459,290,4,16-02-2023
459,94,5,10-02-2023
459,257,6,23-08-2023
459,987,7,05-11-2022
459,492,8,23-05-2023
459,189,9,08-02-2023
459,316,10,09-08-2023
459,129,11,30-08-2023
459,580,12,30-05-2023
459,534,13,14-06-2023
459,353,14,17-01-2023
459,199,15,06-04-2023
459,342,16,28-05-2023
78,576,1,09-06-2022
78,832,2,08-05-2023
78,850,3,07-12-2022
78,244,4,13-05-2023
78,197,5,26-12-2022
78,499,6,25-08-2022
78,6,7,06-12-2022
78,362,8,24-05-2022
78,739,9,04-11-2022
78,655,10,10-12-2022
78,822,11,20-08-2022
78,719,12,25-10-2022
78,201,13,03-03-2023
78,183,14,20-08-2022
78,912,15,18-03-2023
78,993,16,08-10-2022
78,440,17,29-01-2023
78,995,18,12-03-2023
78,32,19,26-08-2022
78,205,20,09-11-2022
78,468,21,09-04-2023
78,580,22,03-09-2022
78,977,23,30-11-2022
78,524,24,22-09-2022
78,944,25,10-05-2023
78,119,26,30-09-2022
78,117,27,12-06-2022
78,574,28,30-09-2022
78,234,29,27-10-2022
78,100,30,30-04-2023
254,363,1,07-10-2022
254,962,2,22-08-2022
254,633,3,13-10-2022
254,978,4,27-05-2022
254,720,5,02-03-2022
254,576,6,14-07-2022
254,234,7,27-01-2022
254,765,8,07-05-2022
254,626,9,16-06-2022
254,72,10,31-03-2022
254,210,11,10-08-2022
254,927,12,18-06-2022
254,441,13,16-08-2022
254,654,14,14-08-2022
254,202,15,03-05-2022
254,342,16,20-02-2022
254,446,17,18-03-2022
254,156,18,21-08-2022
254,872,19,20-08-2022
254,853,20,14-02-2022
407,210,1,23-12-2021
407,953,2,06-08-2021
407,571,3,02-01-2022
407,626,4,30-04-2021
407,19,5,28-01-2022
407,34,6,08-08-2021
407,314,7,05-07-2021
407,475,8,10-10-2021
407,221,9,30-12-2021
407,541,10,07-04-2021
407,553,11,06-09-2021
407,319,12,24-05-2021
407,368,13,01-12-2021
407,565,14,31-08-2021
407,92,15,20-12-2021
407,751,16,01-02-2022
407,432,17,21-06-2021
407,854,18,02-10-2021
407,762,19,22-03-2022
407,110,20,18-07-2021
407,20,21,03-09-2021
407,507,22,20-01-2022
407,966,23,24-10-2021
407,815,24,27-07-2021
407,562,25,19-04-2021
407,178,26,15-01-2022
407,793,27,05-09-2021
407,684,28,27-04-2021
407,754,29,05-01-2022
407,134,30,13-02-2022
407,192,31,06-08-2021
407,40,32,27-01-2022
407,526,33,26-03-2022
407,939,34,03-01-2022
407,711,35,02-04-2022
407,353,36,27-09-2021
407,422,37,12-03-2022
407,949,38,19-05-2021
407,521,39,19-10-2021
407,551,40,23-05-2021
407,512,41,22-01-2022
770,883,1,01-05-2023
770,153,2,12-04-2023
770,667,3,24-10-2023
770,110,4,27-03-2023
770,241,5,13-09-2023
770,793,6,23-11-2023
770,287,7,17-08-2023
770,972,8,29-03-2023
770,656,9,31-07-2023
770,15,10,24-09-2023
770,435,11,01-05-2023
770,311,12,22-01-2024
770,535,13,25-04-2023
770,357,14,13-01-2024
770,764,15,23-09-2023
770,277,16,01-01-2024
770,160,17,01-05-2023
770,834,18,02-11-2023
770,836,19,18-07-2023
770,925,20,31-05-2023
770,466,21,14-06-2023
770,393,22,27-02-2024
770,111,23,26-05-2023
770,45,24,25-12-2023
770,451,25,15-06-2023
770,627,26,14-04-2023
895,708,1,04-04-2023
895,686,2,31-01-2023
895,590,3,29-01-2023
895,976,4,15-08-2023
895,783,5,24-02-2023
895,868,6,20-02-2023
895,983,7,03-09-2023
895,749,8,17-04-2023
895,320,9,14-07-2023
895,228,10,23-05-2023
895,475,11,21-01-2023
895,796,12,25-01-2023
895,257,13,12-12-2022
895,377,14,12-06-2023
895,422,15,01-04-2023
895,154,16,08-09-2023
895,617,17,06-09-2023
895,509,18,08-05-2023
895,901,19,19-04-2023
895,151,20,17-03-2023
895,127,21,25-08-2023
895,362,22,23-05-2023
895,331,23,31-03-2023
895,271,24,29-08-2023
895,754,25,15-11-2022
895,810,26,21-02-2023
895,456,27,16-11-2022
895,322,28,11-01-2023
895,571,29,24-12-2022
895,161,30,11-06-2023
895,217,31,11-04-2023
895,715,32,03-05-2023
895,401,33,15-04-2023
993,617,1,22-04-2025
993,322,2,11-01-2025
993,797,3,06-01-2025
993,241,4,12-09-2025
993,337,5,03-01-2025
993,440,6,13-09-2025
993,192,7,24-09-2025
993,684,8,13-04-2025
993,181,9,10-04-2025
993,848,10,08-01-2025
993,271,11,08-11-2024
993,198,12,15-04-2025
993,205,13,13-09-2025
993,700,14,31-05-2025
993,188,15,10-07-2025
993,100,16,14-07-2025
993,624,17,26-06-2025
993,210,18,18-07-2025
11,581,1,29-04-2025
11,669,2,05-01-2025
11,851,3,24-12-2024
11,853,4,11-04-2025
11,36,5,03-03-2025
11,737,6,10-10-2024
11,827,7,15-05-2025
11,848,8,23-04-2025
11,441,9,03-08-2024
11,327,10,20-03-2025
11,422,11,03-08-2024
11,228,12,19-12-2024
11,388,13,11-12-2024
11,100,14,23-07-2024
11,394,15,08-02-2025
11,60,16,01-05-2025
11,382,17,11-05-2025
11,534,18,24-04-2025
11,51,19,17-05-2025
11,438,20,29-04-2025
11,729,21,06-11-2024
11,473,22,25-01-2025
11,152,23,17-08-2024
11,166,24,30-03-2025
11,739,25,16-09-2024
11,834,26,14-01-2025
11,743,27,11-02-2025
11,553,28,13-11-2024
11,699,29,12-06-2024
11,257,30,15-01-2025
11,54,31,31-03-2025
11,309,32,29-10-2024
574,206,1,04-06-2024
574,198,2,28-01-2025
574,393,3,02-01-2025
574,95,4,05-04-2024
574,951,5,21-06-2024
574,516,6,31-08-2024
574,256,7,20-09-2024
574,27,8,28-06-2024
574,466,9,28-01-2025
265,645,1,15-10-2024
265,334,2,27-09-2024
265,362,3,27-02-2024
265,5,4,23-12-2024
265,930,5,12-12-2024
265,461,6,05-09-2024
265,810,7,05-03-2024
265,31,8,08-06-2024
265,841,9,17-07-2024
265,331,10,02-02-2024
265,806,11,11-04-2024
265,64,12,01-09-2024
265,63,13,14-08-2024
265,826,14,03-03-2024
265,215,15,13-06-2024
265,325,16,01-12-2024
265,499,17,07-05-2024
265,343,18,13-08-2024
265,583,19,16-12-2024
265,987,20,28-12-2024
265,110,21,28-05-2024
265,277,22,23-10-2024
265,462,23,23-03-2024
265,999,24,13-09-2024
265,333,25,19-02-2024
265,134,26,15-08-2024
265,529,27,18-05-2024
265,774,28,24-03-2024
265,829,29,25-08-2024
265,733,30,22-11-2024
265,970,31,22-10-2024
265,402,32,09-11-2024
265,994,33,14-09-2024
265,557,34,23-03-2024
465,815,1,03-11-2021
465,657,2,23-01-2022
465,914,3,15-06-2022
465,734,4,21-04-2022
465,706,5,26-07-2022
465,653,6,11-09-2022
465,966,7,28-07-2022
465,422,8,18-07-2022
465,642,9,05-06-2022
465,776,10,13-05-2022
465,362,11,09-03-2022
465,243,12,28-05-2022
465,537,13,20-08-2022
465,394,14,23-10-2021
465,812,15,07-05-2022
465,634,16,26-01-2022
465,585,17,22-04-2022
465,781,18,29-10-2021
465,903,19,02-02-2022
465,994,20,22-05-2022
465,746,21,11-01-2022
465,417,22,15-09-2022
465,410,23,07-10-2021
465,601,24,22-06-2022
465,218,25,15-06-2022
465,65,26,24-10-2021
465,782,27,26-04-2022
465,745,28,25-07-2022
465,311,29,26-09-2022
465,90,30,09-02-2022
465,583,31,27-09-2022
465,267,32,23-07-2022
465,393,33,27-03-2022
465,325,34,13-05-2022
465,589,35,24-09-2022
465,690,36,10-11-2021
465,450,37,10-08-2022
465,94,38,02-03-2022
465,856,39,04-01-2022
465,370,40,13-12-2021
465,492,41,27-12-2021
465,754,42,27-04-2022
465,265,43,28-06-2022
465,980,44,31-12-2021
465,468,45,13-06-2022
465,949,46,03-05-2022
465,127,47,12-09-2022
465,490,48,04-11-2021
465,331,49,26-09-2022
465,624,50,16-08-2022
317,963,1,01-07-2023
317,334,2,12-10-2023
317,787,3,18-07-2023
317,652,4,06-09-2023
317,956,5,24-04-2023
317,205,6,14-02-2024
317,80,7,21-11-2023
317,333,8,23-02-2024
317,479,9,23-01-2024
894,208,1,18-09-2023
894,783,2,30-06-2024
894,327,3,27-08-2023
894,556,4,16-08-2023
894,137,5,25-08-2023
894,848,6,09-12-2023
894,815,7,22-04-2024
894,972,8,18-07-2024
894,505,9,29-02-2024
894,44,10,28-08-2023
894,180,11,19-07-2024
894,663,12,28-11-2023
894,959,13,02-06-2024
894,525,14,09-06-2024
894,642,15,25-02-2024
894,386,16,21-06-2024
93,341,1,29-01-2022
93,563,2,25-12-2021
93,697,3,21-05-2022
93,700,4,29-10-2021
93,671,5,31-05-2022
93,366,6,03-04-2022
93,940,7,02-09-2022
93,179,8,31-10-2021
93,398,9,04-03-2022
93,731,10,23-04-2022
93,176,11,29-05-2022
93,496,12,20-04-2022
93,100,13,21-04-2022
93,228,14,06-06-2022
93,544,15,05-07-2022
93,274,16,25-07-2022
93,950,17,23-11-2021
93,69,18,02-01-2022
93,706,19,17-04-2022
93,400,20,03-11-2021
769,808,1,01-07-2021
769,730,2,11-02-2022
769,134,3,08-11-2021
769,72,4,18-08-2021
769,320,5,01-11-2021
769,953,6,09-12-2021
769,144,7,02-03-2022
769,601,8,28-10-2021
769,976,9,04-01-2022
769,68,10,25-09-2021
769,335,11,12-01-2022
769,771,12,05-03-2021
769,526,13,22-08-2021
769,377,14,18-08-2021
769,629,15,17-11-2021
769,212,16,06-05-2021
769,745,17,01-12-2021
769,810,18,10-04-2021
769,903,19,20-03-2021
769,198,20,13-11-2021
769,470,21,10-02-2022
769,249,22,13-02-2022
769,327,23,03-02-2022
769,456,24,31-03-2021
769,19,25,23-06-2021
769,669,26,23-10-2021
769,959,27,07-05-2021
769,17,28,09-06-2021
769,50,29,26-11-2021
769,483,30,24-01-2022
563,180,1,25-01-2022
563,801,2,11-12-2022
563,265,3,07-06-2022
563,551,4,07-06-2022
563,953,5,15-04-2022
563,343,6,15-09-2022
563,965,7,09-12-2022
563,337,8,15-12-2022
563,565,9,27-11-2022
563,474,10,31-10-2022
563,740,11,03-09-2022
563,990,12,23-09-2022
563,264,13,10-11-2022
563,770,14,19-04-2022
563,951,15,20-09-2022
563,183,16,19-03-2022
563,883,17,20-01-2022
563,908,18,23-10-2022
563,153,19,23-04-2022
563,915,20,05-01-2022
563,542,21,03-09-2022
563,762,22,01-06-2022
563,320,23,31-10-2022
563,930,24,09-08-2022
563,856,25,17-01-2022
563,811,26,04-08-2022
563,912,27,25-06-2022
563,248,28,11-11-2022
563,301,29,10-05-2022
563,970,30,27-03-2022
478,776,1,31-05-2024
478,490,2,17-04-2024
478,6,3,01-05-2024
478,185,4,13-08-2024
478,123,5,23-11-2023
478,833,6,28-09-2023
478,331,7,20-10-2023
478,83,8,07-03-2024
478,657,9,29-07-2024
478,137,10,04-12-2023
478,733,11,29-09-2023
478,217,12,15-02-2024
478,363,13,02-03-2024
478,206,14,21-11-2023
478,537,15,22-11-2023
478,81,16,24-05-2024
478,649,17,21-01-2024
478,204,18,31-10-2023
478,520,19,03-10-2023
478,432,20,28-07-2024
478,534,21,19-04-2024
478,739,22,17-03-2024
478,624,23,14-10-2023
478,338,24,02-04-2024
478,589,25,14-06-2024
798,868,1,14-02-2023
798,956,2,14-09-2022
798,335,3,02-09-2022
798,14,4,01-09-2022
798,758,5,18-03-2023
798,398,6,14-09-2022
798,914,7,03-01-2023
798,746,8,14-10-2022
798,990,9,08-05-2023
798,417,10,16-10-2022
798,751,11,19-03-2023
798,36,12,30-01-2023
798,652,13,09-08-2022
798,436,14,04-06-2022
798,370,15,28-11-2022
798,34,16,16-12-2022
798,742,17,01-08-2022
798,137,18,20-02-2023
798,231,19,19-07-2022
798,342,20,12-06-2022
798,496,21,11-06-2022
798,889,22,27-04-2023
798,706,23,01-02-2023
798,682,24,03-12-2022
798,980,25,11-07-2022
798,128,26,05-10-2022
798,625,27,14-02-2023
798,394,28,06-12-2022
798,838,29,30-10-2022
798,903,30,19-08-2022
798,633,31,11-06-2022
798,451,32,15-08-2022
798,378,33,17-11-2022
798,935,34,09-05-2023
798,836,35,26-02-2023
798,152,36,09-06-2022
798,864,37,07-07-2022
798,888,38,25-11-2022
798,156,39,10-12-2022
798,422,40,02-07-2022
798,217,41,15-03-2023
798,764,42,24-09-2022
798,197,43,24-11-2022
287,844,1,22-08-2024
287,743,2,29-08-2024
287,977,3,02-11-2024
287,588,4,14-11-2024
287,407,5,24-11-2024
287,630,6,11-05-2024
287,366,7,21-04-2024
287,682,8,28-12-2024
287,734,9,02-12-2024
287,980,10,20-06-2024
287,257,11,08-09-2024
287,182,12,28-11-2024
287,738,13,13-12-2024
287,537,14,20-07-2024
287,812,15,17-11-2024
287,58,16,18-09-2024
287,387,17,08-02-2024
287,409,18,20-07-2024
287,776,19,01-06-2024
287,908,20,12-07-2024
287,222,21,03-02-2024
287,835,22,24-06-2024
287,827,23,24-03-2024
287,772,24,04-04-2024
287,85,25,16-06-2024
287,475,26,24-11-2024
287,210,27,02-01-2025
287,623,28,29-02-2024
287,512,29,25-07-2024
287,205,30,24-08-2024
287,348,31,06-09-2024
287,851,32,19-10-2024
287,811,33,23-01-2024
287,169,34,13-06-2024
287,582,35,22-12-2024
287,556,36,26-04-2024
287,181,37,16-05-2024
287,14,38,16-07-2024
287,997,39,29-10-2024
287,325,40,23-02-2024
831,678,1,23-12-2022
831,771,2,29-06-2022
831,626,3,08-04-2022
831,913,4,17-08-2022
831,319,5,13-01-2022
831,363,6,25-09-2022
831,739,7,10-07-2022
831,394,8,30-07-2022
831,770,9,15-01-2022
831,707,10,13-06-2022
831,895,11,03-03-2022
831,513,12,07-01-2022
831,747,13,23-07-2022
831,764,14,14-01-2022
831,583,15,09-12-2022
831,766,16,30-08-2022
831,333,17,15-08-2022
831,660,18,03-07-2022
831,898,19,26-10-2022
831,907,20,02-11-2022
831,972,21,05-11-2022
831,987,22,29-06-2022
831,4,23,30-04-2022
831,574,24,20-12-2022
831,357,25,19-03-2022
831,440,26,17-02-2022
831,713,27,17-08-2022
831,246,28,24-12-2022
831,69,29,23-10-2022
831,355,30,30-08-2022
831,728,31,16-12-2022
831,948,32,23-05-2022
831,348,33,25-07-2022
831,978,34,01-06-2022
831,95,35,12-05-2022
831,380,36,17-12-2022
831,999,37,01-12-2022
824,873,1,19-02-2025
824,678,2,12-09-2025
824,246,3,09-11-2025
824,845,4,31-12-2024
824,199,5,27-07-2025
824,729,6,06-01-2025
824,808,7,20-01-2025
824,660,8,09-01-2025
824,133,9,26-06-2025
824,817,10,27-01-2025
824,157,11,03-05-2025
824,726,12,21-05-2025
824,32,13,08-04-2025
824,922,14,05-12-2024
824,219,15,26-11-2024
824,739,16,15-08-2025
824,244,17,06-05-2025
824,770,18,15-11-2025
824,783,19,02-12-2024
824,744,20,04-02-2025
824,301,21,27-08-2025
824,58,22,25-05-2025
824,583,23,13-04-2025
824,838,24,28-04-2025
824,574,25,08-08-2025
824,626,26,11-11-2025
824,316,27,03-04-2025
824,571,28,13-09-2025
824,844,29,16-11-2025
824,762,30,16-12-2024
824,706,31,16-09-2025
824,553,32,03-05-2025
824,911,33,15-02-2025
824,655,34,15-02-2025
267,387,1,14-08-2025
267,481,2,24-11-2024
267,916,3,09-11-2024
267,342,4,12-03-2025
267,331,5,16-01-2025
267,734,6,14-06-2025
267,731,7,11-03-2025
267,225,8,29-01-2025
267,148,9,25-02-2025
267,846,10,18-02-2025
267,181,11,20-10-2025
267,746,12,29-07-2025
267,267,13,15-06-2025
267,36,14,02-07-2025
267,198,15,04-09-2025
267,359,16,25-12-2024
267,343,17,07-12-2024
267,970,18,25-12-2024
267,477,19,12-11-2024
267,553,20,04-05-2025
267,311,21,25-06-2025
267,405,22,20-08-2025
267,722,23,23-05-2025
267,90,24,30-05-2025
267,697,25,14-06-2025
267,931,26,07-11-2024
267,649,27,08-06-2025
267,745,28,07-09-2025
267,828,29,28-11-2024
267,871,30,20-08-2025
267,748,31,31-05-2025
267,288,32,08-05-2025
267,739,33,14-01-2025
267,74,34,30-06-2025
267,422,35,22-02-2025
267,617,36,16-04-2025
267,34,37,14-02-2025
267,730,38,31-03-2025
267,52,39,23-01-2025
267,897,40,31-05-2025
267,203,41,25-07-2025
368,370,1,28-11-2022
368,199,2,23-05-2022
368,760,3,02-02-2022
368,701,4,12-09-2022
368,933,5,14-07-2022
368,895,6,20-02-2022
368,740,7,12-09-2022
368,539,8,24-09-2022
368,708,9,09-03-2022
368,645,10,08-12-2022
368,362,11,20-11-2022
368,980,12,18-12-2022
368,371,13,29-09-2022
368,975,14,16-01-2022
368,820,15,23-10-2022
368,770,16,02-02-2022
368,401,17,23-05-2022
368,58,18,30-03-2022
368,413,19,19-03-2022
368,225,20,12-09-2022
368,844,21,16-08-2022
368,947,22,20-02-2022
368,840,23,26-03-2022
368,140,24,05-05-2022
368,597,25,16-02-2022
368,120,26,30-05-2022
368,50,27,19-03-2022
656,418,1,01-02-2022
656,342,2,24-07-2021
656,91,3,25-09-2021
656,289,4,03-03-2022
656,69,5,01-10-2021
656,678,6,09-12-2021
656,105,7,19-07-2021
656,983,8,01-02-2022
656,949,9,10-04-2022
656,134,10,23-07-2021
656,409,11,30-04-2022
656,168,12,14-06-2021
656,630,13,21-07-2021
656,861,14,29-07-2021
443,752,1,02-04-2024
443,7,2,20-05-2023
443,927,3,23-11-2023
443,257,4,01-06-2023
443,553,5,09-09-2023
443,291,6,06-11-2023
443,501,7,25-05-2023
443,316,8,27-04-2024
443,36,9,27-07-2023
355,134,1,12-07-2025
355,930,2,21-04-2025
355,798,3,22-11-2024
355,649,4,16-03-2025
355,571,5,12-08-2025
355,868,6,11-07-2025
355,701,7,04-04-2025
355,534,8,31-10-2025
355,117,9,28-04-2025
355,95,10,08-01-2025
355,793,11,30-03-2025
355,723,12,05-10-2025
355,711,13,31-10-2025
355,398,14,29-11-2024
355,729,15,10-10-2025
355,448,16,12-08-2025
355,754,17,12-10-2025
355,820,18,15-11-2024
355,719,19,13-07-2025
355,963,20,28-02-2025
355,888,21,02-01-2025
355,550,22,28-10-2025
355,681,23,05-05-2025
355,185,24,08-03-2025
355,782,25,14-05-2025
355,149,26,08-11-2025
355,165,27,02-11-2025
355,529,28,15-04-2025
355,94,29,17-07-2025
355,238,30,27-01-2025
355,434,31,14-07-2025
355,52,32,01-02-2025
355,994,33,29-06-2025
355,284,34,23-01-2025
355,89,35,18-06-2025
355,366,36,13-07-2025
355,648,37,22-09-2025
355,315,38,29-01-2025
355,734,39,19-04-2025
355,873,40,30-12-2024
774,743,1,10-06-2023
774,705,2,11-10-2023
774,143,3,30-03-2023
774,678,4,16-08-2023
774,239,5,14-10-2023
774,445,6,28-04-2023
774,267,7,09-04-2023
774,60,8,19-01-2023
774,808,9,26-05-2023
774,782,10,11-06-2023
774,723,11,30-01-2023
774,746,12,15-08-2023
774,455,13,21-12-2023
774,966,14,01-09-2023
774,72,15,17-09-2023
774,838,16,09-07-2023
774,348,17,24-07-2023
774,74,18,26-06-2023
774,677,19,10-05-2023
774,847,20,10-02-2023
774,617,21,16-11-2023
774,110,22,10-01-2023
774,327,23,13-01-2023
774,103,24,07-11-2023
774,805,25,19-04-2023
774,828,26,18-07-2023
774,284,27,20-01-2023
774,483,28,12-02-2023
774,393,29,18-03-2023
774,845,30,23-10-2023
774,842,31,22-04-2023
774,380,32,30-07-2023
774,3,33,16-11-2023
774,972,34,03-03-2023
774,63,35,24-04-2023
774,417,36,28-05-2023
774,361,37,20-08-2023
774,183,38,10-11-2023
307,156,1,27-02-2024
307,842,2,31-08-2024
307,475,3,21-08-2024
307,453,4,05-04-2024
307,617,5,07-09-2024
307,521,6,03-05-2024
307,949,7,28-11-2023
307,165,8,20-04-2024
307,85,9,07-05-2024
307,280,10,25-04-2024
307,966,11,26-03-2024
307,50,12,13-12-2023
307,260,13,06-02-2024
307,134,14,12-11-2024
307,975,15,10-08-2024
307,357,16,23-07-2024
307,531,17,29-02-2024
307,850,18,02-08-2024
307,348,19,02-11-2024
307,15,20,29-11-2023
307,624,21,03-02-2024
307,909,22,23-04-2024
307,245,23,11-05-2024
307,835,24,18-04-2024
307,254,25,20-12-2023
307,257,26,31-07-2024
307,302,27,01-08-2024
307,80,28,29-03-2024
307,697,29,25-03-2024
307,505,30,04-02-2024
307,383,31,13-01-2024
307,45,32,28-01-2024
307,668,33,11-07-2024
307,589,34,23-03-2024
307,833,35,25-09-2024
484,226,1,23-04-2024
484,798,2,26-12-2023
484,355,3,24-06-2023
484,978,4,17-08-2023
484,992,5,17-06-2023
484,23,6,28-12-2023
484,331,7,15-05-2023
484,418,8,11-07-2023
484,378,9,17-11-2023
484,783,10,31-07-2023
484,422,11,13-09-2023
484,576,12,01-06-2023
484,176,13,26-07-2023
484,32,14,18-11-2023
618,518,1,02-02-2025
618,388,2,19-02-2025
618,80,3,23-12-2024
618,799,4,18-06-2024
618,328,5,30-05-2025
618,189,6,06-02-2025
618,534,7,24-01-2025
618,697,8,06-05-2025
618,95,9,17-04-2025
618,678,10,31-05-2025
618,765,11,29-03-2025
618,370,12,05-08-2024
618,197,13,02-05-2025
618,451,14,28-10-2024
618,203,15,10-12-2024
618,400,16,25-10-2024
618,758,17,30-11-2024
618,15,18,14-09-2024
618,160,19,22-01-2025
618,440,20,04-10-2024
618,916,21,26-11-2024
618,49,22,13-06-2024
618,4,23,17-01-2025
340,663,1,18-08-2022
340,51,2,15-01-2023
340,700,3,17-11-2022
340,127,4,19-04-2022
340,731,5,26-01-2023
340,188,6,01-11-2022
340,764,7,05-12-2022
340,477,8,14-01-2023
340,516,9,10-01-2023
340,274,10,27-09-2022
340,526,11,04-05-2022
340,856,12,23-05-2022
340,49,13,24-08-2022
340,972,14,25-05-2022
340,168,15,22-11-2022
340,45,16,16-09-2022
340,432,17,11-05-2022
340,730,18,23-04-2022
340,204,19,11-07-2022
340,847,20,04-11-2022
340,303,21,17-05-2022
340,862,22,23-07-2022
340,466,23,01-07-2022
340,774,24,16-02-2023
340,290,25,30-07-2022
340,836,26,28-11-2022
340,649,27,14-06-2022
340,72,28,07-02-2023
340,210,29,01-02-2023
340,137,30,13-09-2022
340,265,31,10-12-2022
340,366,32,26-03-2023
340,707,33,15-10-2022
340,652,34,02-06-2022
340,228,35,10-07-2022
340,713,36,25-03-2023
178,939,1,15-04-2024
178,618,2,20-01-2024
178,107,3,21-03-2024
178,209,4,16-05-2023
178,405,5,19-08-2023
147,289,1,22-09-2022
147,791,2,26-10-2022
147,7,3,21-07-2022
147,254,4,07-11-2022
147,174,5,01-05-2022
147,999,6,05-02-2023
147,14,7,29-06-2022
147,316,8,23-07-2022
147,928,9,06-04-2022
904,749,1,01-10-2023
904,834,2,23-05-2023
904,14,3,20-08-2023
904,509,4,06-12-2023
904,589,5,23-08-2023
904,329,6,25-11-2023
904,956,7,24-04-2023
904,74,8,02-11-2023
904,85,9,13-01-2023
904,627,10,14-05-2023
904,728,11,25-12-2023
904,494,12,30-09-2023
904,720,13,28-06-2023
904,368,14,08-08-2023
904,432,15,10-09-2023
904,837,16,22-04-2023
904,244,17,30-03-2023
904,384,18,25-10-2023
904,787,19,28-07-2023
904,316,20,16-02-2023
904,178,21,30-07-2023
904,699,22,20-12-2023
904,199,23,24-02-2023
904,425,24,29-05-2023
904,940,25,27-05-2023
904,600,26,28-02-2023
904,997,27,23-04-2023
904,758,28,08-02-2023
904,766,29,25-07-2023
904,656,30,05-05-2023
904,974,31,21-10-2023
904,469,32,23-08-2023
904,776,33,04-05-2023
904,217,34,01-07-2023
904,580,35,10-07-2023
904,516,36,20-11-2023
904,521,37,10-12-2023
904,271,38,09-08-2023
904,359,39,15-08-2023
904,826,40,16-05-2023
904,52,41,05-12-2023
904,901,42,05-10-2023
904,303,43,09-09-2023
904,944,44,09-05-2023
904,483,45,14-01-2023
904,188,46,14-03-2023
904,634,47,01-05-2023
904,413,48,21-10-2023
904,979,49,21-04-2023
364,289,1,27-12-2021
364,605,2,03-08-2021
364,708,3,22-11-2021
364,6,4,16-08-2021
364,589,5,05-10-2021
364,160,6,14-10-2021
364,377,7,28-05-2021
364,741,8,07-07-2021
999,903,1,28-02-2024
999,5,2,10-06-2023
999,254,3,12-10-2023
999,449,4,03-02-2024
999,31,5,16-02-2024
999,162,6,18-08-2023
999,168,7,26-05-2023
999,734,8,23-12-2023
999,371,9,03-09-2023
999,238,10,10-09-2023
999,85,11,09-03-2024
999,32,12,07-12-2023
999,705,13,29-09-2023
999,90,14,01-07-2023
999,656,15,27-12-2023
999,30,16,13-07-2023
999,652,17,09-11-2023
999,727,18,01-01-2024
999,580,19,06-07-2023
999,167,20,31-12-2023
165,209,1,31-08-2022
165,672,2,17-12-2022
165,440,3,13-12-2022
165,100,4,30-04-2023
165,607,5,13-06-2023
165,499,6,20-02-2023
165,741,7,25-09-2022
165,964,8,29-10-2022
165,615,9,25-11-2022
165,256,10,28-04-2023
165,31,11,29-07-2023
165,682,12,08-09-2022
165,648,13,01-08-2023
165,23,14,03-10-2022
165,654,15,29-07-2023
165,146,16,13-02-2023
165,769,17,13-08-2022
165,626,18,21-05-2023
165,553,19,13-05-2023
165,456,20,31-12-2022
165,953,21,20-02-2023
165,516,22,04-09-2022
165,764,23,13-12-2022
165,134,24,21-12-2022
165,513,25,31-08-2022
165,180,26,05-07-2023
165,534,27,03-12-2022
165,845,28,16-08-2022
609,142,1,05-11-2025
609,626,2,22-01-2025
609,836,3,26-04-2025
609,100,4,02-09-2025
609,992,5,24-02-2025
609,697,6,14-06-2025
609,85,7,23-09-2025
609,278,8,15-11-2025
609,366,9,21-10-2025
609,744,10,17-04-2025
609,508,11,07-07-2025
609,999,12,13-01-2025
609,60,13,30-11-2025
609,316,14,28-03-2025
609,319,15,30-07-2025
609,322,16,22-06-2025
609,143,17,04-07-2025
609,290,18,06-06-2025
609,597,19,04-04-2025
609,172,20,30-06-2025
24,626,1,30-07-2022
24,600,2,10-07-2022
24,634,3,26-04-2022
24,327,4,01-03-2022
24,572,5,20-10-2021
24,80,6,01-11-2021
695,505,1,06-08-2024
695,180,2,19-08-2024
695,469,3,20-02-2025
695,626,4,06-02-2025
695,556,5,20-10-2024
695,946,6,13-03-2025
695,976,7,06-01-2025
695,991,8,02-08-2024
695,136,9,18-03-2025
695,129,10,12-12-2024
695,299,11,11-06-2025
695,316,12,06-05-2025
695,702,13,11-09-2024
695,335,14,05-05-2025
695,868,15,27-08-2024
695,605,16,09-10-2024
695,706,17,23-07-2024
695,737,18,18-10-2024
695,975,19,24-08-2024
695,524,20,08-07-2024
695,386,21,18-02-2025
695,364,22,22-09-2024
695,928,23,04-02-2025
695,188,24,02-06-2025
695,238,25,18-08-2024
695,516,26,19-06-2025
695,847,27,29-06-2025
695,52,28,28-02-2025
695,405,29,27-12-2024
695,766,30,22-09-2024
695,265,31,15-04-2025
695,744,32,10-01-2025
760,483,1,01-01-2025
760,741,2,24-02-2025
760,994,3,04-09-2024
760,614,4,07-03-2025
760,542,5,12-08-2025
760,811,6,18-08-2025
760,329,7,29-09-2024
760,754,8,25-11-2024
760,722,9,17-10-2024
760,546,10,16-11-2024
760,400,11,09-08-2025
760,501,12,10-03-2025
760,333,13,01-10-2024
760,189,14,04-07-2025
760,167,15,16-02-2025
760,123,16,06-10-2024
760,708,17,03-05-2025
760,353,18,17-08-2025
760,340,19,07-03-2025
760,316,20,15-09-2024
760,505,21,31-07-2025
760,335,22,04-04-2025
760,957,23,05-02-2025
760,494,24,02-02-2025
760,451,25,29-04-2025
760,422,26,23-06-2025
760,795,27,15-10-2024
760,737,28,22-02-2025
760,960,29,12-08-2025
760,407,30,26-10-2024
760,234,31,24-10-2024
760,388,32,07-08-2025
760,516,33,23-05-2025
760,928,34,27-04-2025
760,746,35,18-07-2025
760,72,36,17-12-2024
527,81,1,20-04-2023
527,649,2,10-03-2023
527,699,3,02-10-2023
527,120,4,13-03-2023
527,366,5,22-12-2023
527,612,6,30-09-2023
527,226,7,14-01-2024
527,95,8,05-04-2023
527,787,9,04-08-2023
527,856,10,05-12-2023
527,492,11,16-11-2023
527,446,12,10-02-2024
527,289,13,07-05-2023
527,847,14,16-04-2023
527,605,15,10-05-2023
527,808,16,05-04-2023
527,245,17,08-06-2023
527,99,18,06-02-2024
527,331,19,27-09-2023
527,455,20,04-11-2023
527,509,21,26-12-2023
527,444,22,04-03-2023
527,413,23,15-10-2023
527,766,24,21-12-2023
527,836,25,02-03-2023
527,505,26,13-08-2023
527,273,27,25-01-2024
527,667,28,01-04-2023
527,70,29,11-05-2023
527,338,30,25-05-2023
527,50,31,23-08-2023
614,861,1,22-04-2022
614,378,2,14-01-2023
614,656,3,03-11-2022
614,764,4,20-06-2022
614,626,5,11-04-2022
614,254,6,08-12-2022
614,853,7,09-06-2022
614,261,8,31-10-2022
614,450,9,04-01-2023
614,997,10,03-03-2022
614,418,11,18-05-2022
614,346,12,10-12-2022
614,922,13,11-02-2022
614,700,14,01-09-2022
614,647,15,18-06-2022
614,806,16,26-01-2023
614,844,17,22-06-2022
614,600,18,16-03-2022
614,711,19,08-05-2022
614,363,20,14-03-2022
614,341,21,27-10-2022
614,314,22,31-12-2022
614,95,23,20-12-2022
614,115,24,15-03-2022
983,987,1,05-04-2023
983,461,2,08-04-2023
983,506,3,04-10-2022
983,963,4,06-02-2023
983,117,5,07-07-2022
983,787,6,21-01-2023
983,362,7,14-05-2023
983,728,8,07-01-2023
983,600,9,12-12-2022
983,181,10,29-09-2022
983,933,11,03-04-2023
983,608,12,16-11-2022
983,380,13,27-06-2022
983,706,14,27-02-2023
983,454,15,14-11-2022
983,725,16,19-06-2022
983,795,17,16-06-2022
983,213,18,08-11-2022
983,565,19,29-09-2022
983,750,20,03-11-2022
983,169,21,16-07-2022
983,129,22,21-10-2022
983,783,23,29-01-2023
983,198,24,18-02-2023
983,875,25,21-08-2022
983,203,26,02-05-2023
983,949,27,05-06-2023
983,227,28,11-03-2023
504,770,1,05-07-2024
504,175,2,27-05-2024
504,729,3,31-10-2024
504,248,4,31-05-2024
504,147,5,18-10-2024
504,385,6,20-12-2024
504,799,7,31-10-2024
504,710,8,06-07-2024
504,438,9,05-03-2025
504,907,10,22-08-2024
504,706,11,07-09-2024
504,751,12,16-05-2024
504,865,13,28-02-2025
504,916,14,06-03-2025
504,735,15,25-01-2025
504,933,16,06-02-2025
38,225,1,29-07-2021
38,697,2,22-04-2021
38,366,3,23-07-2021
38,806,4,08-10-2021
38,128,5,14-09-2021
38,405,6,15-08-2021
38,143,7,19-09-2021
38,7,8,16-03-2022
38,706,9,04-04-2021
38,842,10,10-08-2021
38,522,11,02-12-2021
38,304,12,04-03-2022
38,409,13,01-02-2022
38,895,14,12-04-2021
38,86,15,31-08-2021
38,898,16,24-01-2022
38,961,17,24-07-2021
38,90,18,04-06-2021
38,72,19,18-05-2021
38,66,20,09-09-2021
38,430,21,01-07-2021
38,582,22,02-06-2021
38,431,23,20-08-2021
38,217,24,19-07-2021
38,32,25,19-04-2021
38,342,26,27-11-2021
38,667,27,19-10-2021
38,516,28,06-11-2021
38,521,29,16-07-2021
38,619,30,04-10-2021
38,135,31,08-02-2022
38,765,32,03-04-2021
38,74,33,27-06-2021
38,730,34,23-07-2021
38,131,35,28-07-2021
38,325,36,30-04-2021
38,474,37,01-06-2021
38,205,38,15-01-2022
38,903,39,14-09-2021
239,521,1,28-11-2024
239,103,2,28-04-2024
239,720,3,04-04-2024
239,883,4,18-09-2024
239,912,5,23-01-2025
239,741,6,19-06-2024
239,143,7,12-04-2024
239,221,8,22-04-2024
239,956,9,10-09-2024
239,999,10,24-01-2025
239,34,11,23-03-2024
239,667,12,16-04-2024
239,557,13,20-02-2024
239,32,14,10-09-2024
239,228,15,24-02-2024
239,995,16,27-05-2024
239,745,17,29-04-2024
239,431,18,02-01-2025
239,832,19,18-05-2024
239,134,20,06-01-2025
239,605,21,27-02-2024
239,85,22,18-06-2024
239,111,23,20-11-2024
239,5,24,10-09-2024
239,355,25,19-01-2025
239,568,26,03-10-2024
239,474,27,17-03-2024
239,58,28,28-08-2024
239,516,29,22-10-2024
239,161,30,10-11-2024
239,363,31,09-08-2024
239,781,32,07-10-2024
239,551,33,15-04-2024
239,233,34,27-09-2024
239,776,35,27-04-2024
239,722,36,02-02-2024
239,682,37,03-11-2024
621,335,1,22-05-2024
621,861,2,13-01-2025
621,454,3,15-05-2024
621,726,4,28-07-2024
621,939,5,31-05-2024
621,828,6,12-10-2024
621,922,7,26-12-2024
621,154,8,01-10-2024
621,363,9,19-10-2024
621,224,10,03-08-2024
621,701,11,17-11-2024
621,776,12,14-05-2024
621,271,13,27-04-2024
621,267,14,08-09-2024
621,34,15,22-11-2024
621,711,16,29-09-2024
621,750,17,08-09-2024
621,999,18,14-09-2024
621,6,19,29-09-2024
621,492,20,14-07-2024
621,606,21,24-09-2024
621,594,22,04-02-2025
621,415,23,05-03-2025
621,451,24,28-01-2025
621,707,25,25-06-2024
621,764,26,31-10-2024
621,409,27,25-09-2024
621,346,28,22-07-2024
621,747,29,11-09-2024
621,430,30,03-06-2024
621,393,31,27-12-2024
621,470,32,11-02-2025
621,857,33,05-01-2025
621,516,34,25-03-2025
621,468,35,23-04-2024
621,467,36,09-08-2024
621,52,37,25-08-2024
553,711,1,06-04-2025
553,470,2,09-10-2025
553,7,3,15-09-2025
553,364,4,10-10-2025
553,737,5,20-11-2024
553,100,6,06-11-2024
553,667,7,16-04-2025
553,545,8,09-03-2025
553,357,9,03-06-2025
553,820,10,20-12-2024
553,490,11,18-12-2024
553,940,12,18-12-2024
553,66,13,20-12-2024
553,434,14,08-05-2025
553,932,15,02-03-2025
553,266,16,14-03-2025
553,91,17,21-11-2024
553,513,18,04-08-2025
553,198,19,22-06-2025
553,290,20,14-12-2024
553,143,21,02-02-2025
553,734,22,21-07-2025
553,388,23,20-12-2024
553,697,24,11-08-2025
553,780,25,15-01-2025
553,331,26,06-06-2025
553,399,27,11-06-2025
553,950,28,19-02-2025
553,49,29,17-03-2025
553,690,30,11-10-2025
553,474,31,28-06-2025
553,889,32,06-04-2025
553,328,33,27-09-2025
553,304,34,28-12-2024
553,111,35,19-05-2025
553,729,36,13-09-2025
553,960,37,10-12-2024
553,836,38,09-10-2025
553,626,39,07-10-2025
553,930,40,07-06-2025
553,430,41,21-06-2025
553,787,42,10-10-2025
553,656,43,17-07-2025
553,834,44,30-05-2025
553,735,45,22-05-2025
553,238,46,19-03-2025
553,847,47,10-03-2025
427,589,1,11-12-2021
427,114,2,30-04-2021
427,101,3,07-10-2021
427,15,4,28-12-2021
427,362,5,14-08-2021
427,491,6,18-02-2022
427,516,7,02-08-2021
427,311,8,25-12-2021
427,235,9,03-12-2021
427,419,10,04-04-2022
427,160,11,23-05-2021
427,977,12,13-08-2021
427,792,13,14-11-2021
427,153,14,03-02-2022
427,316,15,24-01-2022
427,521,16,19-01-2022
427,117,17,20-04-2021
427,631,18,14-07-2021
427,340,19,09-04-2022
427,454,20,14-08-2021
427,343,21,16-03-2022
427,118,22,18-07-2021
427,930,23,14-04-2021
427,368,24,13-07-2021
427,901,25,20-04-2021
427,834,26,11-08-2021
427,393,27,29-03-2022
427,840,28,20-08-2021
427,700,29,09-10-2021
427,243,30,20-07-2021
427,265,31,26-05-2021
427,429,32,13-10-2021
427,529,33,15-10-2021
427,674,34,05-06-2021
427,468,35,27-11-2021
427,908,36,21-09-2021
427,350,37,04-12-2021
427,594,38,06-04-2022
427,922,39,30-10-2021
427,80,40,14-04-2021
427,134,41,27-04-2021
246,241,1,21-02-2022
246,161,2,02-10-2022
246,410,3,04-08-2022
246,793,4,01-08-2022
246,331,5,02-09-2022
246,454,6,25-09-2022
246,235,7,25-02-2022
246,724,8,13-04-2022
246,418,9,19-12-2021
246,833,10,06-01-2022
246,935,11,25-06-2022
246,132,12,30-05-2022
246,314,13,19-11-2022
246,265,14,11-07-2022
246,939,15,25-04-2022
246,995,16,23-11-2022
405,60,1,16-11-2023
405,261,2,30-01-2024
405,438,3,19-10-2023
405,815,4,21-08-2024
405,51,5,27-01-2024
405,101,6,05-09-2024
405,796,7,24-10-2023
88,140,1,21-09-2021
88,617,2,18-02-2022
88,761,3,29-05-2022
88,38,4,08-05-2022
88,337,5,05-10-2021
107,524,1,03-03-2021
107,153,2,16-12-2021
107,798,3,02-05-2021
107,975,4,27-10-2021
107,90,5,09-02-2021
107,810,6,23-01-2021
107,409,7,17-12-2021
107,466,8,19-01-2021
107,343,9,01-10-2021
107,197,10,06-10-2021
107,928,11,17-05-2021
107,513,12,12-08-2021
107,213,13,06-02-2021
107,960,14,05-06-2021
107,74,15,23-10-2021
107,868,16,01-11-2021
107,357,17,10-08-2021
107,290,18,28-02-2021
107,370,19,20-12-2021
107,746,20,14-05-2021
107,948,21,21-01-2021
107,257,22,11-08-2021
107,526,23,19-05-2021
107,820,24,09-12-2021
107,978,25,27-12-2021
107,980,26,07-06-2021
107,541,27,05-09-2021
107,456,28,29-06-2021
107,923,29,20-02-2021
107,477,30,15-01-2022
107,420,31,17-12-2021
107,335,32,27-01-2021
107,72,33,01-04-2021
107,848,34,12-11-2021
107,898,35,02-08-2021
107,534,36,23-12-2021
107,808,37,07-10-2021
250,206,1,20-07-2023
250,65,2,06-06-2023
250,265,3,10-08-2023
250,17,4,07-11-2023
250,626,5,29-05-2023
250,331,6,09-03-2024
250,277,7,08-01-2024
250,461,8,06-01-2024
250,700,9,12-12-2023
250,211,10,02-08-2023
250,601,11,25-07-2023
250,90,12,18-08-2023
250,847,13,03-12-2023
250,258,14,12-11-2023
250,633,15,21-02-2024
250,51,16,13-06-2023
250,957,17,29-07-2023
250,707,18,02-10-2023
250,857,19,17-08-2023
250,771,20,28-06-2023
250,36,21,18-08-2023
250,371,22,14-08-2023
250,398,23,07-12-2023
250,100,24,18-01-2024
250,401,25,21-07-2023
250,358,26,27-01-2024
250,366,27,18-06-2023
250,565,28,01-06-2023
250,582,29,28-07-2023
250,836,30,19-05-2023
250,677,31,03-05-2023
250,218,32,29-06-2023
250,711,33,28-12-2023
250,499,34,29-05-2023
250,912,35,14-07-2023
250,922,36,09-07-2023
250,910,37,22-07-2023
250,337,38,21-04-2024
250,706,39,20-10-2023
250,309,40,13-11-2023
250,380,41,10-04-2024
250,474,42,24-09-2023
250,201,43,28-01-2024
250,947,44,04-06-2023
721,649,1,16-11-2023
721,62,2,21-09-2023
721,98,3,19-06-2023
721,383,4,05-12-2023
721,734,5,10-02-2023
721,760,6,24-12-2023
721,57,7,25-08-2023
721,656,8,06-05-2023
721,889,9,16-04-2023
721,634,10,08-10-2023
721,261,11,25-02-2023
721,594,12,06-10-2023
721,778,13,23-06-2023
721,217,14,14-05-2023
956,221,1,09-07-2022
956,291,2,13-04-2022
956,748,3,09-08-2022
956,999,4,29-03-2022
956,80,5,11-12-2022
956,342,6,28-02-2023
956,331,7,23-06-2022
956,627,8,24-05-2022
956,353,9,22-09-2022
956,793,10,29-01-2023
956,677,11,02-07-2022
956,950,12,31-12-2022
956,434,13,23-02-2023
956,157,14,16-02-2023
956,148,15,25-01-2023
956,34,16,15-12-2022
956,898,17,27-06-2022
956,4,18,19-04-2022
956,601,19,29-12-2022
956,49,20,10-09-2022
956,461,21,03-08-2022
956,681,22,05-07-2022
956,908,23,06-11-2022
956,571,24,15-06-2022
956,213,25,28-11-2022
956,63,26,28-06-2022
956,103,27,12-11-2022
956,692,28,11-02-2023
956,781,29,05-04-2022
956,245,30,09-03-2023
956,615,31,09-12-2022
956,32,32,31-07-2022
956,432,33,03-06-2022
956,359,34,20-02-2023
956,516,35,16-08-2022
956,475,36,11-02-2023
956,780,37,01-04-2022
956,362,38,21-05-2022
956,851,39,23-07-2022
956,631,40,24-11-2022
956,975,41,08-10-2022
956,265,42,23-03-2022
956,383,43,31-07-2022
956,931,44,26-07-2022
956,935,45,23-11-2022
956,722,46,07-01-2023
956,175,47,26-11-2022
120,468,1,28-10-2025
120,848,2,20-02-2025
120,512,3,06-05-2025
120,731,4,02-03-2025
120,898,5,03-11-2024
120,265,6,09-12-2024
120,582,7,25-12-2024
120,115,8,07-11-2024
120,438,9,25-01-2025
120,101,10,27-09-2025
120,58,11,16-02-2025
120,726,12,06-12-2024
120,342,13,13-04-2025
120,245,14,08-11-2024
120,241,15,15-02-2025
120,750,16,13-11-2024
120,844,17,30-11-2024
120,805,18,18-06-2025
120,833,19,04-05-2025
120,792,20,09-06-2025
120,734,21,26-12-2024
120,994,22,18-12-2024
120,744,23,26-07-2025
120,105,24,10-12-2024
120,908,25,24-11-2024
120,546,26,23-12-2024
120,97,27,26-02-2025
120,976,28,18-02-2025
120,682,29,09-09-2025
120,836,30,20-02-2025
120,787,31,14-02-2025
120,730,32,21-04-2025
120,52,33,17-02-2025
120,657,34,05-02-2025
120,619,35,05-11-2024
120,799,36,12-03-2025
120,32,37,06-07-2025
120,781,38,30-09-2025
120,440,39,25-06-2025
120,297,40,07-06-2025
120,832,41,22-03-2025
120,133,42,01-11-2024
120,290,43,06-08-2025
120,795,44,27-09-2025
120,562,45,21-09-2025
120,951,46,13-05-2025
120,652,47,05-03-2025
120,594,48,16-07-2025
834,105,1,13-07-2024
834,764,2,18-12-2024
834,316,3,13-10-2024
834,90,4,16-03-2025
834,335,5,22-06-2024
834,245,6,16-05-2024
834,586,7,24-04-2025
834,464,8,03-04-2025
834,40,9,18-12-2024
834,100,10,14-02-2025
834,152,11,31-03-2025
834,832,12,27-07-2024
834,398,13,24-12-2024
834,440,14,05-05-2024
834,659,15,19-08-2024
834,334,16,14-01-2025
834,290,17,06-05-2024
834,45,18,25-09-2024
834,132,19,01-06-2024
834,776,20,02-09-2024
834,645,21,05-12-2024
834,386,22,14-09-2024
834,882,23,17-06-2024
834,110,24,18-05-2024
834,213,25,23-08-2024
834,97,26,21-08-2024
834,720,27,02-10-2024
834,669,28,07-07-2024
834,946,29,26-10-2024
834,743,30,02-11-2024
834,842,31,30-11-2024
834,840,32,23-08-2024
834,766,33,19-11-2024
891,817,1,25-12-2021
891,729,2,15-06-2021
891,205,3,19-09-2021
891,374,4,03-09-2021
891,350,5,03-09-2021
891,742,6,16-05-2022
891,889,7,12-06-2021
891,321,8,11-11-2021
891,939,9,02-05-2022
891,215,10,17-09-2021
891,66,11,15-01-2022
891,482,12,24-11-2021
891,524,13,09-07-2021
891,310,14,04-12-2021
891,505,15,07-12-2021
891,574,16,01-09-2021
891,380,17,14-08-2021
804,944,1,26-11-2023
804,7,2,20-09-2023
804,331,3,21-09-2023
804,319,4,10-07-2023
804,371,5,15-01-2023
804,746,6,22-07-2023
804,198,7,04-08-2023
804,17,8,10-12-2023
804,513,9,27-05-2023
804,49,10,21-07-2023
804,521,11,01-08-2023
804,987,12,14-11-2023
804,431,13,25-07-2023
804,328,14,07-08-2023
804,743,15,27-02-2023
804,335,16,21-03-2023
390,700,1,29-08-2023
390,572,2,18-02-2023
390,735,3,03-05-2023
390,713,4,18-03-2023
390,994,5,09-09-2023
390,314,6,13-07-2023
390,897,7,15-03-2023
390,430,8,15-02-2023
390,726,9,24-07-2023
390,582,10,01-12-2022
390,201,11,09-05-2023
390,605,12,06-11-2022
390,928,13,13-02-2023
390,862,14,10-03-2023
390,692,15,14-04-2023
390,117,16,28-02-2023
390,720,17,21-10-2023
390,982,18,22-09-2023
390,267,19,12-11-2022
390,387,20,20-05-2023
390,999,21,31-03-2023
390,4,22,02-04-2023
390,987,23,23-09-2023
390,907,24,21-06-2023
390,234,25,11-01-2023
390,509,26,21-09-2023
390,760,27,16-10-2023
390,383,28,20-09-2023
390,264,29,09-05-2023
390,272,30,21-02-2023
390,960,31,29-06-2023
390,178,32,12-03-2023
390,891,33,07-06-2023
390,337,34,15-01-2023
390,752,35,19-11-2022
106,100,1,30-03-2023
106,199,2,07-05-2023
106,898,3,08-03-2023
106,175,4,03-04-2023
106,207,5,18-05-2023
106,556,6,16-03-2023
106,739,7,03-11-2023
106,244,8,23-12-2023
106,836,9,08-11-2023
106,815,10,20-12-2023
106,976,11,25-03-2023
106,181,12,01-07-2023
106,847,13,31-12-2023
106,120,14,04-04-2023
106,265,15,31-05-2023
106,272,16,05-10-2023
106,566,17,26-05-2023
106,782,18,30-11-2023
106,944,19,12-08-2023
106,185,20,04-12-2023
106,461,21,03-10-2023
106,378,22,20-06-2023
106,324,23,29-10-2023
106,914,24,19-02-2024
106,155,25,07-02-2024
106,681,26,12-02-2024
106,719,27,23-05-2023
106,282,28,12-05-2023
106,805,29,08-05-2023
106,486,30,09-03-2023
106,787,31,09-04-2023
106,359,32,02-04-2023
106,980,33,26-10-2023
106,990,34,26-04-2023
106,677,35,30-05-2023
106,951,36,12-01-2024
106,235,37,02-11-2023
106,466,38,25-04-2023
106,871,39,19-11-2023
106,572,40,22-06-2023
106,853,41,21-05-2023
106,6,42,17-05-2023
106,521,43,14-05-2023
106,61,44,09-10-2023
106,932,45,23-12-2023
106,233,46,14-06-2023
106,939,47,30-12-2023
106,809,48,05-05-2023
106,409,49,17-01-2024
106,931,50,20-03-2023
262,846,1,22-08-2023
262,357,2,05-03-2023
262,734,3,27-08-2023
262,458,4,13-05-2023
262,930,5,03-05-2023
262,43,6,23-07-2023
727,267,1,20-10-2024
727,600,2,22-08-2024
727,649,3,24-08-2024
727,550,4,04-08-2024
727,494,5,25-03-2025
727,808,6,29-12-2024
727,637,7,25-05-2025
727,707,8,28-12-2024
727,199,9,07-02-2025
727,375,10,05-12-2024
727,359,11,06-04-2025
727,776,12,04-10-2024
727,134,13,18-03-2025
727,357,14,26-10-2024
727,901,15,24-11-2024
727,846,16,20-12-2024
727,652,17,29-08-2024
727,745,18,01-10-2024
727,982,19,18-07-2024
727,408,20,23-05-2025
727,113,21,28-02-2025
727,553,22,06-12-2024
727,308,23,26-09-2024
727,398,24,02-06-2025
727,775,25,26-10-2024
727,446,26,22-04-2025
727,630,27,27-11-2024
727,17,28,08-06-2025
727,221,29,28-02-2025
727,737,30,22-03-2025
727,15,31,21-08-2024
727,711,32,05-01-2025
727,198,33,11-01-2025
727,888,34,04-09-2024
727,65,35,26-02-2025
727,299,36,30-09-2024
727,774,37,19-05-2025
727,597,38,13-09-2024
727,182,39,28-08-2024
802,580,1,24-09-2022
802,483,2,31-12-2022
802,983,3,23-08-2022
802,987,4,27-03-2023
802,213,5,26-05-2022
802,454,6,09-02-2023
802,490,7,09-01-2023
802,907,8,04-03-2023
802,111,9,05-06-2022
802,476,10,07-10-2022
802,655,11,13-03-2023
802,812,12,01-12-2022
802,399,13,22-11-2022
802,842,14,22-09-2022
802,34,15,06-06-2022
802,101,16,15-06-2022
802,261,17,19-12-2022
802,851,18,21-05-2022
802,311,19,07-03-2023
802,820,20,09-02-2023
802,999,21,28-04-2023
802,252,22,27-06-2022
802,657,23,08-01-2023
802,505,24,04-02-2023
802,700,25,24-03-2023
802,301,26,05-02-2023
802,719,27,13-01-2023
768,97,1,23-04-2025
768,149,2,12-03-2025
768,667,3,03-08-2024
768,61,4,18-08-2024
768,393,5,21-11-2024
768,970,6,03-04-2025
768,447,7,08-07-2024
768,963,8,07-09-2024
768,327,9,19-01-2025
768,299,10,10-04-2025
768,140,11,12-07-2024
768,308,12,28-08-2024
768,944,13,02-06-2024
768,889,14,19-01-2025
768,642,15,01-03-2025
768,147,16,09-08-2024
768,364,17,08-06-2024
768,80,18,06-12-2024
768,208,19,23-12-2024
768,990,20,25-09-2024
768,330,21,19-05-2024
592,988,1,07-02-2023
592,987,2,01-10-2022
592,959,3,22-01-2023
592,209,4,15-12-2022
592,362,5,23-09-2022
592,239,6,11-09-2022
592,725,7,07-02-2023
592,225,8,05-01-2023
592,597,9,09-02-2023
592,674,10,13-11-2022
592,760,11,07-02-2023
592,107,12,24-07-2023
592,6,13,09-09-2023
592,766,14,22-09-2022
592,189,15,09-12-2022
592,180,16,02-12-2022
592,565,17,18-05-2023
592,584,18,13-10-2022
592,475,19,06-02-2023
592,828,20,16-01-2023
592,989,21,19-12-2022
592,655,22,07-09-2023
592,626,23,04-08-2023
592,51,24,10-04-2023
592,645,25,23-11-2022
592,568,26,15-12-2022
592,34,27,11-12-2022
592,105,28,06-08-2023
592,838,29,04-08-2023
592,590,30,04-03-2023
344,52,1,29-01-2025
344,707,2,27-06-2024
344,556,3,10-02-2025
344,68,4,06-03-2025
344,342,5,21-07-2024
344,499,6,21-04-2025
344,734,7,11-09-2024
344,96,8,08-01-2025
344,101,9,15-03-2025
344,764,10,27-12-2024
344,529,11,09-10-2024
344,565,12,19-07-2024
697,90,1,03-08-2023
697,297,2,14-08-2023
697,652,3,17-02-2023
697,841,4,30-12-2022
697,565,5,06-01-2023
697,405,6,28-10-2022
697,134,7,05-07-2023
697,100,8,27-08-2023
697,295,9,02-06-2023
697,371,10,22-03-2023
697,706,11,08-04-2023
697,834,12,26-12-2022
697,588,13,20-09-2022
697,832,14,08-04-2023
697,903,15,17-01-2023
697,792,16,17-10-2022
697,692,17,14-05-2023
697,630,18,15-06-2023
697,501,19,23-07-2023
697,842,20,11-12-2022
697,605,21,03-11-2022
697,871,22,22-04-2023
697,907,23,13-01-2023
697,861,24,10-02-2023
697,579,25,13-07-2023
697,473,26,27-11-2022
697,987,27,31-03-2023
697,746,28,25-02-2023
697,4,29,19-06-2023
697,110,30,24-11-2022
697,669,31,22-09-2022
697,386,32,19-03-2023
697,827,33,22-06-2023
680,422,1,18-04-2021
680,5,2,21-09-2021
680,458,3,05-07-2021
680,375,4,22-12-2021
680,513,5,23-05-2021
680,981,6,15-11-2021
680,697,7,05-05-2021
680,774,8,08-06-2021
680,552,9,18-05-2021
680,350,10,14-04-2021
680,820,11,31-10-2021
680,787,12,18-02-2021
680,174,13,09-07-2021
680,922,14,26-08-2021
680,322,15,03-05-2021
680,728,16,21-04-2021
680,363,17,16-01-2022
680,219,18,13-05-2021
680,115,19,23-09-2021
680,370,20,16-10-2021
680,506,21,08-07-2021
680,776,22,12-01-2022
680,883,23,31-03-2021
680,183,24,08-03-2021
680,329,25,27-05-2021
680,727,26,07-12-2021
680,58,27,16-07-2021
680,645,28,01-01-2022
680,556,29,26-01-2022
680,14,30,08-04-2021
575,765,1,12-02-2024
575,128,2,05-05-2023
575,589,3,15-09-2023
575,454,4,23-12-2023
575,168,5,22-07-2023
575,353,6,03-10-2023
575,447,7,29-08-2023
575,326,8,14-02-2024
575,343,9,26-01-2024
575,725,10,13-04-2023
575,582,11,14-11-2023
575,460,12,17-12-2023
575,338,13,05-01-2024
575,809,14,13-12-2023
470,447,1,29-12-2022
470,83,2,12-12-2022
470,270,3,01-03-2023
470,640,4,26-05-2023
470,590,5,21-10-2022
470,735,6,26-12-2022
470,218,7,14-03-2023
470,761,8,02-02-2023
470,795,9,31-10-2022
470,762,10,14-11-2022
470,838,11,08-11-2022
470,754,12,17-08-2022
470,243,13,01-05-2023
470,501,14,13-02-2023
470,188,15,04-08-2022
470,871,16,09-07-2023
470,940,17,05-06-2023
470,891,18,14-02-2023
470,492,19,18-08-2022
470,311,20,11-12-2022
470,153,21,24-11-2022
470,252,22,04-08-2022
470,228,23,16-04-2023
470,23,24,13-10-2022
470,1000,25,30-05-2023
470,868,26,10-11-2022
470,248,27,17-02-2023
470,508,28,08-06-2023
470,64,29,25-03-2023
470,304,30,26-04-2023
619,99,1,11-12-2024
619,626,2,17-12-2024
619,284,3,16-07-2025
619,111,4,19-10-2024
619,405,5,18-08-2024
619,944,6,28-05-2025
619,95,7,15-08-2024
619,316,8,02-12-2024
619,692,9,16-10-2024
619,331,10,05-09-2024
619,726,11,02-04-2025
619,397,12,24-07-2024
619,572,13,16-08-2024
619,930,14,21-12-2024
619,192,15,07-04-2025
619,200,16,21-08-2024
619,947,17,12-03-2025
619,366,18,03-12-2024
619,660,19,13-09-2024
619,633,20,09-01-2025
619,508,21,17-02-2025
619,100,22,14-08-2024
619,343,23,09-05-2025
619,883,24,14-11-2024
619,146,25,12-12-2024
619,799,26,09-07-2025
619,614,27,09-04-2025
619,853,28,02-04-2025
619,390,29,01-07-2025
619,328,30,23-01-2025
619,357,31,29-05-2025
619,335,32,06-03-2025
619,38,33,01-02-2025
619,409,34,14-03-2025
619,962,35,10-06-2025
619,956,36,26-09-2024
619,667,37,27-03-2025
619,496,38,27-01-2025
124,290,1,05-08-2021
124,935,2,01-01-2022
124,199,3,27-11-2021
124,370,4,04-10-2021
124,72,5,17-08-2021
124,362,6,22-01-2022
124,165,7,12-03-2021
124,537,8,13-10-2021
124,697,9,01-04-2021
124,178,10,24-06-2021
124,849,11,05-04-2021
124,778,12,24-01-2022
124,764,13,27-01-2021
124,482,14,23-02-2021
124,181,15,08-10-2021
124,329,16,27-03-2021
124,550,17,05-05-2021
124,361,18,18-06-2021
124,686,19,05-08-2021
124,333,20,13-01-2022
124,664,21,13-01-2022
124,241,22,22-10-2021
124,903,23,20-11-2021
124,101,24,17-12-2021
124,49,25,02-12-2021
124,737,26,17-08-2021
124,417,27,27-09-2021
124,921,28,25-02-2021
124,871,29,23-12-2021
124,326,30,18-03-2021
124,120,31,25-09-2021
124,960,32,15-10-2021
124,143,33,18-07-2021
124,692,34,05-05-2021
124,907,35,27-03-2021
124,505,36,20-01-2022
124,133,37,01-08-2021
124,909,38,01-02-2021
124,357,39,02-08-2021
124,959,40,18-04-2021
124,113,41,11-01-2022
124,725,42,04-11-2021
124,626,43,29-05-2021
124,65,44,01-07-2021
124,542,45,22-04-2021
716,755,1,05-03-2023
716,316,2,16-01-2023
716,690,3,15-06-2022
716,657,4,13-04-2023
716,156,5,19-10-2022
716,654,6,06-07-2022
716,486,7,30-09-2022
716,394,8,11-07-2022
716,451,9,14-06-2022
716,454,10,17-07-2022
716,496,11,03-05-2023
338,770,1,04-10-2024
338,565,2,13-10-2024
338,330,3,30-01-2024
338,398,4,02-12-2023
338,98,5,19-12-2023
338,990,6,28-07-2024
338,206,7,13-02-2024
338,198,8,17-05-2024
108,238,1,28-09-2024
108,822,2,03-12-2024
108,907,3,10-09-2024
108,932,4,11-10-2024
108,861,5,28-02-2024
108,936,6,27-12-2024
108,295,7,07-10-2024
108,346,8,21-11-2024
108,325,9,13-11-2024
108,43,10,08-10-2024
108,7,11,19-07-2024
108,808,12,02-07-2024
108,649,13,14-04-2024
108,898,14,20-05-2024
108,398,15,13-12-2024
108,656,16,11-06-2024
108,497,17,03-06-2024
108,5,18,15-10-2024
108,602,19,24-12-2024
108,199,20,20-09-2024
108,136,21,13-08-2024
108,505,22,12-08-2024
108,836,23,23-04-2024
108,674,24,06-11-2024
108,49,25,05-07-2024
108,26,26,20-08-2024
108,486,27,05-02-2025
108,577,28,17-11-2024
108,921,29,22-03-2024
108,576,30,26-07-2024
108,334,31,11-05-2024
108,765,32,18-09-2024
108,161,33,11-11-2024
108,57,34,16-03-2024
108,795,35,03-11-2024
108,883,36,29-09-2024
108,660,37,28-05-2024
108,320,38,24-07-2024
108,762,39,01-04-2024
108,30,40,13-06-2024
108,648,41,08-11-2024
108,72,42,20-03-2024
108,85,43,19-03-2024
108,474,44,28-03-2024
108,840,45,15-07-2024
108,91,46,04-01-2025
108,828,47,07-08-2024
108,835,48,06-08-2024
108,200,49,22-07-2024
230,771,1,06-04-2021
230,711,2,08-09-2021
230,117,3,21-12-2021
230,203,4,01-03-2022
230,660,5,29-04-2021
230,395,6,31-08-2021
230,841,7,18-07-2021
230,856,8,04-03-2022
230,483,9,23-05-2021
230,188,10,20-02-2022
230,160,11,06-05-2021
230,181,12,12-01-2022
230,208,13,06-06-2021
230,680,14,30-12-2021
230,7,15,26-01-2022
80,316,1,08-05-2021
80,745,2,05-05-2021
80,910,3,11-08-2021
80,626,4,05-02-2021
80,726,5,22-10-2021
80,842,6,31-10-2021
80,868,7,10-01-2022
80,208,8,09-03-2021
80,6,9,05-10-2021
80,5,10,07-03-2021
80,654,11,15-12-2021
80,576,12,30-04-2021
80,85,13,02-08-2021
80,153,14,02-08-2021
80,801,15,15-12-2021
80,387,16,18-08-2021
80,744,17,12-09-2021
80,599,18,01-01-2022
80,809,19,09-07-2021
80,91,20,14-03-2021
80,123,21,17-02-2021
80,878,22,05-01-2022
80,435,23,27-02-2021
80,447,24,17-04-2021
80,348,25,05-12-2021
80,440,26,25-02-2021
80,309,27,28-11-2021
80,787,28,26-08-2021
80,743,29,07-06-2021
80,409,30,08-10-2021
80,758,31,25-01-2021
80,556,32,06-02-2021
80,581,33,30-09-2021
712,961,1,27-05-2022
712,895,2,25-06-2022
712,588,3,16-08-2022
712,103,4,03-07-2022
712,975,5,14-01-2022
712,401,6,09-08-2022
712,297,7,11-04-2022
712,931,8,21-07-2022
712,933,9,01-07-2022
712,14,10,02-03-2022
712,123,11,25-11-2022
712,267,12,22-07-2022
712,942,13,13-08-2022
712,707,14,06-03-2022
712,372,15,18-05-2022
712,739,16,21-07-2022
712,682,17,19-06-2022
712,994,18,12-07-2022
712,674,19,23-11-2022
712,77,20,30-10-2022
712,772,21,12-07-2022
712,289,22,12-08-2022
712,173,23,24-09-2022
712,457,24,14-07-2022
712,983,25,17-11-2022
712,129,26,11-01-2022
712,80,27,09-10-2022
712,745,28,26-11-2022
712,551,29,31-07-2022
712,143,30,31-01-2022
712,505,31,06-03-2022
712,723,32,27-07-2022
712,618,33,11-02-2022
712,144,34,01-09-2022
712,864,35,22-03-2022
712,911,36,13-02-2022
712,977,37,15-08-2022
712,554,38,04-03-2022
712,506,39,26-03-2022
712,254,40,03-08-2022
397,697,1,18-06-2022
397,34,2,14-08-2021
397,61,3,08-06-2022
397,337,4,27-08-2021
397,960,5,21-12-2021
397,978,6,10-03-2022
397,188,7,12-02-2022
397,185,8,22-11-2021
397,383,9,22-04-2022
397,362,10,27-05-2022
397,481,11,22-02-2022
397,994,12,26-05-2022
397,218,13,02-01-2022
397,270,14,18-05-2022
397,760,15,29-05-2022
397,898,16,23-01-2022
397,725,17,11-09-2021
397,950,18,28-12-2021
397,769,19,23-09-2021
397,446,20,26-03-2022
397,864,21,25-12-2021
397,277,22,28-02-2022
397,691,23,09-06-2022
397,734,24,05-07-2021
397,791,25,24-03-2022
397,300,26,11-07-2021
397,966,27,09-02-2022
397,385,28,21-03-2022
397,432,29,25-02-2022
324,624,1,30-09-2023
324,617,2,03-09-2023
324,470,3,31-03-2023
324,477,4,10-02-2023
324,14,5,09-01-2023
324,357,6,22-05-2023
324,115,7,29-07-2023
324,3,8,29-09-2023
324,210,9,19-06-2023
324,4,10,04-08-2023
324,542,11,23-06-2023
324,737,12,23-10-2022
324,930,13,10-09-2023
324,405,14,05-02-2023
324,366,15,06-04-2023
324,889,16,14-08-2023
324,735,17,20-03-2023
324,903,18,13-01-2023
324,441,19,20-08-2023
324,363,20,27-03-2023
324,910,21,05-01-2023
324,228,22,13-10-2022
324,468,23,26-10-2022
324,534,24,17-02-2023
324,792,25,02-11-2022
503,711,1,21-12-2021
503,355,2,06-09-2021
503,469,3,10-09-2021
503,564,4,22-04-2022
503,4,5,04-08-2021
503,40,6,04-06-2021
503,183,7,27-09-2021
503,241,8,15-05-2022
503,342,9,05-09-2021
503,982,10,28-05-2021
503,205,11,13-05-2022
503,454,12,03-06-2021
503,333,13,10-04-2022
503,932,14,15-09-2021
503,529,15,05-05-2022
503,907,16,29-11-2021
503,267,17,29-12-2021
503,167,18,05-05-2022
503,110,19,27-09-2021
503,577,20,14-12-2021
503,60,21,04-06-2021
503,6,22,30-07-2021
503,248,23,10-10-2021
503,226,24,29-11-2021
503,764,25,01-10-2021
503,922,26,15-07-2021
503,161,27,09-11-2021
503,322,28,01-10-2021
503,999,29,25-03-2022
503,746,30,13-04-2022
503,400,31,20-11-2021
503,562,32,16-12-2021
503,83,33,31-10-2021
503,359,34,08-05-2022
503,602,35,01-01-2022
503,348,36,08-03-2022
503,895,37,12-03-2022
503,221,38,24-06-2021
503,165,39,13-05-2022
503,684,40,18-08-2021
253,808,1,14-09-2024
253,475,2,29-02-2024
253,248,3,13-08-2024
253,174,4,04-11-2024
253,931,5,04-03-2024
253,576,6,03-09-2024
253,244,7,12-03-2024
253,3,8,22-08-2024
253,213,9,29-07-2024
253,68,10,11-09-2024
253,916,11,02-04-2024
253,183,12,07-07-2024
253,677,13,15-03-2024
253,828,14,22-08-2024
318,853,1,16-11-2021
318,966,2,15-12-2021
318,457,3,19-07-2021
318,713,4,14-08-2021
318,833,5,21-04-2021
318,838,6,08-01-2022
318,185,7,11-07-2021
318,727,8,21-10-2021
318,960,9,27-07-2021
318,417,10,28-07-2021
318,72,11,31-01-2022
318,861,12,21-06-2021
318,568,13,30-07-2021
318,240,14,19-12-2021
318,845,15,29-03-2022
318,828,16,08-11-2021
318,992,17,06-11-2021
318,957,18,28-02-2022
318,990,19,07-07-2021
318,316,20,06-07-2021
318,999,21,27-01-2022
318,388,22,22-05-2021
318,90,23,14-11-2021
318,482,24,26-08-2021
318,337,25,08-08-2021
318,271,26,12-11-2021
318,407,27,25-08-2021
318,792,28,16-09-2021
318,31,29,03-02-2022
318,948,30,14-10-2021
318,188,31,09-09-2021
318,734,32,23-11-2021
318,198,33,22-01-2022
318,940,34,20-08-2021
318,590,35,17-02-2022
318,282,36,04-11-2021
318,963,37,11-08-2021
318,827,38,15-06-2021
318,642,39,02-12-2021
318,711,40,12-09-2021
318,556,41,07-09-2021
601,838,1,11-09-2024
601,727,2,01-12-2023
601,730,3,16-04-2024
601,91,4,21-05-2024
601,301,5,19-10-2023
601,739,6,08-08-2024
601,978,7,05-04-2024
601,455,8,18-07-2024
601,391,9,01-10-2024
601,445,10,11-10-2024
601,883,11,04-05-2024
601,829,12,17-01-2024
601,808,13,21-07-2024
952,765,1,05-09-2021
952,841,2,23-11-2021
952,245,3,03-09-2021
952,530,4,09-03-2022
952,630,5,20-08-2021
952,331,6,20-10-2021
952,656,7,04-11-2021
952,176,8,14-02-2022
952,451,9,20-02-2022
952,185,10,08-12-2021
952,838,11,03-07-2021
952,287,12,16-07-2021
952,868,13,11-06-2021
952,865,14,16-01-2022
952,409,15,18-05-2021
952,80,16,11-12-2021
952,212,17,25-06-2021
952,99,18,29-07-2021
952,657,19,14-06-2021
952,723,20,15-11-2021
952,953,21,07-08-2021
952,844,22,10-04-2022
952,362,23,23-09-2021
952,301,24,13-06-2021
952,224,25,15-02-2022
952,474,26,31-08-2021
952,136,27,29-10-2021
952,3,28,14-04-2022
748,810,1,04-11-2023
748,346,2,09-07-2023
748,90,3,04-09-2023
748,456,4,19-11-2023
748,173,5,12-03-2024
748,774,6,05-08-2023
748,939,7,13-11-2023
748,80,8,19-09-2023
748,422,9,31-08-2023
748,316,10,03-10-2023
748,166,11,17-10-2023
748,348,12,19-08-2023
748,663,13,11-10-2023
748,91,14,16-03-2024
748,619,15,27-06-2023
748,341,16,24-10-2023
748,944,17,05-09-2023
748,179,18,08-04-2024
748,36,19,22-02-2024
748,89,20,15-03-2024
748,652,21,14-12-2023
748,117,22,08-05-2023
748,776,23,05-07-2023
748,377,24,18-09-2023
748,994,25,06-08-2023
748,950,26,20-09-2023
748,401,27,01-03-2024
748,243,28,27-05-2023
748,805,29,18-03-2024
748,883,30,13-09-2023
748,490,31,24-08-2023
748,104,32,30-01-2024
748,366,33,06-08-2023
748,63,34,31-01-2024
748,133,35,16-12-2023
748,138,36,31-07-2023
748,83,37,26-11-2023
748,331,38,27-04-2023
748,475,39,22-11-2023
201,749,1,18-08-2022
201,701,2,20-05-2022
201,198,3,29-10-2022
201,277,4,22-09-2022
201,243,5,14-05-2022
201,316,6,12-07-2022
201,199,7,08-05-2022
201,556,8,28-08-2022
201,40,9,12-12-2022
201,873,10,25-09-2022
201,711,11,26-12-2022
201,138,12,06-07-2022
201,120,13,13-05-2022
201,544,14,28-09-2022
201,123,15,20-05-2022
201,278,16,14-01-2023
201,407,17,01-02-2023
201,808,18,12-06-2022
201,557,19,28-11-2022
201,550,20,17-03-2022
201,600,21,06-04-2022
201,907,22,16-04-2022
201,994,23,07-08-2022
201,648,24,30-05-2022
201,467,25,03-12-2022
201,432,26,07-02-2022
201,603,27,19-04-2022
201,889,28,20-11-2022
201,830,29,17-01-2023
201,946,30,26-04-2022
201,359,31,03-04-2022
201,420,32,20-05-2022
201,828,33,30-05-2022
201,835,34,06-12-2022
201,584,35,15-01-2023
201,410,36,25-04-2022
201,244,37,14-12-2022
201,681,38,19-12-2022
201,183,39,29-01-2023
631,393,1,25-04-2023
631,274,2,15-03-2023
631,355,3,30-06-2022
631,295,4,25-08-2022
631,838,5,05-04-2023
631,597,6,20-12-2022
631,473,7,24-04-2023
631,316,8,27-05-2023
631,183,9,29-06-2022
631,409,10,15-11-2022
631,103,11,26-01-2023
631,652,12,04-06-2023
631,353,13,05-04-2023
631,649,14,22-07-2022
631,95,15,01-04-2023
631,758,16,26-05-2023
631,272,17,05-12-2022
631,359,18,17-09-2022
631,101,19,01-10-2022
631,32,20,07-01-2023
631,391,21,26-06-2022
631,104,22,05-07-2022
631,454,23,01-06-2023
631,227,24,20-03-2023
631,584,25,04-11-2022
631,933,26,20-03-2023
631,452,27,23-10-2022
631,888,28,14-12-2022
631,793,29,15-12-2022
631,1000,30,24-12-2022
631,200,31,18-09-2022
631,91,32,07-09-2022
631,725,33,18-01-2023
631,562,34,13-06-2022
631,499,35,27-05-2023
631,300,36,23-06-2022
631,749,37,13-06-2022
631,605,38,24-01-2023
631,862,39,31-05-2023
631,953,40,11-05-2023
967,168,1,17-09-2022
967,553,2,14-08-2023
967,642,3,20-12-2022
967,765,4,18-08-2023
967,725,5,24-03-2023
967,90,6,21-09-2022
967,342,7,22-02-2023
967,227,8,02-09-2023
967,138,9,11-08-2023
967,270,10,07-10-2022
967,734,11,21-09-2022
967,731,12,03-05-2023
967,290,13,08-11-2022
967,273,14,26-12-2022
967,690,15,13-07-2023
967,987,16,14-02-2023
967,329,17,05-08-2023
967,15,18,01-11-2022
967,412,19,14-05-2023
967,910,20,21-05-2023
967,156,21,29-09-2022
967,496,22,19-12-2022
42,999,1,07-08-2023
42,983,2,30-11-2023
42,711,3,25-09-2023
42,337,4,26-11-2023
42,383,5,25-02-2024
42,574,6,28-08-2023
42,551,7,26-08-2023
42,951,8,21-08-2023
42,316,9,19-06-2023
42,329,10,14-09-2023
42,454,11,23-04-2024
42,889,12,12-05-2024
42,198,13,26-02-2024
42,181,14,25-04-2024
42,142,15,05-09-2023
42,935,16,17-01-2024
42,271,17,26-07-2023
42,156,18,26-10-2023
42,241,19,20-01-2024
42,346,20,14-10-2023
42,199,21,21-02-2024
42,146,22,14-01-2024
42,357,23,25-05-2024
42,821,24,15-04-2024
42,682,25,07-03-2024
42,451,26,18-12-2023
42,836,27,17-01-2024
42,34,28,18-06-2023
42,113,29,15-06-2023
42,722,30,25-07-2023
42,649,31,21-05-2024
42,74,32,21-09-2023
42,115,33,06-08-2023
42,557,34,16-08-2023
42,40,35,29-06-2023
42,701,36,06-06-2023
42,706,37,29-10-2023
42,910,38,27-05-2024
42,946,39,21-06-2023
42,956,40,29-06-2023
42,98,41,13-11-2023
42,432,42,25-10-2023
42,903,43,18-07-2023
966,362,1,08-10-2022
966,512,2,14-04-2022
966,267,3,23-11-2021
966,127,4,21-12-2021
966,50,5,26-02-2022
966,440,6,27-04-2022
966,778,7,15-12-2021
966,513,8,13-06-2022
966,911,9,27-11-2021
966,5,10,01-07-2022
966,764,11,25-03-2022
966,707,12,14-04-2022
966,530,13,17-02-2022
966,883,14,23-11-2021
966,319,15,11-11-2022
966,983,16,29-11-2021
966,817,17,29-04-2022
966,556,18,17-02-2022
966,201,19,01-12-2021
966,506,20,20-11-2021
966,471,21,16-05-2022
966,645,22,16-07-2022
966,950,23,03-02-2022
966,534,24,24-03-2022
966,898,25,22-03-2022
966,418,26,29-08-2022
966,724,27,26-01-2022
966,491,28,12-11-2022
966,265,29,11-01-2022
966,742,30,24-01-2022
966,655,31,22-04-2022
966,505,32,08-02-2022
966,740,33,30-11-2021
966,551,34,10-02-2022
966,774,35,11-04-2022
966,185,36,20-09-2022
809,199,1,19-08-2022
809,363,2,31-05-2022
809,387,3,03-12-2021
809,537,4,24-05-2022
809,697,5,16-05-2022
809,206,6,23-08-2022
809,483,7,06-02-2022
809,656,8,11-09-2021
809,730,9,11-02-2022
809,597,10,16-09-2021
809,652,11,23-09-2021
809,461,12,22-07-2022
809,272,13,17-11-2021
809,579,14,26-05-2022
809,828,15,13-07-2022
809,881,16,01-10-2021
809,68,17,06-07-2022
809,90,18,29-05-2022
809,254,19,16-04-2022
809,341,20,08-12-2021
809,122,21,01-09-2021
809,378,22,18-09-2021
809,506,23,12-02-2022
809,110,24,25-01-2022
809,271,25,27-04-2022
809,208,26,24-04-2022
809,163,27,14-05-2022
809,97,28,11-10-2021
486,762,1,07-12-2022
486,95,2,25-07-2022
486,828,3,06-11-2022
486,976,4,19-12-2022
486,339,5,16-12-2022
486,499,6,07-12-2022
486,366,7,29-05-2023
486,811,8,25-07-2022
486,692,9,24-03-2023
486,706,10,02-05-2023
486,690,11,23-03-2023
486,319,12,31-01-2023
486,304,13,14-12-2022
486,290,14,16-11-2022
486,441,15,12-03-2023
486,99,16,24-01-2023
486,638,17,12-06-2023
486,782,18,01-05-2023
486,439,19,02-03-2023
486,551,20,19-05-2023
486,758,21,08-04-2023
486,123,22,02-09-2022
486,842,23,05-05-2023
486,787,24,01-05-2023
486,199,25,28-04-2023
486,456,26,06-10-2022
486,261,27,28-11-2022
924,108,1,13-08-2024
924,81,2,31-07-2024
924,370,3,09-03-2025
924,156,4,27-12-2024
924,438,5,06-07-2024
924,353,6,01-02-2025
924,331,7,18-09-2024
924,359,8,09-03-2025
924,841,9,21-12-2024
924,176,10,30-04-2025
924,638,11,13-12-2024
924,658,12,11-05-2025
924,898,13,04-01-2025
924,677,14,29-05-2025
924,947,15,23-02-2025
924,850,16,18-05-2025
924,927,17,05-01-2025
924,185,18,24-08-2024
924,991,19,18-07-2024
924,903,20,14-08-2024
924,787,21,12-08-2024
924,253,22,14-04-2025
924,330,23,14-08-2024
924,348,24,21-05-2025
924,381,25,02-08-2024
924,668,26,10-02-2025
924,863,27,22-08-2024
924,751,28,25-01-2025
924,304,29,29-05-2025
924,776,30,06-01-2025
924,26,31,26-03-2025
924,572,32,30-05-2025
924,663,33,25-06-2024
924,264,34,07-10-2024
924,80,35,25-01-2025
924,612,36,15-03-2025
487,903,1,17-11-2024
487,446,2,30-11-2024
487,85,3,06-02-2024
487,516,4,19-02-2024
487,17,5,17-03-2024
487,572,6,25-01-2024
487,210,7,31-08-2024
487,65,8,22-07-2024
487,100,9,10-03-2024
487,585,10,11-07-2024
487,525,11,03-04-2024
487,303,12,24-07-2024
487,310,13,28-01-2024
487,735,14,27-10-2024
487,541,15,14-05-2024
487,454,16,07-06-2024
487,70,17,23-03-2024
487,710,18,13-07-2024
487,562,19,31-10-2024
487,101,20,07-06-2024
487,805,21,27-04-2024
487,183,22,09-12-2024
487,901,23,01-05-2024
487,760,24,10-01-2024
487,944,25,26-11-2024
487,178,26,09-02-2024
487,164,27,03-10-2024
487,835,28,12-06-2024
487,994,29,02-08-2024
487,837,30,19-01-2024
487,256,31,30-01-2024
487,451,32,05-12-2024
487,359,33,10-08-2024
487,959,34,15-09-2024
487,401,35,26-07-2024
487,795,36,15-04-2024
487,95,37,31-12-2024
487,583,38,21-08-2024
487,988,39,22-07-2024
487,280,40,01-07-2024
487,471,41,07-10-2024
675,764,1,08-02-2024
675,192,2,24-03-2024
675,414,3,30-09-2023
675,930,4,27-09-2023
675,457,5,11-05-2023
675,760,6,26-07-2023
675,32,7,05-09-2023
675,329,8,19-10-2023
675,199,9,28-12-2023
675,659,10,18-08-2023
675,359,11,19-02-2024
675,157,12,29-12-2023
675,278,13,10-03-2024
675,957,14,26-07-2023
675,521,15,07-08-2023
675,667,16,21-03-2024
964,417,1,06-01-2022
964,478,2,05-02-2022
964,917,3,01-06-2022
964,409,4,01-09-2022
964,4,5,06-09-2022
964,70,6,24-04-2022
964,822,7,09-02-2022
964,335,8,02-12-2022
964,366,9,02-03-2022
964,32,10,17-06-2022
964,564,11,21-05-2022
964,23,12,14-09-2022
964,959,13,28-03-2022
964,134,14,16-02-2022
964,212,15,06-11-2022
964,34,16,11-01-2022
964,197,17,29-07-2022
401,137,1,18-06-2025
401,971,2,02-01-2025
401,451,3,23-02-2025
401,994,4,07-11-2025
401,697,5,28-01-2025
401,565,6,06-04-2025
401,808,7,27-01-2025
401,81,8,19-10-2025
401,841,9,23-12-2024
401,735,10,13-11-2025
401,531,11,16-06-2025
401,373,12,16-09-2025
401,935,13,13-12-2025
401,796,14,20-06-2025
401,652,15,05-11-2025
401,508,16,10-05-2025
401,794,17,27-03-2025
401,895,18,17-03-2025
401,63,19,20-08-2025
401,987,20,13-08-2025
401,50,21,17-07-2025
401,655,22,08-03-2025
401,245,23,11-04-2025
401,836,24,19-09-2025
401,393,25,07-03-2025
401,942,26,11-02-2025
401,331,27,14-06-2025
233,105,1,16-05-2022
233,512,2,11-04-2022
233,600,3,07-02-2022
233,205,4,24-09-2021
233,787,5,25-04-2022
233,346,6,03-09-2021
233,565,7,25-03-2022
233,898,8,03-07-2021
233,20,9,16-06-2021
233,782,10,29-10-2021
233,165,11,19-10-2021
233,861,12,08-05-2022
233,111,13,08-11-2021
233,350,14,18-02-2022
233,778,15,30-08-2021
233,507,16,09-11-2021
233,271,17,07-12-2021
233,160,18,14-05-2022
233,856,19,09-04-2022
233,995,20,27-05-2022
233,723,21,19-01-2022
233,375,22,08-06-2021
233,768,23,31-07-2021
233,730,24,02-07-2021
233,605,25,20-06-2021
233,854,26,17-06-2021
233,65,27,21-12-2021
233,478,28,05-12-2021
233,895,29,09-04-2022
710,331,1,04-12-2021
710,363,2,27-04-2022
710,682,3,02-08-2022
710,995,4,06-09-2022
710,552,5,26-09-2022
710,730,6,11-01-2022
710,766,7,30-05-2022
710,443,8,07-10-2022
710,454,9,28-09-2022
710,156,10,27-05-2022
710,796,11,26-05-2022
710,36,12,28-04-2022
710,227,13,26-12-2021
710,853,14,20-11-2021
710,174,15,07-09-2022
710,847,16,27-06-2022
710,192,17,13-12-2021
710,181,18,30-10-2021
710,393,19,04-04-2022
710,257,20,24-09-2022
710,353,21,01-08-2022
710,526,22,22-03-2022
710,702,23,21-11-2021
710,729,24,06-11-2021
710,861,25,17-08-2022
710,614,26,21-08-2022
710,602,27,28-09-2022
710,811,28,15-03-2022
710,136,29,03-01-2022
710,735,30,21-02-2022
710,401,31,11-12-2021
710,133,32,28-04-2022
710,815,33,10-03-2022
710,199,34,16-01-2022
710,408,35,12-01-2022
710,633,36,20-06-2022
710,185,37,03-02-2022
710,706,38,20-01-2022
710,618,39,10-10-2022
71,903,1,26-05-2022
71,108,2,23-11-2022
71,646,3,03-05-2022
71,989,4,12-08-2022
71,845,5,02-05-2022
71,80,6,24-11-2022
71,580,7,22-07-2022
71,68,8,26-01-2023
71,305,9,23-11-2022
71,185,10,22-01-2023
71,829,11,05-03-2022
71,772,12,28-06-2022
71,806,13,12-02-2023
71,638,14,06-01-2023
71,382,15,02-01-2023
71,174,16,26-12-2022
71,343,17,27-01-2023
71,727,18,09-07-2022
71,908,19,14-12-2022
71,475,20,04-09-2022
71,272,21,24-09-2022
71,289,22,10-04-2022
71,826,23,16-05-2022
71,962,24,13-01-2023
71,944,25,22-07-2022
71,346,26,10-12-2022
71,409,27,17-08-2022
71,542,28,31-05-2022
71,545,29,17-11-2022
71,834,30,22-03-2022
71,971,31,16-12-2022
71,505,32,19-07-2022
71,188,33,25-07-2022
71,730,34,23-06-2022
71,135,35,19-05-2022
71,711,36,24-03-2022
71,83,37,22-06-2022
71,497,38,01-06-2022
71,939,39,29-12-2022
71,201,40,31-08-2022
71,951,41,07-12-2022
71,231,42,01-08-2022
71,594,43,20-08-2022
71,198,44,13-02-2023
71,71,45,19-08-2022
485,741,1,18-06-2021
485,153,2,26-09-2021
485,933,3,20-12-2021
485,864,4,02-06-2021
485,746,5,09-04-2022
485,464,6,09-02-2022
485,796,7,28-02-2022
485,908,8,05-03-2022
485,133,9,30-06-2021
485,947,10,02-11-2021
485,353,11,02-05-2022
485,619,12,28-01-2022
485,226,13,04-11-2021
485,175,14,01-02-2022
485,461,15,29-04-2022
485,109,16,04-08-2021
485,136,17,22-04-2022
485,38,18,11-08-2021
485,430,19,14-10-2021
485,162,20,05-12-2021
485,134,21,03-08-2021
485,457,22,14-05-2022
485,227,23,23-01-2022
485,104,24,10-07-2021
485,100,25,14-03-2022
485,903,26,16-03-2022
485,185,27,07-03-2022
485,733,28,08-03-2022
485,901,29,04-09-2021
485,235,30,18-05-2022
485,273,31,14-08-2021
485,546,32,31-10-2021
485,999,33,09-02-2022
485,770,34,19-08-2021
846,179,1,26-09-2025
846,383,2,28-10-2025
846,65,3,10-10-2025
846,135,4,21-10-2025
846,580,5,11-09-2025
846,85,6,13-12-2024
846,749,7,03-03-2025
846,989,8,20-01-2025
846,505,9,21-04-2025
846,959,10,09-08-2025
846,174,11,09-09-2025
846,769,12,20-07-2025
846,449,13,27-10-2025
846,228,14,27-10-2025
846,513,15,01-11-2025
846,454,16,20-03-2025
846,181,17,07-11-2025
846,199,18,11-05-2025
846,574,19,02-03-2025
846,432,20,28-04-2025
846,681,21,03-08-2025
275,479,1,20-05-2022
275,597,2,23-04-2022
275,868,3,23-10-2022
275,146,4,07-07-2022
275,383,5,09-11-2022
275,999,6,27-03-2022
275,551,7,18-09-2022
275,95,8,26-06-2022
275,652,9,16-02-2022
275,162,10,24-02-2022
275,828,11,10-01-2023
275,491,12,13-01-2023
275,235,13,09-07-2022
275,960,14,31-01-2023
275,739,15,09-01-2023
275,971,16,14-12-2022
275,537,17,03-07-2022
275,812,18,08-02-2023
275,669,19,09-12-2022
275,108,20,13-08-2022
275,329,21,20-11-2022
275,261,22,09-07-2022
275,640,23,20-01-2023
275,226,24,24-08-2022
784,86,1,31-05-2023
784,178,2,24-05-2023
784,649,3,26-06-2023
784,895,4,08-05-2023
784,668,5,06-05-2023
784,764,6,26-09-2023
784,274,7,29-10-2023
784,0,8,03-03-2023
784,963,9,18-03-2023
784,432,10,30-01-2024
784,962,11,12-10-2023
784,983,12,08-11-2023
784,833,13,22-09-2023
784,461,14,12-12-2023
784,346,15,19-07-2023
784,864,16,23-11-2023
784,67,17,19-03-2023
784,440,18,06-12-2023
784,612,19,12-03-2023
784,656,20,24-10-2023
784,94,21,03-07-2023
784,451,22,25-06-2023
784,652,23,05-07-2023
784,72,24,05-12-2023
784,291,25,18-01-2024
784,678,26,14-10-2023
784,588,27,23-10-2023
784,936,28,10-02-2024
784,209,29,16-02-2023
821,868,1,15-10-2024
821,950,2,24-05-2024
821,618,3,22-08-2024
821,663,4,31-12-2023
821,509,5,28-01-2024
821,700,6,19-10-2024
821,797,7,09-08-2024
821,192,8,02-09-2024
821,776,9,19-08-2024
821,728,10,26-08-2024
821,132,11,12-06-2024
821,706,12,05-02-2024
821,811,13,13-11-2024
821,357,14,09-11-2024
821,277,15,17-03-2024
821,655,16,17-09-2024
821,717,17,19-08-2024
821,582,18,13-05-2024
821,916,19,23-05-2024
821,764,20,22-03-2024
821,390,21,22-04-2024
821,350,22,06-03-2024
821,418,23,16-03-2024
821,176,24,17-07-2024
821,699,25,21-11-2024
821,883,26,12-05-2024
928,468,1,01-12-2022
928,518,2,10-04-2022
928,198,3,25-03-2022
928,458,4,31-10-2022
928,315,5,18-07-2022
928,272,6,15-06-2022
928,667,7,12-01-2023
928,864,8,27-10-2022
928,719,9,27-10-2022
928,690,10,29-11-2022
928,513,11,20-03-2022
928,576,12,01-02-2023
928,271,13,13-12-2022
928,400,14,17-01-2023
928,740,15,12-08-2022
928,739,16,22-09-2022
928,775,17,20-09-2022
497,461,1,27-09-2021
497,127,2,13-06-2021
497,978,3,23-04-2022
497,889,4,06-10-2021
497,182,5,08-03-2022
497,977,6,18-07-2021
497,652,7,24-05-2022
497,657,8,27-01-2022
497,701,9,17-04-2022
497,236,10,22-07-2021
497,167,11,19-02-2022
497,836,12,07-08-2021
497,445,13,09-07-2021
497,329,14,30-11-2021
497,200,15,10-10-2021
497,765,16,25-07-2021
497,521,17,09-02-2022
497,185,18,04-06-2021
497,434,19,07-08-2021
497,868,20,21-07-2021
497,769,21,24-04-2022
497,849,22,05-09-2021
497,188,23,07-11-2021
166,398,1,14-09-2022
166,183,2,08-10-2022
166,462,3,07-07-2022
166,513,4,01-03-2023
166,23,5,03-01-2023
166,36,6,02-07-2022
166,582,7,14-06-2022
166,856,8,08-08-2022
166,378,9,18-03-2023
166,129,10,18-02-2023
166,434,11,21-09-2022
166,723,12,29-01-2023
166,657,13,06-10-2022
166,290,14,11-05-2022
166,569,15,19-09-2022
166,238,16,14-04-2022
166,660,17,05-05-2022
166,99,18,09-06-2022
166,553,19,04-12-2022
166,964,20,07-12-2022
166,576,21,16-02-2023
166,497,22,26-02-2023
166,627,23,18-09-2022
166,944,24,10-06-2022
166,826,25,07-12-2022
166,848,26,27-02-2023
166,443,27,09-06-2022
166,217,28,03-06-2022
166,793,29,14-06-2022
166,827,30,10-08-2022
166,344,31,08-08-2022
166,965,32,22-01-2023
166,551,33,29-04-2022
166,949,34,16-04-2022
166,976,35,02-03-2023
166,428,36,18-09-2022
166,278,37,31-08-2022
166,697,38,29-04-2022
166,380,39,18-06-2022
166,764,40,03-08-2022
604,257,1,25-12-2022
604,728,2,05-06-2023
604,160,3,06-04-2023
604,637,4,27-04-2023
604,100,5,15-07-2022
604,5,6,19-11-2022
604,833,7,02-02-2023
604,264,8,24-07-2022
604,203,9,23-06-2022
604,329,10,01-05-2023
604,374,11,28-01-2023
604,407,12,20-07-2022
604,57,13,14-09-2022
604,972,14,17-05-2023
604,526,15,27-07-2022
604,827,16,03-12-2022
79,584,1,16-12-2023
79,516,2,16-03-2024
79,133,3,28-01-2024
79,398,4,04-07-2023
79,431,5,26-07-2023
79,379,6,25-06-2023
79,181,7,26-04-2023
79,999,8,12-11-2023
79,571,9,13-08-2023
79,553,10,06-12-2023
79,341,11,27-04-2023
79,986,12,05-09-2023
79,148,13,30-08-2023
79,656,14,13-02-2024
79,939,15,22-07-2023
79,671,16,04-10-2023
79,895,17,19-09-2023
79,49,18,01-04-2023
79,165,19,23-02-2024
79,381,20,08-04-2023
79,432,21,25-05-2023
79,737,22,11-02-2024
79,337,23,29-01-2024
79,291,24,20-01-2024
79,474,25,02-12-2023
79,847,26,29-02-2024
79,342,27,28-06-2023
79,898,28,09-02-2024
79,725,29,16-07-2023
79,451,30,27-01-2024
79,654,31,16-01-2024
79,238,32,26-02-2024
79,496,33,13-04-2023
79,799,34,02-11-2023
79,947,35,20-01-2024
79,331,36,26-01-2024
79,864,37,01-04-2023
79,550,38,03-08-2023
79,103,39,13-02-2024
79,243,40,17-07-2023
79,842,41,20-04-2023
79,965,42,25-04-2023
79,828,43,06-08-2023
79,453,44,10-05-2023
79,572,45,11-02-2024
719,819,1,08-12-2022
719,380,2,18-07-2022
719,572,3,02-08-2022
719,775,4,25-05-2023
719,6,5,07-06-2023
719,910,6,04-10-2022
719,405,7,15-12-2022
719,366,8,19-05-2023
719,612,9,10-05-2023
719,995,10,20-09-2022
719,7,11,12-10-2022
719,39,12,27-11-2022
719,447,13,02-02-2023
719,138,14,10-01-2023
719,953,15,19-06-2023
719,725,16,02-10-2022
719,999,17,08-10-2022
719,408,18,05-08-2022
719,65,19,27-12-2022
719,838,20,12-08-2022
719,183,21,09-03-2023
719,61,22,29-04-2023
719,51,23,16-01-2023
690,739,1,14-10-2024
690,99,2,08-01-2025
690,787,3,21-03-2025
690,626,4,14-03-2025
690,335,5,25-10-2024
690,316,6,10-10-2025
690,667,7,11-11-2024
690,359,8,12-12-2024
690,663,9,09-10-2025
690,115,10,26-01-2025
690,809,11,24-10-2024
690,861,12,02-11-2024
690,979,13,29-01-2025
690,311,14,27-08-2025
690,239,15,19-03-2025
690,815,16,20-11-2024
550,454,1,03-08-2022
550,969,2,21-07-2022
550,822,3,13-03-2023
550,741,4,08-07-2022
550,764,5,10-08-2022
550,212,6,29-05-2022
550,117,7,13-05-2022
550,588,8,15-02-2023
550,798,9,29-04-2022
550,787,10,03-10-2022
550,348,11,16-04-2022
550,375,12,13-02-2023
550,271,13,13-01-2023
482,381,1,12-11-2023
482,791,2,13-03-2023
482,861,3,23-04-2023
482,842,4,07-10-2023
482,618,5,26-12-2022
482,805,6,11-01-2023
482,740,7,04-09-2023
482,617,8,14-01-2023
482,481,9,12-05-2023
482,922,10,09-03-2023
482,440,11,09-02-2023
691,311,1,05-01-2025
691,384,2,15-04-2025
691,188,3,13-05-2025
691,728,4,02-03-2025
691,848,5,12-12-2024
691,83,6,16-03-2025
691,681,7,14-02-2025
691,17,8,11-06-2025
691,418,9,16-02-2025
691,645,10,04-02-2025
691,101,11,10-06-2025
691,309,12,19-11-2024
691,414,13,05-06-2025
691,506,14,24-03-2025
691,90,15,12-08-2024
691,553,16,07-01-2025
691,394,17,07-05-2025
691,72,18,16-12-2024
691,45,19,09-10-2024
691,245,20,21-01-2025
691,417,21,19-05-2025
691,155,22,30-01-2025
691,994,23,25-06-2025
691,729,24,26-07-2024
691,199,25,27-02-2025
691,796,26,06-06-2025
691,368,27,12-09-2024
691,810,28,09-03-2025
691,997,29,10-04-2025
691,398,30,23-01-2025
691,956,31,26-07-2024
691,85,32,18-09-2024
955,357,1,15-05-2024
955,713,2,14-10-2024
955,45,3,11-01-2024
955,916,4,17-08-2024
955,697,5,26-10-2024
955,454,6,27-04-2024
955,999,7,23-09-2024
955,654,8,29-06-2024
955,299,9,30-04-2024
955,221,10,16-07-2024
955,903,11,01-06-2024
955,440,12,17-06-2024
955,341,13,14-01-2024
955,944,14,07-01-2024
955,394,15,17-04-2024
955,734,16,04-06-2024
955,828,17,20-11-2023
955,123,18,04-10-2024
25,707,1,16-01-2023
25,80,2,21-10-2023
25,6,3,15-04-2023
25,122,4,30-11-2022
25,982,5,29-01-2023
25,380,6,17-02-2023
25,497,7,25-05-2023
25,221,8,10-05-2023
25,182,9,19-07-2023
25,898,10,02-07-2023
25,137,11,23-02-2023
25,605,12,13-06-2023
25,342,13,06-11-2022
25,576,14,15-05-2023
25,582,15,01-08-2023
25,720,16,06-03-2023
25,729,17,26-08-2023
25,697,18,29-12-2022
25,496,19,30-10-2022
25,161,20,23-10-2023
25,314,21,24-09-2023
25,205,22,20-10-2023
25,378,23,18-04-2023
25,903,24,30-06-2023
25,692,25,24-01-2023
25,413,26,19-01-2023
25,516,27,02-11-2022
25,419,28,12-10-2023
25,257,29,06-12-2022
25,249,30,15-09-2023
25,457,31,25-08-2023
25,394,32,11-01-2023
25,726,33,06-02-2023
25,572,34,18-03-2023
25,430,35,29-01-2023
89,828,1,31-07-2021
89,645,2,03-06-2021
89,271,3,01-08-2021
89,796,4,28-03-2021
89,769,5,18-01-2021
89,198,6,10-07-2021
89,903,7,04-11-2021
89,115,8,23-02-2021
89,972,9,04-08-2021
89,85,10,11-02-2021
89,211,11,15-12-2021
89,969,12,18-08-2021
89,336,13,18-08-2021
89,178,14,01-07-2021
89,418,15,21-05-2021
89,238,16,15-10-2021
89,618,17,05-12-2021
89,97,18,03-12-2021
89,612,19,18-11-2021
89,518,20,23-03-2021
89,574,21,16-06-2021
89,719,22,30-11-2021
89,134,23,23-02-2021
651,836,1,30-12-2022
651,883,2,18-12-2022
651,110,3,24-01-2023
651,384,4,06-12-2022
651,895,5,08-02-2023
651,205,6,18-07-2022
651,845,7,03-05-2023
651,90,8,12-11-2022
651,199,9,23-11-2022
651,63,10,13-11-2022
651,541,11,16-10-2022
651,100,12,29-08-2022
651,319,13,11-11-2022
651,928,14,30-11-2022
651,508,15,23-03-2023
651,221,16,04-09-2022
651,58,17,18-09-2022
651,165,18,11-02-2023
651,143,19,31-12-2022
651,363,20,05-09-2022
74,957,1,13-07-2023
74,473,2,11-04-2023
74,432,3,07-06-2023
74,6,4,10-07-2023
74,374,5,21-05-2023
74,110,6,15-12-2022
74,399,7,28-12-2022
74,991,8,01-01-2023
74,842,9,13-05-2023
658,895,1,22-06-2023
658,499,2,25-09-2023
658,964,3,06-12-2023
658,197,4,18-03-2024
658,705,5,22-06-2023
658,437,6,03-04-2024
658,140,7,09-01-2024
658,568,8,06-07-2023
658,583,9,02-04-2024
658,476,10,27-11-2023
658,776,11,13-07-2023
658,181,12,13-07-2023
658,626,13,18-04-2024
658,249,14,04-04-2024
658,494,15,09-04-2024
658,278,16,09-08-2023
658,377,17,10-07-2023
658,90,18,07-01-2024
658,205,19,30-04-2024
658,787,20,05-07-2023
658,508,21,09-03-2024
658,910,22,24-01-2024
658,310,23,27-12-2023
658,314,24,13-06-2023
658,32,25,29-09-2023
658,865,26,29-05-2023
658,289,27,18-02-2024
658,300,28,06-05-2024
658,556,29,05-07-2023
658,630,30,17-01-2024
658,857,31,26-07-2023
658,212,32,23-01-2024
658,829,33,03-08-2023
658,798,34,01-08-2023
658,822,35,05-12-2023
658,221,36,27-11-2023
658,14,37,27-10-2023
658,115,38,16-04-2024
658,343,39,16-06-2023
667,770,1,21-01-2023
667,81,2,22-11-2022
667,964,3,01-07-2023
667,711,4,31-03-2023
667,792,5,07-05-2023
667,657,6,22-08-2023
667,743,7,29-11-2022
667,162,8,10-12-2022
667,129,9,17-10-2022
667,794,10,08-03-2023
667,638,11,25-07-2023
667,366,12,10-05-2023
667,652,13,10-03-2023
667,394,14,04-01-2023
667,180,15,20-03-2023
667,117,16,27-11-2022
157,579,1,21-10-2023
157,956,2,26-03-2023
157,107,3,28-10-2023
157,176,4,30-10-2023
157,280,5,27-01-2023
157,944,6,03-03-2023
157,439,7,09-03-2023
157,449,8,28-11-2023
157,746,9,11-08-2023
157,183,10,17-10-2023
157,782,11,19-05-2023
157,203,12,19-07-2023
157,169,13,19-04-2023
157,936,14,07-02-2023
157,76,15,09-12-2022
157,370,16,03-04-2023
157,301,17,11-07-2023
157,6,18,04-12-2023
157,132,19,16-01-2023
157,771,20,10-06-2023
157,643,21,30-12-2022
157,434,22,28-08-2023
157,215,23,15-05-2023
157,471,24,25-07-2023
157,400,25,13-04-2023
157,833,26,25-12-2022
157,248,27,11-04-2023
157,361,28,18-02-2023
157,815,29,15-02-2023
286,682,1,10-04-2025
286,834,2,22-08-2024
286,845,3,27-07-2025
286,331,4,07-11-2024
286,236,5,12-03-2025
286,574,6,24-12-2024
286,828,7,09-08-2024
286,914,8,18-07-2025
286,147,9,20-06-2025
286,979,10,27-04-2025
286,991,11,25-05-2025
286,458,12,03-08-2024
286,83,13,29-09-2024
286,897,14,23-04-2025
286,634,15,31-10-2024
286,754,16,16-10-2024
286,983,17,09-07-2025
286,737,18,20-04-2025
286,710,19,11-05-2025
286,311,20,09-07-2025
286,761,21,27-06-2025
286,862,22,25-07-2025
286,77,23,02-04-2025
286,176,24,20-06-2025
286,963,25,29-11-2024
428,491,1,16-09-2023
428,811,2,12-05-2023
428,172,3,18-11-2022
428,661,4,05-05-2023
428,649,5,26-11-2022
428,674,6,07-03-2023
428,663,7,25-04-2023
428,656,8,22-08-2023
428,206,9,16-10-2022
428,153,10,12-12-2022
428,499,11,20-05-2023
428,772,12,03-02-2023
428,355,13,03-09-2023
428,385,14,20-10-2022
428,701,15,01-12-2022
428,819,16,31-08-2023
428,430,17,08-12-2022
428,274,18,23-05-2023
428,278,19,16-10-2022
428,181,20,03-02-2023
428,750,21,17-05-2023
428,129,22,18-05-2023
428,743,23,07-02-2023
428,833,24,02-03-2023
428,707,25,21-05-2023
428,550,26,04-11-2022
428,380,27,15-10-2022
428,303,28,28-11-2022
428,664,29,09-04-2023
428,903,30,30-04-2023
428,949,31,17-06-2023
428,976,32,11-03-2023
428,205,33,11-02-2023
428,74,34,02-12-2022
428,147,35,18-04-2023
428,256,36,20-12-2022
428,720,37,02-01-2023
428,956,38,24-09-2023
428,915,39,25-12-2022
428,103,40,09-04-2023
825,69,1,01-11-2024
825,582,2,08-05-2024
825,366,3,10-09-2024
825,199,4,05-11-2024
825,930,5,18-02-2025
825,359,6,21-12-2024
825,342,7,05-10-2024
825,162,8,26-04-2024
825,72,9,17-02-2025
825,288,10,01-08-2024
825,52,11,02-02-2025
825,857,12,15-09-2024
825,311,13,19-11-2024
825,36,14,01-04-2024
825,862,15,07-11-2024
825,953,16,20-03-2024
825,583,17,09-08-2024
825,290,18,25-03-2024
825,513,19,11-02-2025
825,185,20,05-01-2025
825,7,21,19-04-2024
825,334,22,06-12-2024
825,85,23,20-12-2024
825,274,24,21-05-2024
825,129,25,09-02-2025
825,799,26,29-06-2024
825,931,27,20-09-2024
552,261,1,17-10-2024
552,162,2,13-01-2025
552,366,3,19-06-2025
552,83,4,05-07-2025
552,922,5,17-01-2025
552,379,6,02-10-2024
552,36,7,08-05-2025
552,381,8,08-01-2025
552,183,9,26-06-2025
552,361,10,25-10-2024
552,291,11,07-02-2025
552,832,12,06-06-2025
552,526,13,18-03-2025
552,481,14,22-09-2024
552,201,15,20-12-2024
552,161,16,22-11-2024
552,572,17,09-03-2025
552,781,18,28-09-2024
552,518,19,08-09-2024
552,483,20,14-11-2024
645,778,1,13-05-2024
645,60,2,27-08-2024
645,914,3,15-07-2024
645,791,4,05-04-2024
645,868,5,26-08-2024
645,409,6,03-10-2024
645,626,7,04-08-2024
645,678,8,04-11-2024
645,572,9,05-01-2024
645,720,10,03-05-2024
645,553,11,23-04-2024
645,597,12,16-08-2024
645,925,13,19-12-2023
645,418,14,27-01-2024
645,730,15,19-08-2024
645,995,16,05-01-2024
645,15,17,28-06-2024
645,364,18,27-10-2024
645,289,19,26-04-2024
645,0,20,11-03-2024
645,731,21,14-02-2024
645,619,22,06-02-2024
645,342,23,04-02-2024
645,930,24,28-09-2024
645,387,25,09-07-2024
645,155,26,29-04-2024
645,928,27,30-08-2024
645,499,28,03-09-2024
645,775,29,06-02-2024
645,830,30,22-07-2024
645,72,31,20-06-2024
645,827,32,20-07-2024
645,310,33,11-05-2024
645,188,34,07-03-2024
645,700,35,09-12-2023
645,434,36,05-08-2024
645,965,37,14-07-2024
645,697,38,28-07-2024
645,408,39,13-02-2024
645,681,40,17-12-2023
645,838,41,20-01-2024
645,842,42,15-07-2024
645,266,43,11-06-2024
672,256,1,22-04-2022
672,700,2,02-09-2022
672,681,3,29-03-2022
672,572,4,19-07-2022
672,143,5,14-03-2022
672,473,6,24-12-2022
672,496,7,13-06-2022
672,660,8,14-03-2022
672,316,9,23-06-2022
672,987,10,05-06-2022
672,739,11,18-11-2022
672,553,12,16-11-2022
672,631,13,17-08-2022
672,911,14,28-09-2022
672,720,15,17-04-2022
672,677,16,27-01-2023
672,85,17,24-09-2022
672,469,18,25-02-2023
672,3,19,14-04-2022
672,728,20,13-12-2022
672,470,21,11-06-2022
672,766,22,22-02-2023
672,582,23,30-11-2022
672,653,24,09-03-2022
672,520,25,14-04-2022
672,901,26,22-02-2023
672,371,27,11-11-2022
672,278,28,18-05-2022
672,842,29,14-04-2022
672,206,30,17-02-2023
672,434,31,26-11-2022
672,862,32,06-10-2022
672,466,33,06-05-2022
672,91,34,29-08-2022
672,267,35,01-04-2022
672,921,36,03-12-2022
672,275,37,05-10-2022
672,180,38,19-02-2023
672,457,39,29-12-2022
672,410,40,26-04-2022
672,997,41,22-05-2022
672,34,42,13-09-2022
672,329,43,19-09-2022
672,627,44,16-03-2022
672,176,45,11-10-2022
672,265,46,12-09-2022
672,192,47,24-01-2023
672,101,48,29-10-2022
672,57,49,28-11-2022
112,614,1,09-12-2024
112,765,2,18-09-2024
112,210,3,26-04-2024
112,618,4,08-01-2025
112,648,5,01-01-2025
112,808,6,03-04-2024
112,63,7,24-04-2024
112,353,8,08-06-2024
112,782,9,20-10-2024
112,893,10,30-06-2024
112,357,11,17-05-2024
112,742,12,01-10-2024
112,206,13,08-06-2024
112,157,14,08-05-2024
112,584,15,08-07-2024
112,325,16,26-04-2024
112,707,17,25-02-2024
112,119,18,13-05-2024
112,857,19,29-04-2024
112,686,20,25-08-2024
112,200,21,30-04-2024
112,243,22,12-01-2025
112,949,23,14-02-2025
112,249,24,19-09-2024
112,132,25,18-04-2024
112,385,26,02-10-2024
112,7,27,17-10-2024
112,203,28,03-06-2024
112,266,29,06-06-2024
112,762,30,24-08-2024
112,235,31,11-06-2024
112,657,32,07-03-2024
112,204,33,01-02-2025
112,440,34,20-05-2024
112,100,35,08-12-2024
112,885,36,16-01-2025
112,469,37,25-09-2024
112,733,38,08-04-2024
112,420,39,11-01-2025
112,625,40,12-05-2024
112,801,41,19-04-2024
112,939,42,22-11-2024
112,697,43,02-02-2025
112,301,44,05-05-2024
112,49,45,02-05-2024
112,903,46,22-08-2024
357,959,1,17-02-2022
357,842,2,14-03-2022
357,483,3,15-05-2022
357,755,4,05-02-2022
357,639,5,17-01-2022
357,829,6,27-11-2021
357,680,7,18-11-2021
357,290,8,23-01-2022
357,845,9,04-03-2022
357,649,10,29-12-2021
357,199,11,09-11-2021
357,584,12,01-12-2021
357,117,13,22-01-2022
357,497,14,11-01-2022
357,370,15,07-04-2022
357,827,16,02-06-2022
357,266,17,28-05-2022
357,218,18,13-07-2022
357,833,19,15-04-2022
357,499,20,28-04-2022
357,953,21,01-03-2022
357,999,22,29-03-2022
357,910,23,22-09-2021
357,655,24,03-06-2022
357,820,25,21-11-2021
357,287,26,28-09-2021
357,868,27,15-03-2022
357,325,28,03-10-2021
357,764,29,30-07-2021
357,949,30,14-04-2022
357,167,31,16-10-2021
357,848,32,08-09-2021
357,289,33,10-12-2021
357,110,34,17-09-2021
357,972,35,03-06-2022
357,214,36,16-02-2022
357,98,37,30-09-2021
357,970,38,21-03-2022
357,329,39,16-03-2022
357,308,40,26-01-2022
357,978,41,08-09-2021
357,787,42,10-02-2022
357,545,43,12-09-2021
319,382,1,17-12-2022
319,90,2,06-01-2023
319,199,3,08-07-2023
319,95,4,31-03-2023
319,390,5,04-02-2023
319,393,6,28-03-2023
319,971,7,30-06-2023
319,383,8,11-09-2022
319,690,9,15-11-2022
319,114,10,09-02-2023
319,134,11,09-03-2023
319,217,12,21-09-2022
319,422,13,16-03-2023
319,978,14,28-09-2022
319,167,15,13-08-2023
319,284,16,18-06-2023
319,31,17,18-09-2022
319,261,18,15-03-2023
408,812,1,22-07-2023
408,328,2,13-04-2024
408,771,3,12-05-2024
408,310,4,22-07-2023
408,398,5,31-08-2023
408,626,6,09-03-2024
408,270,7,23-11-2023
408,810,8,22-10-2023
408,461,9,04-10-2023
408,77,10,22-02-2024
408,574,11,06-04-2024
408,343,12,23-04-2024
408,512,13,29-09-2023
408,582,14,01-09-2023
408,274,15,19-12-2023
408,337,16,03-05-2024
408,956,17,18-02-2024
408,735,18,12-12-2023
408,213,19,20-02-2024
408,210,20,05-07-2023
408,619,21,03-05-2024
408,933,22,10-08-2023
408,576,23,30-03-2024
408,329,24,02-06-2024
408,969,25,28-11-2023
408,341,26,10-08-2023
408,752,27,27-01-2024
408,722,28,15-01-2024
408,353,29,30-11-2023
408,637,30,03-02-2024
408,977,31,28-11-2023
408,473,32,03-08-2023
408,960,33,09-02-2024
408,605,34,15-05-2024
408,758,35,27-10-2023
115,335,1,19-12-2022
115,468,2,03-01-2023
115,741,3,26-05-2022
115,950,4,30-01-2023
115,846,5,10-07-2022
115,134,6,19-10-2022
115,80,7,08-09-2022
115,744,8,23-02-2023
115,965,9,19-05-2022
905,856,1,31-07-2021
905,134,2,12-08-2021
905,930,3,27-12-2021
905,542,4,19-03-2022
905,845,5,07-07-2021
905,765,6,03-11-2021
905,329,7,11-07-2021
905,758,8,24-01-2022
905,330,9,04-07-2021
905,795,10,08-02-2022
905,270,11,18-10-2021
905,274,12,19-04-2021
905,684,13,13-10-2021
905,706,14,19-07-2021
905,727,15,25-08-2021
905,605,16,27-11-2021
905,180,17,28-09-2021
905,627,18,07-01-2022
905,6,19,01-03-2022
905,976,20,02-03-2022
905,512,21,25-01-2022
905,977,22,23-01-2022
905,333,23,26-06-2021
905,745,24,06-11-2021
905,342,25,02-12-2021
905,898,26,22-09-2021
905,99,27,25-07-2021
905,832,28,19-09-2021
905,241,29,03-11-2021
905,707,30,02-11-2021
905,576,31,11-02-2022
905,717,32,14-06-2021
905,264,33,25-06-2021
905,387,34,15-06-2021
905,626,35,16-10-2021
905,830,36,01-06-2021
905,440,37,02-04-2021
905,61,38,20-06-2021
905,417,39,08-10-2021
13,645,1,28-08-2023
13,903,2,05-09-2023
13,284,3,08-09-2023
13,448,4,16-05-2023
13,933,5,22-10-2023
13,470,6,17-06-2023
13,197,7,07-03-2023
13,85,8,17-03-2023
13,810,9,19-11-2023
13,580,10,04-04-2023
13,742,11,02-01-2023
13,81,12,27-09-2023
13,457,13,02-12-2022
13,355,14,09-01-2023
13,706,15,06-06-2023
13,805,16,30-11-2022
13,379,17,21-01-2023
13,686,18,12-05-2023
13,235,19,26-03-2023
13,390,20,31-07-2023
13,365,21,19-06-2023
13,278,22,19-03-2023
13,99,23,21-07-2023
13,634,24,17-01-2023
13,389,25,08-02-2023
13,830,26,12-05-2023
13,108,27,11-01-2023
113,618,1,21-08-2021
113,265,2,14-10-2021
113,32,3,17-10-2021
113,769,4,16-08-2021
113,134,5,10-04-2022
113,430,6,02-02-2022
113,931,7,14-02-2022
113,180,8,07-07-2021
113,925,9,10-08-2021
113,110,10,09-03-2022
113,100,11,09-02-2022
113,883,12,24-08-2021
113,366,13,05-03-2022
113,245,14,27-10-2021
113,378,15,29-09-2021
113,173,16,27-12-2021
113,727,17,13-08-2021
113,31,18,09-12-2021
113,551,19,21-06-2021
113,149,20,09-06-2021
113,601,21,29-07-2021
113,731,22,22-05-2021
113,261,23,22-01-2022
113,576,24,04-09-2021
113,456,25,22-01-2022
113,315,26,02-06-2021
113,95,27,04-10-2021
113,856,28,15-01-2022
113,697,29,23-09-2021
113,395,30,04-03-2022
113,447,31,19-12-2021
113,828,32,23-07-2021
113,737,33,03-06-2021
276,284,1,16-05-2022
276,422,2,12-04-2022
276,669,3,16-05-2022
276,212,4,27-05-2022
276,994,5,06-12-2021
276,826,6,16-10-2021
276,770,7,19-09-2021
276,597,8,28-03-2022
276,722,9,10-11-2021
276,705,10,03-06-2022
276,510,11,05-12-2021
276,848,12,08-11-2021
276,110,13,20-12-2021
276,174,14,30-08-2022
276,45,15,17-08-2022
276,100,16,30-05-2022
276,210,17,07-04-2022
276,813,18,14-04-2022
276,189,19,10-08-2022
276,978,20,29-07-2022
276,922,21,19-01-2022
276,384,22,22-09-2021
276,301,23,18-01-2022
276,1000,24,13-06-2022
276,366,25,01-01-2022
276,363,26,02-06-2022
276,833,27,31-07-2022
276,505,28,24-11-2021
276,281,29,23-10-2021
276,483,30,09-03-2022
276,526,31,22-03-2022
276,657,32,30-04-2022
276,991,33,31-05-2022
276,153,34,31-03-2022
276,454,35,23-09-2021
276,432,36,05-11-2021
276,960,37,25-04-2022
276,373,38,04-10-2021
276,370,39,31-08-2022
276,316,40,20-05-2022
276,397,41,16-10-2021
276,754,42,04-12-2021
276,357,43,08-09-2022
276,827,44,07-10-2021
276,60,45,01-07-2022
276,927,46,15-05-2022
276,764,47,17-04-2022
884,314,1,25-05-2025
884,835,2,29-06-2025
884,104,3,14-12-2024
884,362,4,19-04-2025
884,640,5,10-08-2025
884,278,6,09-03-2025
884,681,7,15-10-2025
884,422,8,13-04-2025
884,234,9,07-08-2025
884,481,10,14-08-2025
884,832,11,15-12-2024
884,778,12,06-03-2025
884,999,13,04-03-2025
884,97,14,28-11-2025
884,398,15,02-05-2025
997,129,1,04-08-2024
997,6,2,07-01-2025
997,744,3,31-12-2024
997,201,4,24-02-2025
997,166,5,16-07-2024
997,286,6,22-12-2024
997,160,7,26-04-2025
997,862,8,13-08-2024
997,764,9,04-02-2025
997,185,10,30-12-2024
997,417,11,27-08-2024
997,667,12,12-08-2024
997,152,13,08-06-2024
997,99,14,05-03-2025
997,49,15,07-02-2025
997,600,16,02-06-2024
997,142,17,25-02-2025
997,188,18,25-03-2025
997,963,19,25-10-2024
997,739,20,02-08-2024
997,418,21,15-09-2024
997,935,22,05-09-2024
312,409,1,01-02-2022
312,817,2,29-01-2022
312,32,3,10-10-2021
312,897,4,07-04-2021
312,228,5,30-09-2021
312,842,6,12-04-2021
312,584,7,13-01-2022
312,111,8,10-07-2021
312,377,9,26-03-2021
312,571,10,11-08-2021
312,214,11,16-02-2022
312,440,12,14-10-2021
312,210,13,23-06-2021
312,911,14,26-05-2021
312,394,15,05-06-2021
312,417,16,10-04-2021
496,261,1,22-01-2022
496,492,2,03-10-2021
496,723,3,16-09-2021
496,208,4,04-08-2021
496,304,5,26-10-2021
496,806,6,20-12-2021
496,700,7,31-07-2021
496,953,8,19-03-2022
496,681,9,14-10-2021
496,935,10,08-12-2021
496,363,11,15-12-2021
496,7,12,10-12-2021
496,103,13,17-01-2022
229,625,1,04-06-2023
229,834,2,30-11-2023
229,1000,3,28-08-2023
229,432,4,17-11-2023
229,57,5,24-09-2023
229,932,6,20-07-2023
229,430,7,16-01-2023
229,654,8,05-10-2023
229,458,9,12-01-2023
229,257,10,21-05-2023
229,45,11,18-06-2023
229,863,12,29-05-2023
229,513,13,04-09-2023
229,474,14,13-03-2023
713,829,1,06-03-2023
713,766,2,12-01-2023
713,584,3,06-02-2023
713,284,4,31-10-2022
713,907,5,20-08-2022
713,372,6,10-04-2023
713,787,7,04-02-2023
713,261,8,23-05-2023
713,521,9,24-04-2023
713,750,10,16-06-2023
713,140,11,14-08-2022
713,451,12,13-03-2023
713,834,13,09-09-2022
713,668,14,22-07-2023
713,343,15,14-10-2022
713,614,16,12-12-2022
713,531,17,22-05-2023
713,761,18,10-01-2023
713,908,19,19-09-2022
713,772,20,05-09-2022
713,123,21,10-05-2023
713,625,22,16-01-2023
713,723,23,15-02-2023
713,457,24,01-05-2023
713,600,25,18-10-2022
713,999,26,11-08-2022
713,927,27,28-10-2022
713,717,28,26-03-2023
713,166,29,03-07-2023
713,978,30,25-09-2022
713,652,31,26-11-2022
713,580,32,31-07-2023
713,341,33,12-12-2022
713,713,34,05-01-2023
713,221,35,19-04-2023
713,329,36,12-08-2022
713,782,37,20-03-2023
713,711,38,15-02-2023
713,155,39,20-10-2022
713,6,40,04-08-2023
713,208,41,09-07-2023
713,872,42,15-11-2022
713,225,43,30-03-2023
713,720,44,09-09-2022
713,534,45,09-09-2022
713,420,46,13-03-2023
713,837,47,30-01-2023
713,203,48,17-05-2023
215,656,1,16-12-2023
215,462,2,09-11-2023
215,380,3,30-11-2023
215,328,4,06-08-2024
215,557,5,23-11-2023
215,129,6,25-08-2023
215,490,7,22-08-2023
215,551,8,02-12-2023
215,997,9,15-01-2024
215,734,10,19-07-2024
215,707,11,09-04-2024
215,362,12,12-09-2023
215,161,13,13-12-2023
215,72,14,14-03-2024
215,652,15,24-11-2023
215,861,16,19-08-2023
215,749,17,05-06-2024
215,188,18,11-07-2024
215,506,19,10-07-2024
215,319,20,02-09-2023
215,700,21,30-11-2023
739,722,1,07-11-2021
739,454,2,21-03-2021
739,353,3,17-05-2021
739,265,4,22-07-2021
739,213,5,12-08-2021
739,680,6,16-12-2021
739,342,7,19-09-2021
739,956,8,08-01-2022
739,933,9,01-02-2022
739,65,10,22-01-2022
739,319,11,28-09-2021
739,337,12,13-09-2021
739,921,13,01-02-2022
739,284,14,26-07-2021
739,889,15,21-07-2021
739,879,16,03-06-2021
739,110,17,09-04-2021
739,499,18,29-01-2022
739,686,19,15-09-2021
739,405,20,13-02-2022
739,359,21,28-02-2021
739,7,22,16-07-2021
739,467,23,05-03-2021
739,735,24,06-04-2021
739,740,25,22-01-2022
739,430,26,31-12-2021
739,898,27,08-05-2021
739,160,28,05-01-2022
739,594,29,25-09-2021
739,556,30,22-06-2021
739,331,31,29-01-2022
739,422,32,01-03-2021
739,778,33,14-11-2021
739,715,34,01-05-2021
739,81,35,10-12-2021
739,836,36,16-12-2021
739,106,37,16-05-2021
739,965,38,10-11-2021
739,961,39,06-04-2021
739,504,40,28-01-2022
739,762,41,14-06-2021
739,309,42,04-04-2021
305,827,1,07-06-2022
305,176,2,14-04-2022
305,513,3,29-06-2022
305,72,4,03-06-2022
305,812,5,23-12-2021
305,864,6,30-12-2021
305,213,7,08-02-2022
305,617,8,13-04-2022
305,100,9,04-11-2021
305,337,10,19-03-2022
305,241,11,02-03-2022
705,725,1,24-07-2024
705,464,2,12-02-2025
705,128,3,16-02-2025
705,140,4,17-03-2025
705,166,5,28-09-2024
705,928,6,08-10-2024
705,274,7,10-08-2024
705,341,8,17-12-2024
705,524,9,24-11-2024
705,284,10,21-08-2024
705,118,11,09-04-2025
705,516,12,08-01-2025
705,678,13,27-07-2024
705,991,14,15-04-2025
705,353,15,18-07-2024
705,979,16,13-03-2025
705,451,17,01-03-2025
705,671,18,27-02-2025
705,908,19,28-11-2024
705,978,20,01-12-2024
705,399,21,21-02-2025
705,697,22,27-08-2024
705,261,23,22-08-2024
705,885,24,26-01-2025
705,706,25,07-08-2024
705,726,26,25-07-2024
705,923,27,01-01-2025
705,574,28,15-02-2025
705,440,29,22-09-2024
705,764,30,01-04-2025
705,337,31,29-03-2025
705,597,32,30-04-2025
705,458,33,21-06-2024
705,817,34,01-05-2025
705,206,35,22-03-2025
705,976,36,22-02-2025
705,770,37,16-06-2024
705,147,38,31-08-2024
705,95,39,05-03-2025
705,235,40,28-03-2025
705,645,41,11-09-2024
705,794,42,13-12-2024
705,355,43,07-09-2024
705,192,44,09-07-2024
705,551,45,05-02-2025
705,521,46,15-10-2024
705,100,47,18-06-2024
705,460,48,25-07-2024
705,904,49,09-01-2025
705,208,50,14-08-2024
842,222,1,01-06-2023
842,765,2,13-10-2023
842,413,3,08-02-2024
842,284,4,21-06-2023
842,774,5,08-07-2023
842,301,6,14-05-2024
842,162,7,23-11-2023
842,300,8,27-04-2024
842,490,9,27-08-2023
842,94,10,03-11-2023
842,719,11,21-03-2024
842,278,12,19-12-2023
842,758,13,05-12-2023
842,486,14,21-01-2024
842,17,15,21-10-2023
842,43,16,24-08-2023
842,993,17,22-07-2023
259,23,1,21-05-2025
259,390,2,04-11-2024
259,51,3,27-05-2025
259,501,4,03-12-2024
259,864,5,31-05-2025
259,80,6,14-01-2025
259,322,7,21-10-2024
259,108,8,25-07-2025
259,834,9,06-02-2025
259,848,10,01-04-2025
259,617,11,03-06-2025
259,1000,12,09-12-2024
259,205,13,27-03-2025
259,663,14,08-10-2024
259,907,15,10-10-2024
259,4,16,30-11-2024
259,199,17,28-01-2025
259,794,18,02-03-2025
259,737,19,04-01-2025
259,38,20,15-12-2024
259,462,21,23-10-2024
259,335,22,23-07-2025
259,434,23,06-11-2024
259,34,24,15-11-2024
259,828,25,27-11-2024
259,371,26,22-01-2025
259,244,27,20-07-2025
259,682,28,17-11-2024
259,667,29,18-07-2025
259,669,30,14-03-2025
259,829,31,14-10-2024
259,81,32,14-05-2025
259,793,33,06-05-2025
259,304,34,16-02-2025
259,316,35,15-08-2025
259,309,36,23-09-2024
259,972,37,20-11-2024
259,978,38,17-01-2025
259,811,39,22-10-2024
259,394,40,12-05-2025
259,117,41,28-11-2024
259,951,42,16-10-2024
259,348,43,01-05-2025
259,496,44,16-07-2025
34,183,1,06-01-2025
34,162,2,24-02-2025
34,123,3,27-09-2024
34,32,4,26-11-2024
34,77,5,04-10-2024
34,94,6,05-10-2024
34,228,7,03-12-2024
34,730,8,08-02-2025
34,72,9,14-02-2025
34,98,10,20-05-2025
34,908,11,26-03-2025
34,564,12,18-01-2025
34,834,13,18-03-2025
34,796,14,26-03-2025
34,781,15,02-06-2025
34,765,16,23-12-2024
34,610,17,24-06-2025
34,329,18,28-12-2024
34,516,19,30-09-2024
34,310,20,05-01-2025
34,492,21,03-08-2024
34,320,22,18-10-2024
34,331,23,10-01-2025
34,309,24,17-10-2024
34,362,25,23-09-2024
34,833,26,20-01-2025
34,883,27,23-11-2024
34,645,28,30-11-2024
34,861,29,15-04-2025
34,105,30,24-10-2024
34,951,31,23-04-2025
34,827,32,12-08-2024
34,153,33,01-08-2024
34,972,34,15-03-2025
34,678,35,05-01-2025
34,107,36,11-10-2024
34,960,37,03-08-2024
34,238,38,05-06-2025
34,267,39,05-07-2025
34,764,40,01-08-2024
34,80,41,21-08-2024
34,792,42,11-10-2024
34,386,43,19-06-2025
34,778,44,11-12-2024
34,4,45,03-02-2025
34,697,46,04-03-2025
596,997,1,29-03-2025
596,119,2,02-10-2024
596,469,3,21-05-2024
596,188,4,06-06-2024
596,907,5,23-01-2025
596,303,6,20-11-2024
596,700,7,27-12-2024
596,185,8,02-01-2025
596,228,9,02-05-2025
596,508,10,29-11-2024
596,833,11,27-03-2025
596,577,12,15-12-2024
596,329,13,14-03-2025
565,669,1,25-11-2024
565,605,2,08-04-2025
565,726,3,02-11-2024
565,734,4,29-05-2025
565,15,5,12-08-2024
565,982,6,02-03-2025
565,944,7,14-10-2024
565,274,8,05-02-2025
565,925,9,12-07-2024
565,719,10,22-02-2025
565,645,11,10-09-2024
565,331,12,29-10-2024
565,897,13,09-06-2025
565,912,14,26-05-2025
565,446,15,05-01-2025
565,939,16,13-09-2024
565,431,17,24-10-2024
565,169,18,02-01-2025
565,737,19,15-04-2025
565,393,20,14-05-2025
565,386,21,30-09-2024
565,668,22,20-07-2024
565,505,23,04-07-2024
565,362,24,23-01-2025
565,727,25,24-05-2025
565,72,26,27-11-2024
565,711,27,25-10-2024
565,838,28,30-09-2024
565,778,29,22-01-2025
565,796,30,27-11-2024
565,783,31,27-09-2024
244,477,1,26-07-2024
244,348,2,18-05-2024
244,385,3,01-12-2024
244,791,4,23-09-2024
244,94,5,05-07-2024
244,451,6,23-07-2024
352,682,1,12-10-2022
352,271,2,04-02-2023
352,930,3,01-08-2023
352,553,4,20-11-2022
352,162,5,27-03-2023
352,329,6,11-07-2023
352,923,7,25-11-2022
352,718,8,20-04-2023
352,970,9,24-02-2023
957,907,1,27-04-2021
957,357,2,18-05-2021
957,355,3,02-09-2021
957,911,4,20-06-2021
957,358,5,10-08-2021
957,381,6,01-07-2021
957,295,7,12-11-2021
957,655,8,21-05-2021
957,589,9,04-02-2021
957,871,10,21-12-2021
957,820,11,05-05-2021
957,707,12,08-10-2021
957,654,13,08-02-2021
957,166,14,20-09-2021
957,783,15,20-09-2021
957,153,16,19-08-2021
957,127,17,31-08-2021
957,840,18,07-01-2022
957,978,19,08-10-2021
957,32,20,27-08-2021
957,834,21,27-01-2021
957,513,22,02-02-2021
957,185,23,29-05-2021
957,661,24,10-02-2021
957,122,25,01-09-2021
957,956,26,11-09-2021
957,828,27,26-12-2021
957,119,28,06-08-2021
957,470,29,02-06-2021
957,760,30,16-07-2021
957,17,31,04-03-2021
957,842,32,27-01-2021
957,311,33,26-10-2021
533,225,1,20-09-2022
533,81,2,14-08-2022
533,15,3,10-03-2022
533,930,4,22-08-2022
533,364,5,04-12-2021
533,69,6,19-04-2022
533,256,7,29-04-2022
533,987,8,25-06-2022
533,697,9,16-08-2022
533,43,10,25-03-2022
533,671,11,03-02-2022
533,267,12,02-11-2021
533,669,13,16-11-2021
533,151,14,14-08-2022
533,717,15,16-11-2021
533,864,16,14-01-2022
533,774,17,05-02-2022
533,966,18,20-06-2022
533,627,19,18-02-2022
533,458,20,07-02-2022
533,537,21,17-09-2022
533,185,22,20-04-2022
533,7,23,02-03-2022
533,649,24,13-08-2022
533,499,25,21-01-2022
533,572,26,20-06-2022
533,857,27,26-06-2022
533,492,28,08-04-2022
533,384,29,02-06-2022
533,556,30,27-07-2022
533,170,31,30-04-2022
533,729,32,10-11-2021
533,372,33,05-11-2021
533,137,34,22-06-2022
533,207,35,08-02-2022
533,963,36,30-04-2022
533,585,37,28-05-2022
533,355,38,17-08-2022
533,983,39,29-08-2022
533,226,40,15-06-2022
533,719,41,08-04-2022
502,62,1,09-12-2024
502,390,2,28-08-2024
502,775,3,13-03-2024
502,172,4,25-12-2024
502,60,5,23-09-2024
502,4,6,07-10-2024
502,805,7,11-09-2024
502,366,8,04-09-2024
502,521,9,11-07-2024
502,20,10,09-04-2024
502,6,11,08-09-2024
502,733,12,22-04-2024
502,331,13,17-04-2024
502,833,14,29-08-2024
502,686,15,09-07-2024
502,834,16,23-09-2024
502,189,17,05-04-2024
502,633,18,12-06-2024
502,343,19,27-06-2024
502,582,20,03-05-2024
502,513,21,03-07-2024
502,975,22,31-07-2024
502,83,23,13-07-2024
502,144,24,27-09-2024
502,137,25,25-05-2024
502,464,26,10-08-2024
502,185,27,10-11-2024
502,705,28,01-04-2024
502,368,29,07-07-2024
502,727,30,21-04-2024
502,720,31,26-03-2024
502,290,32,04-11-2024
502,401,33,25-06-2024
502,89,34,27-05-2024
502,678,35,22-10-2024
502,330,36,08-10-2024
502,618,37,07-09-2024
502,362,38,22-03-2024
502,61,39,11-06-2024
502,594,40,04-08-2024
502,885,41,06-10-2024
502,316,42,04-12-2024
95,762,1,01-05-2024
95,328,2,09-11-2023
95,133,3,01-10-2024
95,739,4,14-05-2024
95,198,5,15-04-2024
95,407,6,09-04-2024
95,550,7,27-09-2024
95,104,8,27-11-2023
95,291,9,09-06-2024
95,204,10,25-10-2023
95,907,11,10-09-2024
95,386,12,16-02-2024
95,155,13,25-05-2024
95,438,14,04-07-2024
95,765,15,17-03-2024
95,394,16,10-12-2023
95,987,17,30-07-2024
95,994,18,19-04-2024
95,928,19,24-05-2024
95,180,20,18-10-2024
95,568,21,04-08-2024
95,316,22,25-06-2024
95,583,23,03-07-2024
646,346,1,28-04-2021
646,144,2,31-12-2021
646,192,3,08-06-2021
646,267,4,09-10-2021
646,903,5,02-09-2021
646,584,6,22-01-2022
646,45,7,04-09-2021
646,563,8,13-03-2021
646,366,9,21-12-2021
646,947,10,14-07-2021
646,760,11,20-04-2021
646,605,12,25-04-2021
236,944,1,15-07-2025
236,935,2,11-10-2025
236,496,3,21-01-2025
236,165,4,25-04-2025
236,241,5,07-09-2025
236,526,6,02-04-2025
236,799,7,25-06-2025
236,385,8,23-09-2025
236,574,9,12-03-2025
236,846,10,31-08-2025
236,841,11,08-04-2025
236,43,12,16-05-2025
236,914,13,20-06-2025
236,123,14,12-03-2025
236,328,15,09-02-2025
236,653,16,08-12-2024
236,355,17,11-05-2025
236,509,18,11-02-2025
236,783,19,10-11-2025
236,456,20,27-12-2024
236,999,21,18-05-2025
236,146,22,20-08-2025
236,38,23,14-09-2025
236,739,24,11-02-2025
236,90,25,27-06-2025
236,228,26,09-03-2025
236,838,27,31-12-2024
236,341,28,01-11-2025
236,692,29,02-01-2025
236,333,30,01-07-2025
236,851,31,24-04-2025
236,907,32,09-03-2025
236,34,33,06-10-2025
236,959,34,06-10-2025
236,342,35,29-05-2025
236,163,36,14-04-2025
236,440,37,08-06-2025
236,776,38,30-12-2024
236,706,39,20-02-2025
236,521,40,26-01-2025
236,939,41,23-05-2025
236,725,42,26-06-2025
236,409,43,22-10-2025
236,534,44,18-10-2025
236,898,45,01-06-2025
236,177,46,23-07-2025
236,205,47,17-03-2025
236,331,48,04-06-2025
236,724,49,23-08-2025
177,436,1,20-12-2023
177,574,2,14-07-2023
177,183,3,08-04-2023
177,936,4,28-11-2023
177,334,5,10-04-2023
865,4,1,15-12-2024
865,322,2,14-08-2025
865,359,3,06-10-2025
865,991,4,26-03-2025
865,52,5,02-10-2025
865,399,6,09-03-2025
865,398,7,22-12-2024
865,584,8,26-05-2025
865,193,9,08-05-2025
865,638,10,12-11-2025
865,387,11,30-06-2025
865,521,12,31-03-2025
865,835,13,15-09-2025
865,57,14,02-05-2025
865,72,15,08-06-2025
865,965,16,21-10-2025
865,626,17,19-01-2025
865,320,18,16-05-2025
865,447,19,28-10-2025
865,833,20,05-03-2025
865,178,21,23-04-2025
865,357,22,23-09-2025
865,157,23,27-12-2024
865,301,24,09-02-2025
865,959,25,18-05-2025
865,432,26,19-02-2025
692,108,1,18-03-2022
692,471,2,28-01-2022
692,580,3,01-02-2022
692,111,4,28-12-2021
692,734,5,20-04-2022
692,378,6,03-02-2022
692,626,7,23-08-2022
692,798,8,16-09-2021
692,953,9,06-11-2021
692,773,10,24-05-2022
692,377,11,21-04-2022
692,992,12,06-09-2022
692,81,13,29-10-2021
692,633,14,12-07-2022
692,820,15,21-02-2022
692,828,16,05-05-2022
692,836,17,17-05-2022
692,129,18,11-09-2022
692,4,19,20-12-2021
692,574,20,02-10-2021
692,564,21,22-12-2021
240,836,1,01-06-2022
240,834,2,21-05-2022
240,626,3,07-07-2022
240,624,4,08-01-2023
240,91,5,31-12-2022
240,467,6,23-11-2022
240,815,7,27-04-2022
240,108,8,28-10-2022
240,368,9,14-10-2022
240,513,10,11-12-2022
240,986,11,25-12-2022
814,907,1,27-07-2021
814,978,2,26-07-2021
814,497,3,04-01-2022
814,842,4,23-12-2021
814,445,5,02-03-2021
814,649,6,12-03-2021
814,278,7,24-05-2021
814,678,8,28-06-2021
814,436,9,27-05-2021
814,817,10,11-04-2021
814,384,11,10-10-2021
814,776,12,02-10-2021
814,341,13,08-05-2021
814,680,14,27-07-2021
814,363,15,01-01-2022
814,437,16,30-04-2021
814,771,17,09-01-2022
814,764,18,28-02-2021
814,626,19,10-09-2021
814,110,20,17-11-2021
814,980,21,30-08-2021
814,368,22,14-09-2021
814,456,23,24-11-2021
814,833,24,19-09-2021
814,813,25,30-03-2021
814,473,26,15-03-2021
814,957,27,12-03-2021
814,774,28,07-09-2021
814,226,29,20-07-2021
688,965,1,23-05-2023
688,728,2,09-06-2023
688,865,3,16-05-2023
688,509,4,13-05-2023
688,743,5,10-08-2023
688,359,6,31-01-2024
688,749,7,16-11-2023
688,100,8,21-11-2023
688,257,9,10-10-2023
688,828,10,25-06-2023
688,799,11,14-06-2023
688,681,12,22-09-2023
688,212,13,29-01-2024
688,833,14,22-10-2023
688,893,15,10-02-2024
688,370,16,19-08-2023
688,283,17,17-02-2024
688,764,18,01-12-2023
688,617,19,18-01-2024
688,791,20,06-10-2023
688,499,21,21-03-2024
688,165,22,02-06-2023
688,526,23,11-07-2023
688,176,24,09-09-2023
688,827,25,24-01-2024
688,987,26,23-10-2023
688,103,27,03-10-2023
688,227,28,26-12-2023
688,387,29,22-02-2024
688,380,30,17-11-2023
688,309,31,04-02-2024
688,739,32,30-01-2024
688,134,33,17-09-2023
688,551,34,05-05-2023
688,753,35,21-08-2023
688,97,36,04-04-2024
688,820,37,24-01-2024
688,956,38,20-10-2023
688,853,39,27-11-2023
688,810,40,28-11-2023
688,266,41,23-06-2023
688,6,42,12-12-2023
688,507,43,21-02-2024
688,535,44,19-03-2024
688,348,45,03-06-2023
688,203,46,05-02-2024
688,104,47,16-03-2024
688,992,48,07-12-2023
688,651,49,23-02-2024
191,983,1,23-08-2024
191,994,2,14-03-2025
191,384,3,24-12-2024
191,624,4,10-12-2024
191,315,5,29-03-2025
191,760,6,05-08-2024
191,930,7,13-02-2025
191,333,8,01-10-2024
764,762,1,07-03-2024
764,167,2,23-02-2024
764,700,3,05-05-2024
764,227,4,11-09-2023
764,451,5,19-11-2023
764,403,6,07-07-2024
764,655,7,17-05-2024
764,200,8,02-04-2024
764,651,9,12-03-2024
764,957,10,25-06-2024
764,735,11,06-06-2024
764,252,12,14-12-2023
764,725,13,11-11-2023
764,308,14,22-10-2023
764,34,15,15-12-2023
764,713,16,22-10-2023
764,966,17,21-04-2024
764,950,18,19-11-2023
764,166,19,25-09-2023
764,97,20,21-01-2024
764,697,21,21-04-2024
764,439,22,18-05-2024
764,329,23,13-04-2024
764,908,24,29-02-2024
764,50,25,03-11-2023
764,911,26,28-06-2024
764,462,27,20-01-2024
764,176,28,08-08-2024
764,149,29,05-10-2023
764,353,30,02-03-2024
764,731,31,04-01-2024
764,64,32,05-06-2024
764,134,33,14-05-2024
764,58,34,25-05-2024
764,534,35,30-08-2023
764,677,36,24-12-2023
764,267,37,19-08-2023
764,110,38,12-06-2024
764,66,39,23-09-2023
764,477,40,14-04-2024
914,912,1,09-07-2023
914,516,2,24-06-2023
914,380,3,23-08-2023
914,835,4,09-09-2023
914,751,5,19-01-2023
914,110,6,10-12-2022
914,256,7,21-05-2023
914,700,8,29-04-2023
914,275,9,05-08-2023
914,343,10,29-12-2022
793,203,1,18-01-2024
793,381,2,23-11-2023
793,446,3,04-04-2024
793,218,4,11-08-2023
793,930,5,30-09-2023
793,359,6,17-08-2023
793,15,7,23-11-2023
793,432,8,07-08-2023
793,864,9,28-10-2023
793,97,10,08-07-2023
793,491,11,14-06-2023
793,768,12,14-12-2023
793,339,13,10-07-2023
793,614,14,14-01-2024
793,988,15,26-02-2024
793,407,16,12-07-2023
793,99,17,22-10-2023
793,861,18,13-08-2023
793,600,19,21-09-2023
793,224,20,26-11-2023
793,950,21,19-03-2024
793,408,22,02-05-2024
793,71,23,06-03-2024
793,731,24,16-07-2023
793,868,25,03-07-2023
793,722,26,04-04-2024
793,580,27,07-10-2023
793,272,28,05-09-2023
793,526,29,18-05-2023
793,393,30,23-01-2024
793,170,31,31-05-2023
793,483,32,04-01-2024
793,525,33,23-06-2023
793,209,34,07-11-2023
793,990,35,30-06-2023
817,820,1,27-04-2025
817,856,2,17-01-2025
817,522,3,23-03-2025
817,342,4,10-06-2025
817,178,5,24-08-2025
817,290,6,10-06-2025
817,557,7,01-04-2025
817,551,8,24-02-2025
817,674,9,03-12-2024
817,99,10,09-07-2025
817,572,11,09-01-2025
817,571,12,07-04-2025
817,727,13,10-12-2024
817,903,14,27-06-2025
817,565,15,16-03-2025
817,6,16,02-11-2025
817,444,17,30-04-2025
817,129,18,08-10-2025
817,563,19,19-11-2025
817,104,20,16-09-2025
817,728,21,10-06-2025
817,619,22,21-01-2025
817,393,23,10-02-2025
121,51,1,09-07-2024
121,827,2,05-02-2024
121,583,3,07-04-2024
121,316,4,12-08-2024
121,706,5,12-12-2023
121,353,6,01-06-2024
121,775,7,14-05-2024
121,490,8,23-03-2024
121,898,9,20-03-2024
121,521,10,24-10-2023
121,572,11,09-03-2024
121,364,12,16-08-2024
121,921,13,08-05-2024
121,185,14,08-02-2024
121,626,15,30-03-2024
121,655,16,19-11-2023
121,499,17,27-09-2023
121,656,18,09-08-2024
121,832,19,12-10-2023
121,473,20,23-11-2023
121,43,21,22-12-2023
121,956,22,05-05-2024
121,745,23,23-06-2024
121,103,24,22-11-2023
121,299,25,04-04-2024
121,742,26,14-11-2023
121,304,27,25-04-2024
121,245,28,12-05-2024
121,226,29,26-02-2024
121,565,30,24-06-2024
121,344,31,10-11-2023
121,309,32,21-09-2024
121,456,33,27-07-2024
121,234,34,21-01-2024
121,949,35,19-03-2024
121,828,36,02-12-2023
121,214,37,02-06-2024
121,440,38,12-05-2024
121,337,39,12-04-2024
121,209,40,18-02-2024
121,414,41,15-11-2023
121,417,42,29-03-2024
121,409,43,10-08-2024
121,432,44,11-04-2024
121,378,45,17-02-2024
121,631,46,23-11-2023
121,705,47,07-04-2024
121,383,48,15-02-2024
351,964,1,02-11-2022
351,833,2,12-10-2022
351,671,3,01-10-2022
351,975,4,01-08-2023
351,729,5,24-01-2023
351,196,6,13-04-2023
351,455,7,09-12-2022
351,136,8,20-04-2023
351,928,9,10-10-2022
351,923,10,16-05-2023
351,762,11,07-08-2023
351,341,12,10-04-2023
351,750,13,06-09-2023
351,697,14,01-07-2023
351,972,15,01-06-2023
351,944,16,28-08-2023
351,368,17,19-05-2023
351,344,18,18-06-2023
351,863,19,19-01-2023
351,718,20,01-07-2023
351,773,21,25-08-2023
351,820,22,02-09-2023
351,365,23,29-09-2022
351,722,24,22-06-2023
351,290,25,02-06-2023
351,178,26,30-08-2023
351,409,27,28-01-2023
351,218,28,23-12-2022
351,864,29,25-07-2023
351,1000,30,28-09-2022
351,163,31,05-12-2022
351,241,32,17-11-2022
351,656,33,14-07-2023
351,90,34,29-07-2023
351,388,35,18-05-2023
351,908,36,14-10-2022
351,166,37,02-11-2022
351,217,38,03-09-2023
351,701,39,15-06-2023
351,521,40,07-06-2023
351,632,41,09-11-2022
351,357,42,17-07-2023
351,682,43,08-02-2023
5,600,1,12-08-2024
5,711,2,15-03-2024
5,461,3,22-10-2023
5,787,4,28-03-2024
5,372,5,27-04-2024
5,430,6,13-09-2023
5,248,7,06-05-2024
5,770,8,02-04-2024
5,206,9,05-08-2024
5,38,10,12-12-2023
5,241,11,28-04-2024
5,840,12,06-09-2024
5,287,13,21-08-2024
5,149,14,23-08-2024
5,739,15,16-02-2024
5,626,16,31-12-2023
5,99,17,18-05-2024
5,160,18,18-04-2024
5,390,19,20-08-2024
5,394,20,12-12-2023
5,692,21,23-02-2024
5,274,22,25-01-2024
5,956,23,22-08-2024
5,1000,24,04-09-2024
5,290,25,06-04-2024
5,45,26,22-05-2024
5,61,27,21-11-2023
5,572,28,10-04-2024
5,155,29,01-06-2024
5,520,30,03-09-2024
5,862,31,07-02-2024
104,380,1,21-03-2025
104,583,2,09-07-2025
104,455,3,28-03-2025
104,508,4,25-08-2025
104,473,5,08-01-2025
104,597,6,26-01-2025
104,311,7,10-06-2025
104,461,8,04-04-2025
104,972,9,16-07-2025
104,572,10,26-10-2024
104,499,11,25-06-2025
104,45,12,23-03-2025
104,49,13,19-05-2025
104,107,14,10-08-2025
441,90,1,28-02-2022
441,134,2,29-05-2022
441,983,3,19-11-2021
441,649,4,22-07-2022
441,990,5,16-02-2022
441,864,6,01-01-2022
441,308,7,20-11-2021
441,647,8,19-10-2022
441,122,9,20-01-2022
441,726,10,01-04-2022
441,388,11,04-09-2022
441,221,12,22-08-2022
441,678,13,12-05-2022
441,217,14,26-08-2022
441,140,15,17-03-2022
441,574,16,06-08-2022
441,537,17,10-05-2022
441,261,18,15-03-2022
441,296,19,24-10-2022
441,997,20,21-05-2022
441,98,21,18-07-2022
441,474,22,19-06-2022
441,137,23,18-03-2022
441,314,24,19-01-2022
441,80,25,15-04-2022
441,601,26,20-08-2022
441,168,27,16-12-2021
441,875,28,12-09-2022
441,772,29,30-06-2022
441,222,30,09-05-2022
31,197,1,08-09-2025
31,835,2,12-07-2025
31,115,3,27-06-2025
31,607,4,08-04-2025
31,722,5,10-12-2024
31,772,6,20-06-2025
31,912,7,28-03-2025
31,261,8,24-09-2025
31,430,9,29-12-2024
31,315,10,04-03-2025
31,316,11,13-09-2025
31,492,12,02-06-2025
31,751,13,21-07-2025
31,618,14,14-02-2025
31,311,15,04-09-2025
31,986,16,26-06-2025
31,353,17,11-12-2024
31,57,18,31-08-2025
31,208,19,19-02-2025
31,401,20,15-06-2025
31,167,21,23-08-2025
31,982,22,06-05-2025
31,924,23,07-04-2025
555,563,1,16-04-2023
555,458,2,24-12-2022
555,723,3,13-02-2023
555,201,4,05-02-2023
555,999,5,07-07-2022
555,702,6,06-01-2023
555,420,7,03-07-2022
555,137,8,21-03-2023
555,774,9,30-03-2023
555,430,10,07-02-2023
555,370,11,29-05-2022
555,572,12,28-11-2022
555,530,13,26-10-2022
555,865,14,16-11-2022
555,334,15,05-07-2022
555,944,16,23-05-2022
555,808,17,01-01-2023
555,91,18,31-03-2023
555,711,19,06-04-2023
555,505,20,05-10-2022
555,3,21,02-02-2023
555,581,22,10-01-2023
555,826,23,17-08-2022
555,14,24,14-06-2022
555,656,25,24-10-2022
555,99,26,03-06-2022
555,953,27,12-11-2022
555,440,28,09-06-2022
555,791,29,26-03-2023
555,257,30,27-07-2022
555,942,31,08-04-2023
555,272,32,05-07-2022
555,97,33,07-07-2022
555,133,34,16-08-2022
555,34,35,14-04-2023
555,947,36,20-05-2022
555,600,37,30-01-2023
555,692,38,09-11-2022
555,486,39,12-06-2022
555,751,40,17-08-2022
555,302,41,23-11-2022
555,847,42,14-12-2022
555,617,43,23-10-2022
463,174,1,22-12-2023
463,206,2,30-05-2023
463,999,3,18-08-2023
463,357,4,24-02-2024
463,439,5,06-07-2023
463,241,6,22-12-2023
463,45,7,28-09-2023
424,227,1,11-12-2023
424,755,2,02-09-2024
424,381,3,19-12-2023
424,63,4,12-01-2024
424,5,5,26-10-2023
424,994,6,10-04-2024
424,833,7,17-11-2023
424,931,8,09-06-2024
424,645,9,18-08-2024
424,287,10,11-07-2024
424,935,11,15-07-2024
424,414,12,06-04-2024
424,907,13,04-11-2023
424,162,14,18-02-2024
424,795,15,31-03-2024
424,771,16,15-10-2024
424,468,17,23-07-2024
424,218,18,31-03-2024
424,504,19,09-09-2024
424,956,20,23-10-2024
424,499,21,14-05-2024
424,571,22,23-02-2024
424,208,23,12-03-2024
424,827,24,04-04-2024
424,776,25,20-05-2024
424,812,26,19-12-2023
424,119,27,28-09-2024
424,848,28,11-07-2024
424,38,29,08-12-2023
424,760,30,01-04-2024
424,100,31,24-08-2024
424,342,32,14-10-2024
424,105,33,31-01-2024
424,95,34,20-11-2023
424,256,35,18-10-2024
424,451,36,10-05-2024
424,739,37,30-01-2024
424,214,38,20-06-2024
424,951,39,06-11-2023
424,671,40,09-12-2023
424,399,41,03-11-2023
424,155,42,26-10-2023
424,796,43,16-09-2024
424,568,44,22-05-2024
424,615,45,18-12-2023
424,217,46,06-02-2024
424,525,47,25-03-2024
424,94,48,04-11-2023
424,762,49,04-12-2023
886,241,1,05-02-2024
886,751,2,19-11-2023
886,895,3,24-03-2024
886,692,4,15-10-2023
886,953,5,14-07-2023
886,197,6,01-01-2024
886,405,7,30-11-2023
886,581,8,30-03-2024
886,7,9,22-06-2023
886,43,10,20-09-2023
886,261,11,16-12-2023
886,927,12,13-05-2023
886,817,13,09-11-2023
886,440,14,01-11-2023
886,105,15,05-09-2023
886,963,16,30-12-2023
886,649,17,23-09-2023
409,215,1,26-12-2023
409,49,2,23-04-2023
409,274,3,12-11-2023
409,384,4,01-03-2024
409,117,5,26-11-2023
409,434,6,28-09-2023
409,546,7,16-06-2023
409,656,8,05-07-2023
409,99,9,21-02-2024
409,857,10,28-04-2023
409,731,11,04-11-2023
409,496,12,24-01-2024
409,584,13,11-08-2023
409,379,14,03-06-2023
409,953,15,23-02-2024
409,851,16,29-06-2023
409,505,17,20-11-2023
409,331,18,29-12-2023
409,702,19,26-07-2023
409,91,20,30-07-2023
409,51,21,29-11-2023
409,129,22,27-05-2023
409,862,23,28-06-2023
409,844,24,25-07-2023
409,477,25,22-10-2023
409,719,26,10-11-2023
409,410,27,20-11-2023
409,509,28,16-02-2024
409,583,29,26-04-2023
409,40,30,28-09-2023
409,221,31,31-05-2023
409,826,32,21-01-2024
468,762,1,25-08-2022
468,677,2,04-06-2022
468,811,3,02-10-2022
468,960,4,02-08-2022
468,117,5,09-05-2022
468,833,6,22-08-2022
468,965,7,11-02-2022
468,460,8,17-10-2022
468,456,9,13-02-2022
468,461,10,28-09-2022
468,388,11,11-11-2022
468,598,12,29-01-2022
468,254,13,28-09-2022
468,7,14,16-03-2022
468,744,15,26-05-2022
468,655,16,12-06-2022
468,409,17,04-09-2022
468,127,18,28-09-2022
468,840,19,31-07-2022
468,561,20,08-10-2022
468,654,21,12-08-2022
468,316,22,27-12-2022
468,684,23,12-03-2022
468,956,24,21-01-2022
652,69,1,25-10-2022
652,218,2,03-10-2022
652,504,3,16-09-2022
652,36,4,22-12-2022
652,90,5,08-02-2023
652,966,6,09-04-2022
652,761,7,19-02-2023
652,940,8,20-07-2022
652,513,9,11-03-2023
652,514,10,16-06-2022
652,700,11,18-05-2022
652,496,12,06-09-2022
652,798,13,13-12-2022
652,796,14,16-08-2022
652,378,15,01-04-2022
652,118,16,27-01-2023
652,840,17,10-05-2022
652,507,18,11-12-2022
652,81,19,27-09-2022
652,377,20,31-05-2022
652,680,21,23-04-2022
652,5,22,25-10-2022
652,833,23,29-11-2022
652,977,24,13-11-2022
652,656,25,05-04-2022
652,769,26,26-09-2022
652,133,27,04-11-2022
652,368,28,17-07-2022
652,602,29,04-12-2022
652,612,30,31-01-2023
652,206,31,31-07-2022
652,57,32,23-01-2023
981,241,1,25-06-2021
981,5,2,23-12-2021
981,594,3,22-04-2022
981,582,4,12-11-2021
981,856,5,09-02-2022
981,435,6,27-08-2021
981,889,7,10-09-2021
981,700,8,11-02-2022
981,944,9,19-09-2021
981,834,10,24-12-2021
981,734,11,09-05-2022
981,739,12,17-11-2021
168,343,1,23-06-2024
168,167,2,29-01-2025
168,491,3,27-09-2024
168,32,4,18-08-2024
168,828,5,22-11-2024
168,466,6,05-12-2024
168,127,7,16-03-2024
168,65,8,10-12-2024
168,36,9,05-03-2024
168,468,10,26-06-2024
168,430,11,11-11-2024
168,183,12,01-06-2024
168,61,13,22-07-2024
168,409,14,15-04-2024
168,959,15,18-05-2024
168,57,16,02-11-2024
168,417,17,07-04-2024
168,284,18,28-06-2024
168,521,19,01-08-2024
168,160,20,09-12-2024
168,657,21,21-02-2024
168,811,22,01-07-2024
168,865,23,29-09-2024
168,939,24,18-08-2024
168,192,25,17-05-2024
168,315,26,20-12-2024
168,447,27,23-08-2024
168,731,28,15-12-2024
168,176,29,19-01-2025
168,20,30,03-01-2025
168,512,31,28-06-2024
168,931,32,06-08-2024
168,888,33,23-10-2024
168,341,34,17-04-2024
168,123,35,06-04-2024
168,227,36,26-09-2024
168,334,37,06-08-2024
168,999,38,31-12-2024
168,992,39,28-09-2024
168,993,40,25-08-2024
168,162,41,09-02-2025
168,331,42,07-11-2024
168,486,43,17-10-2024
168,780,44,05-05-2024
168,983,45,24-01-2025
634,871,1,30-01-2024
634,227,2,23-08-2023
634,963,3,18-12-2023
634,355,4,03-09-2023
634,593,5,12-03-2024
634,783,6,26-12-2023
634,316,7,20-12-2023
634,447,8,09-06-2024
634,987,9,27-08-2023
634,217,10,07-12-2023
634,881,11,07-05-2024
634,838,12,09-12-2023
634,600,13,30-03-2024
634,850,14,05-10-2023
634,243,15,09-10-2023
634,526,16,06-09-2023
634,103,17,23-12-2023
634,995,18,28-02-2024
634,729,19,11-02-2024
634,706,20,21-09-2023
634,553,21,28-10-2023
634,400,22,20-12-2023
634,185,23,24-07-2023
634,328,24,18-04-2024
634,390,25,28-01-2024
634,913,26,28-03-2024
634,361,27,25-05-2024
634,812,28,21-06-2023
634,170,29,25-09-2023
634,990,30,15-09-2023
634,167,31,16-05-2024
634,711,32,27-02-2024
634,545,33,18-06-2024
634,728,34,05-07-2023
634,468,35,09-11-2023
634,201,36,26-04-2024
634,707,37,04-04-2024
634,34,38,29-08-2023
634,366,39,27-04-2024
634,140,40,25-03-2024
634,910,41,13-08-2023
634,927,42,31-05-2024
634,68,43,17-04-2024
806,529,1,06-09-2025
806,490,2,28-06-2025
806,805,3,13-05-2025
806,127,4,09-09-2025
806,331,5,23-02-2025
587,188,1,01-10-2021
587,990,2,15-02-2022
587,992,3,11-06-2021
587,720,4,24-09-2021
587,337,5,27-09-2021
587,110,6,08-02-2022
587,112,7,22-07-2021
385,829,1,31-05-2022
385,605,2,05-08-2022
385,667,3,14-02-2022
385,991,4,17-12-2021
385,386,5,27-12-2021
385,731,6,11-11-2021
385,697,7,25-12-2021
385,845,8,04-01-2022
385,264,9,12-06-2022
385,344,10,06-05-2022
385,192,11,01-02-2022
385,888,12,06-05-2022
385,308,13,16-04-2022
385,273,14,04-06-2022
385,265,15,19-06-2022
385,550,16,10-09-2021
385,711,17,23-07-2022
950,478,1,16-06-2025
950,221,2,15-03-2025
950,601,3,23-10-2024
950,451,4,31-01-2025
950,213,5,06-02-2025
950,925,6,15-09-2024
950,183,7,10-06-2025
950,582,8,18-04-2025
950,457,9,08-11-2024
950,114,10,21-07-2025
950,576,11,01-11-2024
950,505,12,13-06-2025
950,822,13,27-06-2025
950,838,14,21-12-2024
950,85,15,07-06-2025
950,189,16,11-04-2025
950,667,17,26-02-2025
950,605,18,28-01-2025
950,348,19,27-05-2025
950,17,20,05-02-2025
950,745,21,23-06-2025
950,61,22,20-11-2024
950,514,23,09-03-2025
950,564,24,16-07-2025
950,417,25,05-08-2024
950,280,26,12-09-2024
950,161,27,05-12-2024
950,663,28,16-04-2025
950,580,29,11-02-2025
950,833,30,25-11-2024
950,474,31,11-10-2024
950,574,32,04-06-2025
674,110,1,30-05-2022
674,34,2,29-05-2022
674,648,3,01-05-2022
674,36,4,11-05-2022
674,770,5,17-09-2022
674,284,6,08-06-2022
674,977,7,24-12-2022
674,283,8,13-04-2022
674,883,9,27-05-2022
674,754,10,23-10-2022
674,931,11,30-06-2022
674,792,12,06-07-2022
674,981,13,10-05-2022
674,848,14,10-09-2022
674,987,15,03-10-2022
674,550,16,06-02-2023
674,221,17,14-12-2022
674,388,18,17-04-2022
674,677,19,20-09-2022
674,719,20,12-04-2022
674,820,21,16-03-2022
674,23,22,06-06-2022
674,199,23,18-05-2022
674,669,24,07-07-2022
674,649,25,28-05-2022
674,483,26,27-04-2022
674,280,27,28-02-2022
674,334,28,22-07-2022
674,335,29,07-05-2022
517,820,1,17-05-2022
517,469,2,20-04-2022
517,851,3,07-03-2022
517,590,4,22-02-2022
517,90,5,22-03-2022
517,572,6,07-11-2021
517,462,7,23-12-2021
517,405,8,13-06-2022
517,156,9,07-01-2022
517,445,10,18-12-2021
517,509,11,28-06-2022
517,711,12,30-08-2022
517,995,13,20-12-2021
517,700,14,15-02-2022
517,475,15,07-01-2022
517,931,16,14-06-2022
517,589,17,12-09-2022
517,431,18,09-04-2022
517,652,19,21-06-2022
517,165,20,16-05-2022
517,300,21,29-09-2022
517,361,22,15-01-2022
517,0,23,08-03-2022
517,180,24,16-01-2022
517,565,25,02-03-2022
517,935,26,28-11-2021
517,1,27,14-04-2022
517,370,28,08-01-2022
517,457,29,09-11-2021
517,110,30,29-05-2022
517,77,31,22-09-2022
517,977,32,22-07-2022
517,54,33,26-04-2022
517,979,34,23-03-2022
517,619,35,12-03-2022
517,648,36,28-06-2022
517,986,37,20-05-2022
245,408,1,31-07-2023
245,766,2,29-02-2024
245,52,3,12-02-2024
245,464,4,20-10-2023
245,760,5,18-10-2023
245,720,6,26-12-2023
245,200,7,25-09-2023
245,241,8,25-05-2023
245,682,9,25-11-2023
245,895,10,04-07-2023
245,370,11,29-08-2023
245,772,12,09-02-2024
245,702,13,28-11-2023
245,808,14,03-07-2023
245,991,15,27-08-2023
245,213,16,06-02-2024
245,529,17,26-12-2023
245,862,18,05-10-2023
245,51,19,26-04-2024
245,776,20,14-10-2023
245,534,21,27-05-2023
245,551,22,05-10-2023
245,868,23,29-05-2023
245,101,24,28-06-2023
245,381,25,28-03-2024
245,576,26,28-07-2023
245,708,27,11-04-2024
245,430,28,27-05-2023
245,846,29,19-02-2024
245,930,30,19-07-2023
245,513,31,24-10-2023
245,965,32,16-05-2024
245,883,33,12-09-2023
245,627,34,22-08-2023
245,594,35,10-04-2024
245,898,36,21-01-2024
245,388,37,01-03-2024
245,366,38,19-08-2023
245,677,39,16-11-2023
245,5,40,05-01-2024
245,546,41,18-05-2024
245,161,42,28-07-2023
375,387,1,05-02-2022
375,414,2,04-08-2022
375,639,3,14-07-2022
375,965,4,04-04-2022
375,963,5,18-07-2022
375,183,6,17-06-2022
375,284,7,10-04-2022
375,933,8,28-01-2022
375,157,9,25-10-2022
375,4,10,18-08-2022
373,129,1,19-11-2022
373,811,2,26-03-2023
373,602,3,18-05-2022
373,908,4,11-02-2023
373,739,5,12-09-2022
373,213,6,01-07-2022
373,976,7,01-07-2022
373,469,8,24-07-2022
373,829,9,16-03-2023
373,143,10,09-06-2022
373,446,11,15-09-2022
373,706,12,01-05-2022
373,346,13,31-01-2023
373,210,14,19-03-2023
373,537,15,07-06-2022
373,942,16,26-07-2022
373,328,17,08-01-2023
373,975,18,01-03-2023
373,883,19,19-09-2022
373,366,20,28-02-2023
373,990,21,04-03-2023
373,414,22,28-10-2022
373,895,23,24-08-2022
373,90,24,18-08-2022
373,207,25,12-02-2023
373,922,26,01-01-2023
373,7,27,17-03-2023
373,270,28,28-07-2022
373,626,29,25-06-2022
373,605,30,21-01-2023
373,156,31,11-03-2023
373,842,32,30-07-2022
373,432,33,06-01-2023
373,845,34,19-10-2022
373,4,35,30-04-2022
373,794,36,18-05-2022
373,627,37,09-08-2022
373,992,38,14-03-2023
373,371,39,21-01-2023
373,338,40,26-03-2023
373,162,41,22-11-2022
373,274,42,27-04-2023
373,478,43,01-08-2022
373,686,44,29-07-2022
373,94,45,11-06-2022
373,830,46,28-06-2022
373,31,47,27-05-2022
373,928,48,22-01-2023
879,776,1,15-08-2024
879,261,2,05-09-2024
879,446,3,30-03-2024
879,862,4,04-08-2024
879,144,5,17-05-2024
879,888,6,26-05-2024
879,224,7,20-06-2024
879,605,8,28-07-2024
879,152,9,22-05-2024
879,820,10,03-10-2024
879,713,11,09-10-2024
879,212,12,28-05-2024
879,850,13,01-07-2024
879,155,14,18-11-2024
879,532,15,21-07-2024
879,810,16,23-09-2024
879,275,17,04-04-2024
879,582,18,19-06-2024
879,946,19,10-11-2024
879,796,20,10-04-2024
879,743,21,25-12-2024
879,90,22,21-11-2024
879,565,23,02-10-2024
879,476,24,17-05-2024
879,857,25,11-10-2024
879,734,26,10-07-2024
879,624,27,25-04-2024
879,430,28,18-05-2024
879,91,29,06-04-2024
879,314,30,28-08-2024
879,127,31,10-11-2024
879,341,32,05-01-2025
879,468,33,09-12-2024
879,454,34,23-12-2024
879,58,35,14-11-2024
879,910,36,12-03-2024
879,912,37,30-03-2024
879,210,38,29-12-2024
879,982,39,22-11-2024
879,754,40,14-11-2024
879,299,41,10-08-2024
879,657,42,25-07-2024
879,940,43,18-10-2024
879,798,44,07-10-2024
879,864,45,15-09-2024
879,168,46,28-10-2024
879,198,47,24-07-2024
879,970,48,26-03-2024
879,287,49,02-07-2024
266,105,1,02-07-2023
266,101,2,30-04-2023
266,959,3,22-04-2023
266,337,4,27-08-2022
266,45,5,20-01-2023
266,545,6,12-09-2022
266,976,7,10-10-2022
266,744,8,22-01-2023
266,828,9,07-05-2023
266,325,10,01-04-2023
266,350,11,29-06-2023
266,346,12,09-07-2023
266,504,13,23-02-2023
266,990,14,30-11-2022
266,455,15,06-08-2023
266,629,16,01-08-2023
266,935,17,02-08-2023
266,520,18,29-04-2023
266,933,19,02-12-2022
266,928,20,22-12-2022
266,883,21,15-12-2022
266,754,22,08-12-2022
266,482,23,01-04-2023
266,19,24,03-06-2023
266,245,25,04-04-2023
266,969,26,27-06-2023
266,707,27,05-04-2023
266,810,28,06-06-2023
266,526,29,21-02-2023
266,706,30,08-09-2022
266,713,31,27-01-2023
266,161,32,03-06-2023
266,833,33,12-03-2023
266,441,34,10-09-2022
266,726,35,20-07-2023
266,950,36,08-02-2023
917,564,1,28-08-2024
917,185,2,19-01-2024
917,267,3,07-03-2024
917,52,4,29-01-2024
917,701,5,01-12-2023
917,733,6,05-02-2024
917,90,7,11-05-2024
917,425,8,07-02-2024
917,304,9,10-10-2023
917,930,10,07-01-2024
917,275,11,19-03-2024
917,828,12,03-02-2024
917,335,13,07-12-2023
917,551,14,08-05-2024
917,901,15,10-06-2024
917,446,16,29-05-2024
917,505,17,28-09-2024
917,960,18,22-07-2024
917,781,19,24-12-2023
917,466,20,31-10-2023
917,512,21,10-08-2024
917,189,22,16-01-2024
917,927,23,14-06-2024
917,494,24,07-02-2024
917,451,25,09-05-2024
917,864,26,25-06-2024
917,720,27,03-09-2024
917,329,28,17-09-2024
917,692,29,07-02-2024
917,72,30,15-06-2024
917,972,31,22-08-2024
917,717,32,08-09-2024
917,199,33,13-03-2024
917,65,34,29-08-2024
917,31,35,04-03-2024
917,492,36,11-12-2023
917,810,37,29-09-2024
917,147,38,11-10-2023
917,97,39,29-03-2024
917,32,40,20-02-2024
917,346,41,07-06-2024
917,386,42,06-12-2023
917,414,43,21-11-2023
917,947,44,18-12-2023
917,822,45,10-01-2024
917,264,46,07-11-2023
917,110,47,11-03-2024
917,654,48,03-06-2024
917,737,49,10-12-2023
62,508,1,14-02-2022
62,328,2,25-03-2022
62,348,3,27-08-2021
62,350,4,21-11-2021
62,341,5,09-05-2022
62,338,6,06-10-2021
62,36,7,05-08-2021
62,199,8,14-12-2021
62,808,9,31-07-2021
62,418,10,20-08-2021
62,605,11,05-02-2022
62,85,12,29-04-2022
62,969,13,17-09-2021
62,300,14,13-05-2022
62,181,15,11-11-2021
62,399,16,07-08-2021
62,764,17,11-03-2022
62,956,18,23-02-2022
62,290,19,27-12-2021
62,83,20,31-03-2022
62,930,21,27-04-2022
62,799,22,04-05-2022
62,316,23,20-03-2022
62,516,24,02-12-2021
62,677,25,15-09-2021
902,499,1,18-09-2021
902,966,2,11-10-2021
902,626,3,31-05-2022
902,673,4,20-07-2022
902,749,5,02-08-2022
902,227,6,30-09-2021
902,304,7,07-03-2022
902,537,8,26-11-2021
902,769,9,13-08-2021
902,454,10,29-04-2022
902,903,11,22-05-2022
902,408,12,28-10-2021
902,706,13,28-12-2021
902,590,14,29-11-2021
902,355,15,16-12-2021
902,776,16,18-08-2021
902,576,17,06-07-2022
902,810,18,01-06-2022
902,982,19,25-02-2022
902,833,20,24-03-2022
343,918,1,19-08-2023
343,38,2,25-11-2023
343,833,3,14-06-2023
343,970,4,27-03-2023
343,725,5,25-05-2023
343,95,6,29-10-2023
343,72,7,18-10-2023
343,735,8,06-03-2023
343,930,9,16-02-2023
343,513,10,15-09-2023
343,454,11,15-07-2023
343,648,12,21-02-2023
343,67,13,08-03-2023
343,781,14,05-03-2023
343,212,15,09-09-2023
343,727,16,30-06-2023
343,956,17,02-06-2023
343,972,18,02-01-2024
343,765,19,13-09-2023
343,864,20,29-04-2023
343,157,21,27-08-2023
343,992,22,15-04-2023
343,931,23,14-10-2023
343,776,24,01-07-2023
343,275,25,28-06-2023
792,594,1,20-08-2022
792,624,2,05-12-2022
792,15,3,28-08-2022
792,881,4,04-01-2023
792,409,5,31-03-2023
792,384,6,04-08-2022
792,280,7,04-11-2022
792,372,8,29-04-2023
792,588,9,21-09-2022
792,342,10,28-05-2022
792,99,11,06-05-2022
792,271,12,13-03-2023
792,252,13,17-01-2023
792,735,14,16-12-2022
792,727,15,30-08-2022
226,588,1,18-08-2025
226,534,2,03-07-2025
226,997,3,10-06-2025
226,972,4,25-04-2025
226,537,5,11-04-2025
226,576,6,12-02-2025
226,31,7,07-06-2025
226,34,8,08-08-2025
226,277,9,16-05-2025
226,343,10,13-06-2025
226,518,11,10-08-2025
226,494,12,26-08-2025
226,210,13,05-09-2024
226,185,14,11-08-2025
226,556,15,03-12-2024
226,634,16,08-09-2024
226,907,17,26-05-2025
226,161,18,06-11-2024
226,598,19,09-01-2025
226,454,20,13-05-2025
226,519,21,01-09-2024
226,316,22,23-04-2025
226,5,23,17-06-2025
226,944,24,28-07-2025
226,305,25,04-12-2024
226,706,26,25-01-2025
226,612,27,12-05-2025
226,366,28,18-08-2025
226,85,29,23-01-2025
226,521,30,16-01-2025
226,526,31,05-05-2025
226,903,32,18-04-2025
226,922,33,06-01-2025
226,787,34,13-10-2024
226,808,35,29-11-2024
226,572,36,03-05-2025
226,652,37,18-08-2025
226,156,38,16-09-2024
226,711,39,23-02-2025
226,6,40,26-05-2025
226,370,41,10-01-2025
518,267,1,11-03-2023
518,200,2,30-09-2023
518,31,3,13-11-2022
518,513,4,08-02-2023
518,942,5,28-06-2023
518,853,6,26-01-2023
518,846,7,01-11-2022
518,792,8,29-12-2022
518,278,9,28-05-2023
518,605,10,03-07-2023
518,865,11,08-05-2023
518,518,12,23-12-2022
518,563,13,13-08-2023
518,908,14,28-11-2022
518,165,15,29-10-2022
518,898,16,14-05-2023
518,521,17,12-12-2022
518,355,18,14-12-2022
518,363,19,07-06-2023
518,85,20,10-08-2023
518,534,21,17-01-2023
518,478,22,04-08-2023
518,146,23,11-08-2023
518,1000,24,08-08-2023
518,626,25,05-05-2023
518,933,26,06-12-2022
518,331,27,19-01-2023
518,720,28,20-09-2023
518,227,29,22-04-2023
518,667,30,06-11-2022
518,17,31,02-08-2023
518,446,32,13-07-2023
518,975,33,10-10-2023
518,740,34,27-07-2023
518,956,35,16-07-2023
518,936,36,26-04-2023
518,434,37,31-03-2023
518,316,38,12-11-2022
518,329,39,03-01-2023
518,987,40,22-09-2023
181,282,1,12-03-2024
181,692,2,28-07-2024
181,674,3,28-02-2024
181,783,4,04-08-2024
181,90,5,07-02-2024
181,331,6,12-12-2023
181,160,7,17-11-2023
181,810,8,22-06-2024
181,743,9,14-11-2023
181,606,10,05-05-2024
181,185,11,20-09-2023
181,128,12,04-06-2024
181,316,13,16-10-2023
181,730,14,12-12-2023
181,588,15,20-04-2024
181,506,16,07-07-2024
181,997,17,19-07-2024
181,531,18,28-02-2024
181,303,19,14-11-2023
181,431,20,19-07-2024
181,208,21,30-11-2023
181,413,22,23-01-2024
181,827,23,12-08-2024
181,233,24,25-08-2024
181,183,25,01-09-2023
181,898,26,17-09-2023
181,308,27,02-04-2024
181,101,28,19-08-2024
181,284,29,07-09-2023
181,270,30,04-06-2024
181,801,31,05-03-2024
181,338,32,07-04-2024
181,198,33,27-07-2024
181,136,34,09-02-2024
181,707,35,07-07-2024
181,494,36,20-12-2023
181,999,37,17-07-2024
181,792,38,21-01-2024
181,381,39,01-10-2023
731,734,1,26-01-2023
731,422,2,29-03-2023
731,827,3,07-12-2022
731,241,4,12-12-2022
731,850,5,04-08-2022
731,572,6,08-12-2022
731,771,7,13-02-2023
731,764,8,02-06-2022
731,34,9,29-06-2022
731,473,10,10-07-2022
731,101,11,03-11-2022
731,198,12,26-08-2022
731,316,13,28-08-2022
731,744,14,22-05-2022
731,147,15,06-08-2022
731,574,16,26-01-2023
731,142,17,24-06-2022
731,284,18,10-10-2022
731,854,19,17-07-2022
731,137,20,01-05-2022
731,975,21,06-10-2022
731,627,22,13-11-2022
731,795,23,19-10-2022
910,908,1,05-09-2022
910,805,2,21-03-2023
910,178,3,06-10-2022
910,976,4,30-09-2022
910,295,5,01-07-2023
910,267,6,03-01-2023
910,381,7,04-10-2022
910,925,8,12-09-2022
910,401,9,30-12-2022
910,995,10,14-04-2023
910,350,11,26-10-2022
910,110,12,22-08-2022
910,314,13,16-09-2022
910,794,14,27-10-2022
910,38,15,10-06-2023
910,545,16,16-02-2023
910,383,17,20-01-2023
910,730,18,26-07-2023
910,414,19,27-02-2023
910,834,20,06-03-2023
910,335,21,22-04-2023
910,430,22,30-11-2022
910,461,23,07-07-2023
910,734,24,22-07-2023
438,810,1,16-04-2022
438,245,2,25-10-2022
438,809,3,03-04-2022
438,115,4,02-04-2022
438,730,5,26-05-2022
438,473,6,26-06-2022
438,234,7,01-04-2022
438,241,8,16-02-2022
438,360,9,19-01-2023
438,284,10,19-02-2022
438,331,11,12-02-2022
438,157,12,23-09-2022
438,239,13,09-08-2022
438,474,14,29-03-2022
438,861,15,21-06-2022
438,64,16,28-07-2022
438,206,17,18-01-2023
438,289,18,11-09-2022
438,183,19,25-10-2022
438,83,20,17-10-2022
438,557,21,01-12-2022
438,725,22,01-11-2022
578,868,1,10-10-2022
578,970,2,04-09-2022
578,311,3,26-12-2022
578,357,4,07-01-2023
578,725,5,19-04-2023
578,987,6,05-10-2022
578,817,7,11-04-2023
578,903,8,31-10-2022
578,625,9,23-11-2022
578,80,10,01-06-2023
578,185,11,30-12-2022
578,512,12,28-05-2023
578,405,13,21-09-2022
578,452,14,11-08-2023
578,51,15,26-09-2022
578,168,16,24-12-2022
578,388,17,05-01-2023
578,4,18,28-11-2022
578,341,19,19-04-2023
578,678,20,22-04-2023
578,162,21,16-09-2022
578,372,22,17-03-2023
578,861,23,27-11-2022
578,983,24,04-01-2023
578,366,25,23-02-2023
578,218,26,25-09-2022
578,34,27,16-12-2022
578,362,28,25-01-2023
578,833,29,22-05-2023
578,435,30,05-02-2023
578,956,31,14-10-2022
578,97,32,12-11-2022
578,15,33,26-08-2022
578,847,34,18-08-2023
578,834,35,30-07-2023
578,160,36,03-05-2023
578,583,37,06-03-2023
578,931,38,19-01-2023
578,699,39,04-07-2023
578,450,40,06-02-2023
578,715,41,25-04-2023
578,959,42,26-04-2023
578,110,43,17-01-2023
578,551,44,18-03-2023
578,481,45,05-04-2023
65,405,1,07-02-2022
65,711,2,10-09-2022
65,123,3,25-06-2022
65,605,4,16-04-2022
65,719,5,08-06-2022
65,422,6,29-03-2022
65,385,7,24-02-2022
65,746,8,03-11-2021
65,852,9,19-08-2022
65,224,10,13-02-2022
65,821,11,05-01-2022
65,583,12,21-05-2022
65,284,13,20-12-2021
65,261,14,09-09-2022
65,781,15,30-10-2021
65,295,16,26-01-2022
65,311,17,27-10-2021
65,439,18,31-10-2021
947,23,1,08-12-2021
947,618,2,18-06-2021
947,707,3,25-10-2021
947,667,4,04-11-2021
947,600,5,27-05-2021
947,521,6,04-08-2021
947,101,7,28-01-2022
947,174,8,16-12-2021
947,476,9,22-12-2021
947,134,10,27-04-2021
947,568,11,25-02-2022
947,911,12,05-01-2022
947,742,13,05-06-2021
947,449,14,22-10-2021
947,455,15,26-12-2021
947,956,16,01-02-2022
947,483,17,20-09-2021
947,820,18,02-11-2021
947,261,19,05-09-2021
761,898,1,28-03-2022
761,820,2,17-12-2021
761,132,3,08-12-2021
761,764,4,26-07-2022
761,787,5,17-01-2022
761,994,6,16-05-2022
761,633,7,01-06-2022
761,196,8,10-12-2021
761,469,9,15-04-2022
761,72,10,22-07-2022
761,939,11,11-07-2022
761,671,12,10-05-2022
761,361,13,25-03-2022
761,597,14,10-01-2022
761,916,15,11-07-2022
761,947,16,18-01-2022
761,602,17,27-12-2021
761,836,18,09-01-2022
761,772,19,19-10-2021
761,541,20,18-03-2022
761,582,21,15-12-2021
761,157,22,11-11-2021
761,979,23,13-08-2022
761,883,24,22-04-2022
761,765,25,05-05-2022
761,309,26,18-07-2022
761,584,27,09-11-2021
761,440,28,06-01-2022
761,32,29,13-09-2022
761,362,30,11-05-2022
761,734,31,28-02-2022
761,950,32,18-07-2022
761,672,33,03-04-2022
761,384,34,18-09-2022
761,359,35,17-09-2022
988,107,1,29-12-2021
988,160,2,28-11-2021
988,399,3,02-05-2021
988,594,4,07-09-2021
988,1000,5,19-09-2021
598,40,1,13-02-2022
598,605,2,24-05-2022
598,801,3,04-05-2022
598,597,4,06-06-2022
598,271,5,31-01-2022
598,995,6,18-05-2022
598,343,7,10-12-2021
796,908,1,16-11-2025
796,725,2,08-09-2025
796,846,3,01-07-2025
796,271,4,17-11-2025
796,568,5,13-09-2025
796,671,6,02-08-2025
796,546,7,20-11-2025
796,129,8,15-06-2025
796,499,9,25-03-2025
796,470,10,08-04-2025
796,580,11,25-08-2025
796,387,12,24-10-2025
796,598,13,04-02-2025
796,921,14,07-09-2025
796,107,15,09-11-2025
796,7,16,19-03-2025
796,749,17,30-03-2025
796,572,18,15-09-2025
796,564,19,24-02-2025
796,318,20,05-04-2025
348,245,1,05-10-2021
348,494,2,17-07-2022
348,257,3,22-12-2021
348,188,4,28-07-2022
348,833,5,28-11-2021
348,274,6,09-09-2021
348,633,7,10-06-2022
348,490,8,26-12-2021
348,734,9,29-09-2021
348,933,10,10-04-2022
348,454,11,07-12-2021
348,466,12,21-06-2022
348,61,13,18-08-2021
348,829,14,13-02-2022
348,787,15,21-06-2022
348,246,16,07-03-2022
348,72,17,07-12-2021
348,200,18,16-01-2022
348,299,19,21-12-2021
348,289,20,04-07-2022
348,545,21,18-07-2022
348,792,22,26-01-2022
348,388,23,06-01-2022
348,227,24,27-09-2021
348,325,25,01-03-2022
348,677,26,05-10-2021
348,71,27,25-07-2022
794,417,1,27-09-2021
794,652,2,17-10-2021
794,206,3,12-04-2021
794,781,4,01-12-2021
794,95,5,09-05-2021
794,448,6,10-06-2021
794,447,7,25-04-2021
794,185,8,27-02-2021
794,341,9,28-06-2021
794,574,10,21-06-2021
794,539,11,22-03-2021
794,684,12,15-11-2021
794,398,13,07-08-2021
794,123,14,06-07-2021
794,521,15,19-02-2021
452,377,1,31-01-2024
452,362,2,13-09-2024
452,380,3,08-12-2023
452,999,4,14-06-2024
452,812,5,14-12-2023
452,476,6,17-06-2024
452,206,7,28-07-2024
452,167,8,06-05-2024
452,198,9,24-10-2024
452,364,10,24-06-2024
452,72,11,03-03-2024
452,289,12,18-09-2024
452,760,13,27-02-2024
452,129,14,24-10-2024
452,605,15,11-12-2023
452,939,16,12-04-2024
643,91,1,12-02-2023
643,861,2,28-05-2023
643,787,3,07-09-2023
643,553,4,04-05-2023
643,940,5,14-12-2023
643,430,6,10-02-2023
643,798,7,29-09-2023
643,155,8,14-04-2023
643,771,9,19-04-2023
643,942,10,07-01-2024
643,108,11,22-02-2023
643,120,12,07-06-2023
643,828,13,06-08-2023
643,160,14,23-05-2023
227,748,1,05-09-2022
227,787,2,22-09-2022
227,778,3,19-04-2023
227,601,4,07-10-2022
227,185,5,01-09-2022
227,346,6,13-11-2022
227,826,7,30-03-2023
227,439,8,05-04-2023
227,765,9,12-09-2022
227,183,10,16-08-2022
227,754,11,20-07-2022
227,827,12,06-06-2023
227,834,13,30-05-2023
227,707,14,09-03-2023
227,264,15,22-04-2023
227,605,16,03-06-2023
227,440,17,09-10-2022
227,455,18,01-04-2023
227,206,19,06-05-2023
227,838,20,01-02-2023
227,844,21,28-04-2023
227,390,22,07-02-2023
227,922,23,15-04-2023
227,518,24,03-02-2023
227,739,25,29-05-2023
227,372,26,04-07-2023
227,105,27,13-10-2022
227,835,28,26-01-2023
227,972,29,27-06-2023
227,931,30,27-12-2022
227,359,31,04-05-2023
227,828,32,23-02-2023
227,682,33,15-07-2022
227,658,34,17-10-2022
227,597,35,20-01-2023
227,627,36,03-04-2023
213,23,1,24-08-2021
213,238,2,02-04-2022
213,701,3,19-02-2022
213,105,4,05-04-2022
213,407,5,16-09-2021
213,65,6,07-11-2021
213,473,7,03-09-2021
213,166,8,08-08-2021
213,443,9,28-07-2021
213,370,10,17-02-2022
213,390,11,04-12-2021
213,787,12,12-11-2021
213,928,13,08-02-2022
213,654,14,23-04-2022
213,881,15,09-01-2022
213,52,16,06-05-2021
213,953,17,14-10-2021
213,994,18,05-08-2021
213,394,19,14-08-2021
213,100,20,29-12-2021
432,297,1,16-04-2021
432,594,2,21-01-2021
432,483,3,07-04-2021
432,205,4,30-01-2021
432,734,5,30-03-2021
432,976,6,17-06-2021
432,446,7,23-03-2021
432,776,8,02-02-2021
432,337,9,25-07-2021
432,853,10,04-07-2021
432,143,11,30-01-2021
432,903,12,06-10-2021
216,972,1,18-11-2022
216,615,2,27-08-2022
216,40,3,19-11-2022
216,104,4,06-12-2022
216,868,5,20-04-2023
216,627,6,17-08-2022
216,957,7,07-01-2023
216,521,8,15-08-2022
216,101,9,10-09-2022
216,429,10,06-11-2022
216,224,11,02-06-2023
216,516,12,23-06-2022
216,85,13,07-04-2023
216,583,14,12-12-2022
216,630,15,29-01-2023
216,719,16,23-06-2022
216,300,17,03-11-2022
216,470,18,30-06-2022
216,6,19,20-07-2022
216,854,20,11-02-2023
216,562,21,11-05-2023
216,183,22,02-05-2023
216,99,23,21-09-2022
216,739,24,11-03-2023
216,477,25,20-10-2022
216,677,26,20-07-2022
216,252,27,26-03-2023
216,684,28,04-07-2022
216,727,29,05-04-2023
216,812,30,23-08-2022
216,545,31,08-02-2023
216,731,32,04-09-2022
216,692,33,10-09-2022
216,357,34,15-08-2022
216,994,35,03-08-2022
216,805,36,12-12-2022
216,947,37,07-06-2023
216,912,38,08-09-2022
216,414,39,19-09-2022
216,720,40,20-04-2023
216,166,41,23-02-2023
216,711,42,15-05-2023
852,95,1,24-06-2023
852,820,2,04-10-2023
852,398,3,27-08-2023
852,772,4,11-09-2023
852,778,5,08-02-2023
852,605,6,12-04-2023
852,976,7,17-07-2023
852,209,8,02-03-2023
852,364,9,14-06-2023
852,690,10,08-02-2023
852,475,11,28-09-2023
852,157,12,26-02-2023
852,343,13,07-11-2023
852,366,14,17-06-2023
852,740,15,25-08-2023
852,775,16,06-07-2023
882,204,1,05-08-2021
882,706,2,27-04-2021
882,72,3,03-01-2022
882,742,4,26-11-2021
882,582,5,17-06-2021
882,820,6,08-03-2021
882,619,7,16-03-2021
882,516,8,24-10-2021
882,389,9,05-06-2021
882,31,10,26-08-2021
882,299,11,28-02-2021
882,330,12,12-09-2021
882,982,13,31-05-2021
882,949,14,08-03-2021
882,198,15,29-11-2021
882,833,16,17-12-2021
882,816,17,13-12-2021
882,210,18,21-01-2022
882,147,19,11-06-2021
882,999,20,12-08-2021
882,754,21,22-03-2021
882,235,22,03-10-2021
882,243,23,22-04-2021
882,1,24,05-05-2021
882,970,25,10-06-2021
882,565,26,18-12-2021
882,980,27,03-04-2021
882,574,28,19-07-2021
84,170,1,28-10-2024
84,156,2,10-06-2024
84,845,3,23-08-2024
84,49,4,13-05-2024
84,735,5,02-02-2024
84,978,6,23-01-2024
84,836,7,16-07-2024
84,439,8,24-03-2024
84,619,9,22-11-2024
84,828,10,02-10-2024
84,749,11,04-06-2024
84,433,12,01-06-2024
84,746,13,04-06-2024
84,440,14,13-01-2024
84,89,15,08-02-2024
84,32,16,31-08-2024
84,248,17,05-09-2024
84,975,18,22-09-2024
84,441,19,25-11-2024
84,432,20,04-10-2024
84,393,21,02-09-2024
84,888,22,01-09-2024
84,301,23,07-10-2024
84,300,24,09-08-2024
84,486,25,02-06-2024
84,734,26,12-02-2024
84,200,27,09-09-2024
84,656,28,02-07-2024
84,799,29,09-10-2024
84,97,30,14-01-2024
84,933,31,04-04-2024
84,366,32,02-01-2024
144,200,1,05-10-2022
144,774,2,12-01-2023
144,261,3,26-03-2022
144,760,4,12-11-2022
144,309,5,04-11-2022
144,796,6,21-08-2022
144,850,7,10-08-2022
144,206,8,06-07-2022
144,199,9,18-09-2022
144,85,10,28-09-2022
144,994,11,06-10-2022
144,210,12,06-10-2022
372,638,1,19-02-2023
372,542,2,01-06-2023
372,990,3,15-07-2023
372,81,4,03-04-2023
372,992,5,11-12-2022
372,440,6,24-02-2023
372,342,7,30-05-2023
372,455,8,04-03-2023
372,198,9,08-07-2023
372,85,10,04-12-2022
372,180,11,27-10-2023
372,475,12,25-05-2023
372,556,13,14-10-2023
372,711,14,29-01-2023
372,372,15,25-11-2022
372,512,16,09-04-2023
372,705,17,13-03-2023
372,627,18,19-11-2022
372,167,19,07-03-2023
372,254,20,21-01-2023
372,212,21,29-04-2023
372,304,22,21-06-2023
372,889,23,29-04-2023
372,776,24,06-09-2023
372,970,25,04-04-2023
372,531,26,07-11-2022
372,288,27,08-12-2022
372,719,28,19-06-2023
372,97,29,07-03-2023
372,794,30,30-04-2023
372,300,31,10-11-2022
372,883,32,25-08-2023
826,192,1,22-12-2021
826,101,2,29-11-2021
826,181,3,31-12-2021
826,965,4,03-04-2021
826,478,5,01-08-2021
826,764,6,31-08-2021
826,417,7,17-03-2021
826,626,8,17-01-2022
826,337,9,26-06-2021
826,931,10,16-07-2021
826,977,11,11-03-2021
826,619,12,19-03-2021
826,452,13,19-02-2022
826,289,14,04-07-2021
826,706,15,22-01-2022
826,994,16,20-03-2021
826,840,17,13-06-2021
826,861,18,10-06-2021
826,167,19,19-06-2021
826,936,20,15-06-2021
826,7,21,16-12-2021
826,989,22,29-12-2021
826,637,23,20-02-2022
826,992,24,12-08-2021
826,589,25,01-08-2021
826,334,26,08-03-2022
826,722,27,06-10-2021
826,252,28,11-08-2021
826,99,29,06-11-2021
826,598,30,24-05-2021
826,69,31,26-01-2022
826,908,32,31-08-2021
826,735,33,28-06-2021
826,526,34,27-03-2021
826,162,35,25-12-2021
826,629,36,08-12-2021
826,471,37,02-11-2021
826,865,38,23-09-2021
826,576,39,18-08-2021
826,14,40,25-09-2021
733,63,1,23-09-2023
733,853,2,19-11-2022
733,272,3,16-01-2023
733,576,4,19-05-2023
733,753,5,18-02-2023
733,476,6,10-12-2022
733,101,7,29-05-2023
733,627,8,01-08-2023
733,275,9,24-02-2023
733,409,10,01-01-2023
733,913,11,12-10-2023
733,206,12,17-05-2023
733,233,13,05-07-2023
733,735,14,17-10-2023
733,328,15,12-10-2023
733,461,16,26-08-2023
733,413,17,27-09-2023
733,746,18,25-09-2023
733,778,19,08-08-2023
733,674,20,20-12-2022
733,120,21,25-05-2023
733,719,22,09-03-2023
733,734,23,08-10-2023
733,600,24,19-08-2023
733,452,25,30-08-2023
733,66,26,09-05-2023
733,122,27,16-02-2023
733,701,28,19-11-2022
733,702,29,29-06-2023
733,551,30,05-03-2023
640,963,1,27-05-2024
640,911,2,23-10-2024
640,836,3,07-03-2024
640,335,4,14-04-2024
640,189,5,07-02-2024
640,572,6,05-09-2024
640,72,7,29-02-2024
640,551,8,09-02-2024
640,935,9,20-08-2024
640,734,10,20-10-2024
640,932,11,29-07-2024
640,274,12,19-08-2024
740,725,1,19-12-2022
740,729,2,05-03-2023
740,272,3,23-12-2022
740,23,4,10-11-2023
740,483,5,23-05-2023
740,795,6,30-01-2023
740,319,7,18-05-2023
740,994,8,06-05-2023
740,720,9,05-03-2023
740,808,10,16-09-2023
740,104,11,27-12-2022
740,907,12,29-08-2023
740,850,13,28-09-2023
740,674,14,08-08-2023
740,328,15,23-04-2023
740,329,16,26-01-2023
740,117,17,10-02-2023
740,856,18,28-02-2023
740,101,19,12-08-2023
740,828,20,01-11-2023
740,686,21,07-04-2023
740,261,22,25-06-2023
740,273,23,11-12-2022
740,305,24,07-11-2023
740,81,25,22-06-2023
740,508,26,17-07-2023
740,775,27,18-12-2022
740,322,28,11-12-2022
740,745,29,05-04-2023
740,576,30,19-01-2023
740,605,31,02-12-2023
740,475,32,31-12-2022
180,217,1,11-03-2022
180,820,2,28-01-2022
180,180,3,05-02-2022
180,706,4,21-02-2022
180,341,5,31-01-2022
180,513,6,10-07-2021
180,572,7,22-05-2022
180,475,8,11-02-2022
180,83,9,18-10-2021
180,508,10,26-02-2022
180,39,11,22-02-2022
180,85,12,16-03-2022
180,38,13,13-02-2022
180,295,14,28-02-2022
180,657,15,09-01-2022
180,221,16,09-01-2022
180,434,17,17-03-2022
180,990,18,24-04-2022
180,830,19,26-06-2021
180,559,20,21-05-2022
180,619,21,10-06-2021
180,975,22,09-06-2021
180,254,23,08-04-2022
180,737,24,06-06-2022
180,394,25,10-01-2022
180,871,26,19-11-2021
180,828,27,16-12-2021
180,414,28,22-08-2021
180,537,29,04-07-2021
180,228,30,25-02-2022
180,518,31,17-03-2022
180,971,32,15-01-2022
289,848,1,19-12-2023
289,617,2,10-08-2023
289,414,3,08-08-2023
289,23,4,11-11-2023
289,820,5,31-03-2024
289,871,6,07-05-2024
289,686,7,20-11-2023
289,775,8,21-08-2023
289,322,9,14-02-2024
289,817,10,02-01-2024
289,772,11,28-05-2023
289,840,12,20-09-2023
289,861,13,08-10-2023
289,119,14,28-11-2023
289,201,15,24-06-2023
289,557,16,31-07-2023
289,778,17,31-03-2024
289,51,18,19-03-2024
289,165,19,28-12-2023
289,583,20,30-10-2023
289,731,21,04-08-2023
289,787,22,07-04-2024
289,338,23,12-09-2023
289,467,24,05-03-2024
289,711,25,07-02-2024
289,976,26,23-08-2023
289,5,27,20-05-2024
289,873,28,21-07-2023
289,129,29,18-03-2024
289,545,30,13-07-2023
289,161,31,26-11-2023
289,516,32,10-12-2023
289,143,33,12-06-2023
289,482,34,09-12-2023
289,359,35,12-01-2024
289,883,36,21-06-2023
289,244,37,20-09-2023
289,177,38,18-07-2023
289,203,39,24-10-2023
289,452,40,05-01-2024
289,664,41,03-11-2023
146,504,1,19-04-2023
146,176,2,23-06-2023
146,137,3,24-05-2023
146,745,4,12-04-2023
146,85,5,25-10-2022
146,700,6,16-06-2023
146,982,7,10-12-2022
146,272,8,28-10-2022
146,409,9,11-10-2022
146,841,10,14-09-2023
146,474,11,26-01-2023
146,412,12,26-04-2023
146,842,13,01-01-2023
146,773,14,18-02-2023
146,387,15,20-09-2023
146,265,16,11-10-2022
146,850,17,18-07-2023
146,743,18,27-05-2023
146,974,19,21-06-2023
146,835,20,20-06-2023
146,117,21,08-12-2022
146,576,22,09-12-2022
146,83,23,03-04-2023
146,54,24,01-02-2023
146,976,25,10-05-2023
146,733,26,11-10-2022
146,598,27,15-03-2023
146,418,28,30-12-2022
146,134,29,05-06-2023
146,494,30,06-09-2023
146,283,31,01-08-2023
146,776,32,18-07-2023
146,873,33,06-03-2023
146,994,34,27-12-2022
146,393,35,16-05-2023
146,758,36,30-09-2023
146,336,37,11-02-2023
146,632,38,23-06-2023
146,375,39,23-12-2022
146,475,40,30-04-2023
146,107,41,06-05-2023
146,142,42,06-09-2023
146,199,43,25-05-2023
146,430,44,28-02-2023
146,173,45,23-03-2023
554,304,1,25-08-2022
554,754,2,22-11-2022
554,483,3,03-02-2023
554,674,4,15-07-2022
554,316,5,19-01-2023
554,928,6,10-03-2022
554,137,7,29-12-2022
554,815,8,01-04-2022
554,727,9,03-02-2023
554,796,10,28-01-2023
554,828,11,08-07-2022
554,26,12,27-02-2022
554,632,13,08-05-2022
554,331,14,22-01-2023
554,4,15,16-07-2022
554,348,16,30-08-2022
554,787,17,04-11-2022
554,431,18,04-07-2022
554,204,19,29-03-2022
554,366,20,04-01-2023
554,516,21,02-12-2022
554,682,22,18-07-2022
554,203,23,05-02-2023
554,435,24,23-02-2022
554,626,25,12-10-2022
554,969,26,12-10-2022
554,290,27,29-12-2022
554,770,28,03-06-2022
554,199,29,13-09-2022
554,690,30,15-10-2022
554,821,31,03-01-2023
554,728,32,01-01-2023
554,645,33,11-04-2022
554,362,34,06-06-2022
554,370,35,10-02-2023
554,557,36,23-03-2022
554,835,37,12-03-2022
554,774,38,22-12-2022
554,707,39,01-03-2022
554,74,40,25-06-2022
755,520,1,03-07-2023
755,409,2,13-09-2023
755,168,3,17-03-2023
755,275,4,23-08-2023
755,140,5,27-05-2023
755,795,6,12-12-2023
755,377,7,25-01-2023
755,965,8,13-08-2023
755,776,9,25-08-2023
755,348,10,30-03-2023
755,931,11,04-08-2023
755,890,12,18-04-2023
755,200,13,09-12-2023
755,512,14,04-07-2023
755,912,15,18-03-2023
755,504,16,25-01-2023
755,371,17,30-10-2023
755,414,18,17-01-2023
755,391,19,28-01-2023
755,933,20,07-11-2023
755,692,21,25-12-2022
755,132,22,10-05-2023
755,118,23,05-08-2023
755,278,24,29-12-2022
755,580,25,14-12-2023
755,719,26,15-02-2023
755,80,27,29-09-2023
755,835,28,14-12-2023
755,486,29,16-06-2023
755,218,30,12-03-2023
755,205,31,15-03-2023
83,883,1,02-02-2023
83,914,2,22-11-2022
83,840,3,06-04-2023
83,783,4,27-07-2023
83,745,5,23-04-2023
83,529,6,03-08-2023
83,320,7,30-09-2023
83,976,8,12-07-2023
83,720,9,31-01-2023
83,105,10,16-12-2022
83,928,11,28-12-2022
83,643,12,16-12-2022
83,633,13,25-02-2023
83,830,14,03-10-2023
83,409,15,14-01-2023
83,413,16,16-06-2023
83,316,17,04-04-2023
83,335,18,28-11-2022
83,935,19,16-10-2023
83,700,20,16-11-2023
83,97,21,25-05-2023
872,868,1,21-02-2024
872,975,2,18-06-2024
872,907,3,27-12-2023
872,222,4,14-01-2024
872,678,5,27-10-2024
872,912,6,30-08-2024
872,393,7,05-11-2024
872,911,8,17-01-2024
872,774,9,10-03-2024
872,180,10,03-07-2024
872,103,11,20-11-2023
872,908,12,25-05-2024
872,743,13,26-06-2024
402,576,1,16-02-2025
402,183,2,16-04-2025
402,400,3,23-10-2025
402,398,4,10-01-2025
402,660,5,09-03-2025
402,950,6,28-10-2025
402,417,7,09-12-2025
402,85,8,05-02-2025
402,405,9,09-06-2025
402,380,10,14-03-2025
402,353,11,07-04-2025
402,717,12,03-10-2025
402,640,13,17-09-2025
402,730,14,14-06-2025
402,295,15,03-11-2025
402,848,16,28-02-2025
402,970,17,04-06-2025
402,667,18,28-11-2025
402,413,19,16-02-2025
402,828,20,22-08-2025
402,168,21,03-02-2025
402,832,22,10-06-2025
402,627,23,10-09-2025
402,999,24,24-02-2025
402,864,25,12-11-2025
402,881,26,27-06-2025
402,271,27,19-09-2025
402,32,28,01-03-2025
402,868,29,08-12-2025
402,378,30,25-01-2025
402,206,31,16-08-2025
402,409,32,26-02-2025
402,342,33,07-04-2025
402,626,34,16-07-2025
402,857,35,23-09-2025
402,36,36,18-07-2025
402,203,37,18-10-2025
152,951,1,22-06-2023
152,189,2,12-11-2022
152,99,3,03-10-2022
152,348,4,27-04-2023
152,325,5,15-03-2023
152,466,6,29-01-2023
152,110,7,02-06-2023
152,836,8,18-11-2022
152,576,9,18-01-2023
152,889,10,29-10-2022
152,265,11,13-07-2023
152,521,12,08-11-2022
152,72,13,26-07-2023
152,385,14,23-11-2022
152,215,15,15-11-2022
152,271,16,18-07-2023
152,342,17,22-10-2022
152,490,18,31-01-2023
152,322,19,02-12-2022
152,764,20,17-05-2023
152,922,21,02-07-2023
152,45,22,26-04-2023
152,780,23,15-07-2023
152,597,24,11-12-2022
315,57,1,24-03-2024
315,787,2,08-10-2023
315,17,3,27-06-2023
315,626,4,15-05-2024
315,446,5,03-03-2024
315,490,6,16-07-2023
315,445,7,18-08-2023
315,413,8,16-04-2024
315,346,9,12-10-2023
315,657,10,02-02-2024
315,201,11,27-02-2024
315,744,12,07-11-2023
315,477,13,10-05-2024
315,910,14,25-02-2024
315,363,15,02-09-2023
315,417,16,12-07-2023
315,6,17,27-12-2023
701,36,1,28-03-2025
701,678,2,22-09-2025
701,272,3,19-02-2025
701,805,4,20-08-2025
701,5,5,29-12-2024
701,933,6,12-12-2025
701,419,7,18-09-2025
701,742,8,06-09-2025
701,741,9,21-01-2025
701,221,10,25-11-2025
701,125,11,23-03-2025
701,414,12,27-04-2025
701,664,13,14-08-2025
701,827,14,06-01-2025
701,994,15,30-01-2025
701,733,16,17-10-2025
701,45,17,18-09-2025
701,576,18,22-09-2025
701,304,19,31-01-2025
701,120,20,12-09-2025
701,118,21,10-02-2025
701,100,22,26-06-2025
701,210,23,20-05-2025
701,638,24,21-08-2025
701,455,25,05-10-2025
701,820,26,26-04-2025
701,107,27,13-07-2025
701,762,28,22-10-2025
701,342,29,12-12-2025
701,146,30,30-03-2025
701,950,31,29-11-2025
701,930,32,09-03-2025
41,553,1,14-07-2021
41,682,2,11-05-2022
41,261,3,03-09-2021
41,328,4,19-02-2022
41,584,5,06-08-2021
41,146,6,16-08-2021
41,466,7,16-12-2021
41,85,8,20-06-2022
41,205,9,04-12-2021
41,372,10,13-06-2022
41,280,11,16-04-2022
41,486,12,02-05-2022
41,856,13,20-06-2022
41,969,14,15-04-2022
41,214,15,07-01-2022
41,274,16,18-04-2022
41,414,17,29-06-2022
41,210,18,09-05-2022
41,169,19,25-01-2022
41,914,20,22-02-2022
41,490,21,28-08-2021
41,348,22,13-01-2022
41,115,23,21-12-2021
41,861,24,20-11-2021
41,624,25,03-05-2022
41,119,26,12-10-2021
41,249,27,25-09-2021
41,222,28,27-11-2021
41,842,29,27-12-2021
41,828,30,27-03-2022
41,583,31,07-03-2022
41,829,32,26-08-2021
41,576,33,17-05-2022
222,311,1,30-06-2024
222,72,2,15-10-2024
222,224,3,03-09-2024
222,525,4,10-10-2024
222,537,5,04-04-2024
222,337,6,23-05-2024
222,432,7,01-12-2023
222,991,8,21-05-2024
222,762,9,07-11-2024
222,160,10,28-10-2024
222,638,11,09-08-2024
222,420,12,04-06-2024
222,752,13,10-08-2024
222,244,14,13-06-2024
222,271,15,06-12-2023
222,624,16,24-11-2023
222,287,17,16-04-2024
811,700,1,23-09-2023
811,464,2,26-06-2023
811,862,3,24-06-2023
811,337,4,05-10-2023
811,228,5,03-05-2023
811,922,6,19-12-2023
811,834,7,08-08-2023
811,445,8,28-11-2023
811,842,9,25-05-2023
811,192,10,26-05-2023
811,588,11,01-05-2023
811,801,12,04-07-2023
811,912,13,22-02-2023
811,771,14,01-11-2023
811,245,15,17-02-2023
811,815,16,13-03-2023
811,798,17,25-07-2023
811,972,18,11-08-2023
811,348,19,13-02-2023
811,300,20,06-07-2023
811,720,21,14-11-2023
811,692,22,30-07-2023
811,820,23,29-04-2023
811,299,24,15-10-2023
811,911,25,19-04-2023
811,660,26,02-07-2023
811,358,27,12-02-2023
811,829,28,22-10-2023
811,744,29,23-06-2023
811,702,30,15-11-2023
811,475,31,04-05-2023
811,499,32,13-08-2023
811,576,33,28-07-2023
811,916,34,19-04-2023
811,154,35,17-12-2023
811,516,36,31-05-2023
811,359,37,18-10-2023
811,664,38,19-11-2023
811,888,39,11-07-2023
811,420,40,16-12-2023
811,316,41,04-09-2023
811,822,42,19-09-2023
811,526,43,25-05-2023
811,778,44,19-09-2023
811,623,45,02-11-2023
811,632,46,17-03-2023
811,243,47,16-11-2023
811,799,48,27-09-2023
811,409,49,18-09-2023
811,942,50,04-10-2023
899,233,1,18-06-2021
899,930,2,13-07-2021
899,377,3,27-08-2021
899,322,4,26-09-2021
899,257,5,07-02-2022
899,225,6,11-11-2021
899,34,7,21-02-2022
899,783,8,14-04-2021
899,932,9,20-05-2021
899,435,10,09-03-2022
899,370,11,30-07-2021
899,734,12,08-04-2021
899,161,13,11-02-2022
899,805,14,28-11-2021
899,916,15,23-01-2022
899,557,16,05-05-2021
899,31,17,12-08-2021
899,719,18,01-12-2021
899,766,19,24-06-2021
899,960,20,29-04-2021
899,911,21,21-12-2021
899,32,22,22-05-2021
899,507,23,26-05-2021
899,451,24,28-02-2022
899,14,25,31-08-2021
899,739,26,12-07-2021
899,466,27,10-06-2021
899,935,28,31-10-2021
899,668,29,08-12-2021
899,454,30,01-08-2021
899,219,31,18-11-2021
899,405,32,16-07-2021
899,707,33,18-01-2022
899,776,34,30-11-2021
899,505,35,22-11-2021
899,366,36,19-01-2022
899,185,37,05-09-2021
899,674,38,21-09-2021
899,66,39,10-09-2021
751,642,1,21-02-2025
751,157,2,24-03-2025
751,681,3,18-08-2024
751,353,4,27-10-2024
751,817,5,18-04-2025
751,928,6,14-06-2024
751,486,7,12-03-2025
751,208,8,25-03-2025
751,972,9,08-01-2025
751,366,10,26-01-2025
696,521,1,25-12-2024
696,327,2,03-08-2025
696,417,3,10-03-2025
696,100,4,16-03-2025
696,971,5,30-03-2025
696,449,6,24-06-2025
696,278,7,23-12-2024
696,782,8,17-04-2025
696,210,9,14-09-2025
696,822,10,18-09-2025
696,274,11,20-04-2025
696,667,12,19-11-2025
696,456,13,16-06-2025
696,542,14,11-12-2025
696,92,15,03-12-2025
696,660,16,10-02-2025
696,970,17,13-06-2025
696,357,18,25-02-2025
696,697,19,15-12-2024
696,179,20,13-08-2025
696,136,21,29-07-2025
696,205,22,30-01-2025
413,368,1,18-06-2025
413,749,2,27-02-2025
413,850,3,10-09-2025
413,766,4,11-07-2025
413,735,5,07-06-2025
413,782,6,10-10-2025
413,457,7,23-08-2025
413,290,8,16-02-2025
413,397,9,15-10-2025
169,669,1,21-01-2023
169,257,2,02-01-2023
169,438,3,12-01-2023
169,328,4,15-08-2023
169,977,5,28-10-2023
169,851,6,04-07-2023
169,731,7,24-05-2023
169,304,8,30-05-2023
169,966,9,10-02-2023
169,964,10,02-11-2023
169,681,11,13-05-2023
169,316,12,16-05-2023
169,355,13,25-11-2023
169,45,14,08-01-2023
169,601,15,16-12-2023
169,167,16,10-09-2023
169,231,17,18-08-2023
169,720,18,01-01-2023
169,711,19,02-02-2023
169,51,20,28-06-2023
169,217,21,19-04-2023
169,828,22,14-04-2023
169,478,23,28-02-2023
169,132,24,13-08-2023
169,815,25,02-10-2023
169,799,26,25-01-2023
169,833,27,21-03-2023
169,449,28,12-05-2023
169,706,29,12-03-2023
279,782,1,27-07-2021
279,464,2,08-09-2021
279,128,3,11-06-2021
279,907,4,19-11-2021
279,678,5,10-11-2021
279,165,6,11-06-2021
772,928,1,29-08-2024
772,461,2,21-06-2024
772,272,3,02-07-2024
772,861,4,08-08-2024
772,705,5,02-04-2024
772,343,6,11-12-2024
772,509,7,25-03-2025
772,185,8,27-04-2024
772,766,9,23-04-2024
772,508,10,11-12-2024
772,239,11,25-11-2024
772,60,12,26-03-2025
772,491,13,15-12-2024
772,267,14,15-08-2024
256,205,1,19-11-2023
256,362,2,22-12-2023
256,856,3,12-10-2023
256,368,4,06-02-2023
256,225,5,30-05-2023
256,535,6,11-10-2023
256,847,7,29-12-2023
256,448,8,19-01-2023
256,928,9,29-07-2023
256,181,10,14-09-2023
256,454,11,20-04-2023
256,834,12,11-02-2023
256,583,13,27-11-2023
256,224,14,27-01-2023
256,241,15,23-02-2023
256,415,16,01-04-2023
256,933,17,02-10-2023
256,455,18,01-03-2023
256,959,19,07-10-2023
256,80,20,25-01-2023
256,143,21,21-04-2023
256,343,22,08-06-2023
256,764,23,01-12-2023
256,970,24,21-06-2023
256,556,25,03-01-2024
256,783,26,01-04-2023
256,936,27,11-11-2023
256,953,28,07-06-2023
256,165,29,13-02-2023
256,62,30,26-12-2023
256,798,31,08-06-2023
256,169,32,29-12-2023
256,932,33,03-08-2023
256,995,34,26-02-2023
662,210,1,01-03-2023
662,330,2,02-02-2023
662,273,3,04-08-2022
662,217,4,23-10-2022
662,201,5,23-05-2023
662,646,6,19-08-2022
662,675,7,02-01-2023
662,808,8,25-03-2023
662,284,9,10-04-2023
662,731,10,07-11-2022
662,432,11,27-02-2023
662,415,12,22-04-2023
662,183,13,26-09-2022
662,642,14,12-11-2022
662,660,15,10-10-2022
662,142,16,26-04-2023
662,795,17,30-12-2022
662,399,18,13-04-2023
662,370,19,14-05-2023
662,746,20,20-03-2023
662,895,21,27-09-2022
662,727,22,24-06-2022
662,916,23,05-10-2022
662,719,24,11-07-2022
662,706,25,21-09-2022
662,980,26,26-02-2023
662,295,27,07-05-2023
662,122,28,28-10-2022
662,820,29,26-01-2023
662,629,30,19-10-2022
662,256,31,08-10-2022
662,557,32,31-03-2023
662,107,33,02-12-2022
662,385,34,12-01-2023
662,494,35,20-12-2022
662,888,36,06-03-2023
662,840,37,14-01-2023
662,152,38,11-09-2022
662,410,39,22-10-2022
662,205,40,07-07-2022
662,490,41,10-12-2022
662,749,42,04-07-2022
662,405,43,09-05-2023
662,381,44,11-02-2023
662,378,45,09-02-2023
662,3,46,13-07-2022
662,311,47,14-02-2023
662,970,48,12-10-2022
662,327,49,24-04-2023
693,129,1,09-08-2024
693,776,2,02-09-2024
693,972,3,19-02-2025
693,743,4,05-09-2024
693,440,5,13-06-2024
693,303,6,29-01-2025
693,153,7,22-06-2024
693,787,8,26-10-2024
693,475,9,20-04-2025
153,135,1,04-06-2023
153,281,2,26-10-2022
153,316,3,27-09-2023
153,805,4,09-12-2022
153,836,5,26-02-2023
153,556,6,17-02-2023
153,707,7,18-11-2022
153,569,8,06-10-2023
153,828,9,07-07-2023
153,290,10,05-01-2023
153,626,11,10-05-2023
153,153,12,28-02-2023
153,128,13,08-11-2022
153,677,14,21-09-2023
153,31,15,02-06-2023
153,808,16,01-04-2023
153,381,17,08-04-2023
153,907,18,01-10-2023
153,7,19,01-11-2022
153,921,20,11-08-2023
153,205,21,03-07-2023
153,265,22,27-04-2023
153,734,23,04-09-2023
153,383,24,15-12-2022
153,348,25,25-11-2022
153,350,26,13-06-2023
153,35,27,24-10-2022
153,161,28,08-10-2023
153,702,29,29-06-2023
153,183,30,04-08-2023
153,871,31,26-06-2023
153,289,32,04-06-2023
153,730,33,16-06-2023
153,885,34,02-03-2023
153,550,35,14-08-2023
153,409,36,11-04-2023
153,238,37,12-10-2023
195,338,1,27-04-2023
195,355,2,01-05-2023
195,783,3,03-04-2023
195,990,4,14-04-2023
195,253,5,05-05-2023
224,335,1,17-01-2023
224,355,2,30-07-2023
224,725,3,30-11-2023
224,128,4,27-05-2023
224,100,5,21-09-2023
224,58,6,23-03-2023
224,810,7,04-05-2023
224,277,8,10-08-2023
224,931,9,07-05-2023
224,762,10,12-05-2023
224,770,11,22-10-2023
224,526,12,25-10-2023
224,793,13,01-10-2023
224,440,14,15-04-2023
224,748,15,20-06-2023
224,888,16,03-03-2023
224,754,17,31-12-2022
224,117,18,24-09-2023
224,924,19,20-09-2023
224,342,20,04-12-2023
224,640,21,04-09-2023
224,218,22,10-04-2023
807,469,1,09-03-2023
807,100,2,04-03-2023
807,931,3,28-02-2023
807,304,4,08-10-2022
807,762,5,20-01-2023
807,991,6,07-06-2022
807,257,7,09-10-2022
807,462,8,12-02-2023
807,39,9,10-12-2022
807,516,10,10-10-2022
807,542,11,23-01-2023
807,574,12,13-03-2023
807,699,13,09-08-2022
807,921,14,06-03-2023
807,959,15,16-09-2022
807,668,16,04-02-2023
807,888,17,27-01-2023
807,278,18,02-03-2023
807,700,19,13-03-2023
807,735,20,23-01-2023
807,142,21,05-08-2022
807,362,22,21-04-2022
807,626,23,07-12-2022
807,965,24,15-05-2022
807,261,25,16-08-2022
807,497,26,15-03-2023
807,372,27,16-03-2023
807,667,28,16-11-2022
807,868,29,01-09-2022
807,898,30,19-03-2023
807,97,31,22-01-2023
807,833,32,21-12-2022
807,910,33,26-08-2022
807,114,34,01-05-2022
807,385,35,28-10-2022
807,38,36,02-08-2022
398,398,1,14-02-2024
398,671,2,22-07-2023
398,301,3,19-08-2023
398,295,4,25-07-2023
398,97,5,22-11-2023
398,465,6,20-12-2023
398,104,7,17-12-2023
398,504,8,24-05-2023
398,410,9,27-01-2024
398,477,10,22-03-2024
398,490,11,29-10-2023
398,602,12,21-09-2023
398,340,13,09-03-2024
398,6,14,23-07-2023
398,147,15,02-11-2023
514,715,1,03-05-2021
514,982,2,15-02-2021
514,405,3,09-07-2021
514,912,4,20-08-2021
514,827,5,06-07-2021
514,114,6,19-08-2021
514,473,7,14-09-2021
514,435,8,31-05-2021
514,506,9,03-07-2021
514,245,10,04-10-2021
514,627,11,18-04-2021
514,492,12,03-09-2021
514,258,13,04-11-2021
514,643,14,22-01-2022
514,512,15,04-10-2021
514,308,16,30-07-2021
514,366,17,21-05-2021
514,51,18,20-11-2021
514,766,19,29-07-2021
514,526,20,26-07-2021
514,69,21,06-05-2021
514,454,22,13-05-2021
514,589,23,02-08-2021
514,556,24,11-07-2021
514,697,25,09-05-2021
775,440,1,30-07-2022
775,452,2,04-06-2022
775,169,3,30-07-2022
775,682,4,08-11-2021
775,888,5,20-01-2022
775,614,6,06-06-2022
775,304,7,15-12-2021
775,61,8,25-04-2022
775,667,9,06-11-2021
775,739,10,15-07-2022
775,913,11,12-09-2022
775,218,12,01-05-2022
775,583,13,13-06-2022
775,201,14,03-04-2022
775,577,15,27-07-2022
775,531,16,15-09-2022
775,492,17,17-11-2021
775,976,18,12-11-2021
775,195,19,06-08-2022
775,781,20,19-02-2022
775,962,21,02-11-2021
775,221,22,21-08-2022
775,752,23,13-07-2022
775,208,24,06-12-2021
775,690,25,30-07-2022
775,31,26,16-06-2022
775,776,27,03-11-2021
775,725,28,07-09-2022
775,764,29,28-01-2022
775,267,30,31-08-2022
277,95,1,09-04-2024
277,677,2,26-06-2024
277,400,3,18-11-2024
277,634,4,08-03-2024
277,563,5,14-04-2024
277,66,6,25-09-2024
277,348,7,17-12-2024
277,449,8,14-02-2024
277,770,9,15-04-2024
277,630,10,27-12-2024
277,645,11,07-03-2024
277,105,12,01-11-2024
277,564,13,31-12-2023
277,940,14,04-08-2024
277,582,15,12-02-2024
277,289,16,18-08-2024
277,90,17,05-07-2024
277,409,18,11-12-2024
277,451,19,29-04-2024
277,212,20,03-03-2024
277,272,21,26-05-2024
277,17,22,03-09-2024
277,995,23,05-03-2024
277,946,24,13-12-2024
277,727,25,26-02-2024
277,393,26,22-04-2024
277,656,27,23-04-2024
277,556,28,22-08-2024
277,274,29,14-02-2024
720,433,1,09-03-2024
720,414,2,06-10-2023
720,944,3,06-03-2024
720,795,4,14-09-2023
720,144,5,04-05-2024
720,778,6,26-07-2023
720,655,7,08-11-2023
720,34,8,29-11-2023
720,799,9,10-03-2024
720,579,10,21-05-2024
720,381,11,01-02-2024
720,766,12,10-07-2023
720,383,13,08-01-2024
720,132,14,07-03-2024
720,327,15,26-08-2023
720,274,16,14-03-2024
720,198,17,20-07-2023
720,6,18,02-11-2023
720,83,19,21-06-2023
720,960,20,12-02-2024
720,456,21,24-01-2024
720,200,22,05-05-2024
720,453,23,05-12-2023
720,504,24,15-05-2024
720,359,25,16-11-2023
720,181,26,16-01-2024
931,95,1,07-09-2025
931,910,2,15-08-2025
931,957,3,06-05-2025
931,531,4,14-08-2025
931,626,5,17-03-2025
931,652,6,03-03-2025
931,127,7,26-09-2025
931,284,8,09-08-2025
931,201,9,29-05-2025
931,953,10,05-03-2025
931,766,11,13-12-2024
931,509,12,22-02-2025
931,903,13,15-07-2025
931,994,14,09-04-2025
931,436,15,29-03-2025
931,181,16,30-08-2025
931,898,17,19-04-2025
931,227,18,04-04-2025
931,776,19,22-07-2025
931,580,20,07-02-2025
931,706,21,14-06-2025
931,188,22,27-03-2025
931,995,23,04-05-2025
931,832,24,26-08-2025
931,576,25,14-10-2025
931,52,26,23-01-2025
931,166,27,04-01-2025
931,364,28,06-12-2024
931,734,29,26-09-2025
931,267,30,25-09-2025
931,481,31,07-04-2025
570,740,1,10-05-2022
570,577,2,18-03-2022
570,248,3,07-10-2022
570,966,4,13-05-2022
570,192,5,16-11-2022
570,871,6,19-09-2022
570,770,7,15-12-2022
570,576,8,25-12-2022
570,52,9,17-01-2023
570,930,10,11-05-2022
570,319,11,08-10-2022
570,225,12,26-11-2022
570,95,13,15-02-2022
570,794,14,20-01-2023
570,512,15,08-04-2022
570,343,16,23-05-2022
570,742,17,05-06-2022
892,601,1,15-06-2022
892,457,2,30-08-2022
892,185,3,23-10-2021
892,774,4,25-07-2022
892,939,5,03-02-2022
892,541,6,24-11-2021
892,233,7,22-12-2021
892,319,8,15-02-2022
892,327,9,28-08-2022
892,342,10,30-03-2022
892,466,11,06-05-2022
892,764,12,20-02-2022
892,881,13,14-10-2022
892,51,14,16-03-2022
892,782,15,10-03-2022
892,661,16,03-12-2021
892,907,17,18-10-2021
892,100,18,23-06-2022
892,940,19,31-12-2021
892,633,20,23-05-2022
892,770,21,28-09-2022
892,719,22,31-05-2022
892,851,23,10-02-2022
892,142,24,09-07-2022
892,754,25,07-06-2022
892,605,26,01-04-2022
892,72,27,02-07-2022
892,574,28,26-04-2022
892,669,29,17-04-2022
892,525,30,25-10-2021
892,275,31,17-09-2022
892,959,32,07-09-2022
892,204,33,09-10-2022
892,201,34,05-03-2022
892,74,35,06-11-2021
892,471,36,23-08-2022
892,781,37,26-04-2022
189,65,1,08-08-2022
189,117,2,11-08-2022
189,842,3,22-04-2022
189,947,4,08-06-2022
189,697,5,15-11-2022
189,142,6,19-03-2022
189,57,7,02-11-2022
189,478,8,05-08-2022
189,372,9,11-11-2022
189,451,10,28-04-2022
189,813,11,08-04-2022
189,513,12,27-03-2022
189,147,13,16-01-2022
189,783,14,26-01-2022
189,127,15,25-03-2022
189,123,16,10-12-2022
189,888,17,06-12-2022
189,590,18,19-02-2022
189,400,19,06-07-2022
189,0,20,20-07-2022
189,580,21,10-03-2022
189,828,22,14-12-2021
189,157,23,05-10-2022
189,925,24,30-07-2022
189,40,25,08-04-2022
189,43,26,18-10-2022
189,38,27,04-04-2022
189,758,28,01-07-2022
189,970,29,10-01-2022
189,656,30,10-12-2022
189,663,31,15-08-2022
189,200,32,02-03-2022
189,180,33,14-08-2022
189,982,34,13-06-2022
189,36,35,10-09-2022
189,228,36,13-01-2022
189,80,37,23-03-2022
189,930,38,14-09-2022
635,183,1,15-10-2022
635,474,2,20-08-2022
635,114,3,05-03-2023
635,68,4,06-10-2022
635,228,5,10-03-2023
635,137,6,06-05-2023
635,217,7,05-02-2023
635,808,8,08-08-2022
635,289,9,20-06-2022
635,681,10,23-11-2022
635,585,11,02-10-2022
635,901,12,01-11-2022
635,542,13,13-10-2022
635,473,14,19-01-2023
635,278,15,18-11-2022
635,176,16,28-05-2022
635,198,17,22-10-2022
635,930,18,02-04-2023
635,387,19,11-11-2022
635,409,20,10-09-2022
635,366,21,17-01-2023
635,513,22,02-11-2022
635,359,23,28-12-2022
635,343,24,26-11-2022
635,634,25,18-02-2023
635,722,26,04-03-2023
635,838,27,22-07-2022
635,99,28,25-02-2023
635,469,29,08-11-2022
635,868,30,31-01-2023
635,308,31,08-12-2022
635,583,32,04-08-2022
635,970,33,30-08-2022
635,697,34,31-12-2022
635,917,35,31-12-2022
635,342,36,01-01-2023
635,499,37,23-08-2022
635,107,38,03-08-2022
635,265,39,21-06-2022
635,731,40,09-08-2022
635,300,41,27-07-2022
635,365,42,23-04-2023
635,988,43,24-12-2022
635,180,44,16-05-2023
635,185,45,12-05-2023
388,521,1,14-11-2024
388,728,2,18-08-2024
388,447,3,31-01-2025
388,751,4,21-02-2025
388,178,5,11-02-2025
388,218,6,10-08-2024
388,499,7,26-04-2025
388,287,8,03-12-2024
388,541,9,23-06-2024
388,94,10,12-01-2025
388,443,11,24-09-2024
388,234,12,14-09-2024
388,50,13,26-01-2025
388,654,14,05-09-2024
388,677,15,20-06-2024
388,737,16,24-07-2024
388,542,17,25-10-2024
388,847,18,05-04-2025
388,57,19,08-07-2024
388,375,20,26-10-2024
388,667,21,27-09-2024
388,72,22,13-02-2025
388,921,23,24-06-2024
388,469,24,18-09-2024
388,776,25,21-06-2024
388,466,26,14-11-2024
388,357,27,08-04-2025
388,963,28,17-02-2025
388,95,29,22-09-2024
388,248,30,01-04-2025
388,227,31,15-01-2025
388,136,32,04-12-2024
388,128,33,10-02-2025
388,930,34,26-09-2024
388,398,35,11-03-2025
388,725,36,26-02-2025
388,678,37,22-05-2025
388,755,38,28-10-2024
388,185,39,23-08-2024
20,225,1,30-10-2022
20,600,2,21-06-2022
20,239,3,20-04-2022
20,135,4,14-07-2022
20,781,5,13-10-2022
143,334,1,11-08-2025
143,697,2,28-05-2025
143,912,3,06-09-2025
143,7,4,11-05-2025
143,730,5,08-04-2025
143,542,6,29-05-2025
143,617,7,23-12-2024
143,160,8,12-06-2025
143,556,9,08-07-2025
143,143,10,11-02-2025
143,274,11,15-11-2024
143,456,12,19-02-2025
143,897,13,25-05-2025
143,922,14,25-08-2025
143,273,15,15-05-2025
143,787,16,22-10-2024
143,722,17,04-09-2025
143,372,18,21-04-2025
143,400,19,10-02-2025
143,434,20,27-02-2025
143,228,21,02-10-2024
143,72,22,18-01-2025
143,329,23,26-12-2024
143,976,24,06-09-2025
143,348,25,16-12-2024
945,420,1,05-03-2025
945,583,2,21-12-2024
945,953,3,03-12-2024
945,337,4,02-07-2024
945,15,5,12-01-2025
945,51,6,14-08-2024
945,871,7,02-09-2024
945,368,8,01-10-2024
945,393,9,30-01-2025
945,153,10,10-02-2025
461,680,1,20-09-2022
461,931,2,28-01-2023
461,34,3,11-06-2022
461,265,4,16-07-2022
461,783,5,27-03-2023
461,128,6,13-10-2022
461,627,7,26-12-2022
461,632,8,10-03-2023
461,551,9,28-01-2023
461,97,10,07-03-2023
461,375,11,19-07-2022
461,963,12,18-12-2022
461,98,13,02-10-2022
461,99,14,30-03-2023
461,272,15,09-01-2023
461,583,16,25-05-2023
461,702,17,19-03-2023
461,284,18,05-09-2022
461,348,19,22-03-2023
461,959,20,03-11-2022
461,711,21,16-06-2022
461,161,22,27-12-2022
461,957,23,13-02-2023
461,677,24,08-11-2022
461,772,25,28-02-2023
461,795,26,05-04-2023
461,70,27,10-08-2022
461,652,28,15-02-2023
461,605,29,09-12-2022
461,445,30,06-06-2022
461,944,31,26-01-2023
461,856,32,13-10-2022
354,469,1,03-07-2022
354,103,2,22-12-2022
354,478,3,09-11-2022
354,749,4,04-01-2023
354,853,5,17-10-2022
354,386,6,04-06-2022
354,348,7,10-09-2022
354,730,8,26-09-2022
354,745,9,21-02-2023
354,607,10,19-10-2022
354,848,11,15-03-2023
354,341,12,21-12-2022
354,409,13,06-03-2023
354,417,14,07-08-2022
354,114,15,18-08-2022
354,316,16,05-03-2023
354,975,17,21-08-2022
354,840,18,19-07-2022
354,432,19,28-09-2022
354,155,20,14-04-2022
354,289,21,26-02-2023
346,252,1,07-03-2022
346,303,2,06-09-2022
346,117,3,28-07-2022
346,243,4,09-10-2021
346,284,5,30-06-2022
346,711,6,20-01-2022
346,537,7,27-04-2022
346,210,8,26-01-2022
346,923,9,02-10-2021
985,742,1,30-11-2024
985,91,2,04-01-2025
985,889,3,27-04-2024
985,627,4,14-01-2025
985,668,5,29-03-2024
985,734,6,13-06-2024
985,537,7,12-06-2024
985,600,8,22-01-2025
985,156,9,19-09-2024
985,400,10,18-05-2024
985,272,11,15-02-2025
985,881,12,28-04-2024
985,185,13,04-11-2024
985,820,14,05-11-2024
985,956,15,30-05-2024
985,557,16,24-11-2024
985,243,17,23-01-2025
985,822,18,12-08-2024
985,434,19,14-09-2024
985,431,20,09-10-2024
985,72,21,13-09-2024
985,245,22,05-09-2024
985,783,23,12-11-2024
985,440,24,27-08-2024
985,989,25,18-05-2024
985,787,26,06-11-2024
985,764,27,19-07-2024
985,264,28,28-11-2024
985,452,29,16-06-2024
985,333,30,27-10-2024
985,405,31,27-09-2024
985,94,32,09-10-2024
985,930,33,29-12-2024
985,969,34,17-10-2024
985,699,35,18-09-2024
926,730,1,12-12-2024
926,363,2,30-10-2025
926,576,3,08-09-2025
926,290,4,25-09-2025
926,238,5,06-01-2025
926,583,6,03-06-2025
926,959,7,17-01-2025
926,407,8,02-01-2025
926,137,9,20-10-2025
436,115,1,15-12-2022
436,5,2,02-09-2022
436,994,3,13-01-2023
436,810,4,18-06-2022
436,94,5,09-12-2022
436,618,6,05-02-2023
436,551,7,22-09-2022
436,627,8,13-06-2022
436,733,9,16-01-2023
436,43,10,19-12-2022
436,327,11,21-06-2022
436,206,12,20-12-2022
436,562,13,11-11-2022
436,594,14,03-05-2022
436,664,15,28-06-2022
436,100,16,19-10-2022
436,582,17,10-07-2022
436,520,18,13-07-2022
436,815,19,17-03-2023
436,266,20,21-05-2022
436,72,21,24-11-2022
436,516,22,19-06-2022
436,173,23,21-09-2022
436,765,24,13-04-2023
436,537,25,28-02-2023
436,377,26,26-01-2023
436,822,27,12-06-2022
436,431,28,14-08-2022
436,449,29,26-09-2022
436,210,30,01-08-2022
436,287,31,18-01-2023
436,671,32,17-08-2022
436,110,33,17-05-2022
436,468,34,23-12-2022
436,304,35,31-03-2023
436,95,36,24-12-2022
436,417,37,27-11-2022
436,713,38,16-12-2022
436,848,39,23-03-2023
436,346,40,14-04-2023
436,23,41,17-02-2023
436,830,42,19-07-2022
91,542,1,22-02-2023
91,933,2,01-03-2023
91,912,3,22-10-2022
91,871,4,05-04-2023
91,147,5,24-10-2022
91,289,6,03-03-2023
91,407,7,25-07-2022
953,809,1,04-09-2022
953,201,2,08-04-2023
953,373,3,29-01-2023
953,903,4,20-10-2022
953,864,5,19-11-2022
953,193,6,06-07-2023
953,781,7,18-11-2022
953,91,8,29-09-2022
953,390,9,16-04-2023
953,499,10,11-07-2023
953,847,11,30-04-2023
953,283,12,15-07-2023
953,885,13,28-10-2022
953,49,14,13-06-2023
953,257,15,22-03-2023
953,580,16,25-06-2023
953,652,17,13-10-2022
953,815,18,05-11-2022
953,605,19,23-07-2023
953,947,20,17-12-2022
953,222,21,08-03-2023
953,626,22,12-07-2023
953,478,23,02-05-2023
953,490,24,26-12-2022
953,590,25,02-08-2023
953,827,26,29-09-2022
953,710,27,31-10-2022
272,838,1,26-04-2023
272,456,2,06-08-2022
272,98,3,01-07-2022
272,264,4,11-11-2022
272,32,5,21-07-2022
272,700,6,02-03-2023
272,95,7,23-03-2023
272,501,8,08-09-2022
272,359,9,02-04-2023
272,301,10,12-12-2022
272,542,11,30-12-2022
272,128,12,16-04-2023
272,782,13,20-02-2023
272,80,14,01-03-2023
272,908,15,22-02-2023
272,840,16,21-05-2022
272,90,17,20-06-2022
272,619,18,21-03-2023
272,992,19,18-12-2022
272,524,20,17-06-2022
272,589,21,12-06-2022
272,861,22,15-06-2022
272,697,23,23-08-2022
272,776,24,13-08-2022
272,948,25,13-06-2022
272,119,26,15-09-2022
272,960,27,05-12-2022
272,541,28,10-05-2023
272,856,29,06-05-2023
272,556,30,02-06-2022
272,706,31,19-03-2023
272,668,32,27-01-2023
272,288,33,06-09-2022
272,632,34,26-05-2022
272,169,35,24-04-2023
272,701,36,23-09-2022
272,176,37,20-11-2022
272,133,38,01-06-2022
272,828,39,03-01-2023
272,999,40,17-08-2022
272,375,41,22-05-2022
889,390,1,09-09-2023
889,664,2,22-06-2023
889,95,3,21-12-2023
889,765,4,24-11-2023
889,787,5,14-07-2023
889,960,6,14-09-2023
889,729,7,15-05-2023
889,959,8,06-04-2023
889,961,9,22-02-2023
889,836,10,17-10-2023
889,966,11,11-09-2023
889,910,12,14-08-2023
889,209,13,23-01-2023
889,590,14,21-09-2023
889,574,15,18-11-2023
889,901,16,04-07-2023
889,907,17,09-12-2023
889,117,18,11-08-2023
889,100,19,02-02-2023
889,492,20,28-11-2023
889,380,21,27-10-2023
889,5,22,05-05-2023
889,384,23,29-03-2023
889,772,24,02-07-2023
889,735,25,28-08-2023
889,275,26,19-11-2023
889,179,27,17-02-2023
889,782,28,28-06-2023
889,889,29,05-05-2023
889,931,30,11-07-2023
889,321,31,30-03-2023
889,257,32,20-03-2023
889,69,33,28-05-2023
889,686,34,20-07-2023
889,583,35,28-06-2023
889,271,36,19-04-2023
889,483,37,19-03-2023
889,467,38,01-07-2023
889,706,39,16-07-2023
889,198,40,11-08-2023
889,32,41,02-02-2023
417,183,1,09-08-2022
417,455,2,19-07-2022
417,359,3,27-09-2022
417,626,4,26-11-2021
417,927,5,25-08-2022
417,597,6,25-09-2022
417,218,7,19-02-2022
417,730,8,27-10-2022
417,701,9,18-08-2022
417,235,10,16-09-2022
417,835,11,09-10-2022
417,725,12,15-09-2022
417,873,13,17-10-2022
417,778,14,29-11-2021
400,553,1,24-06-2021
400,935,2,07-09-2021
400,244,3,08-04-2021
400,806,4,08-12-2021
400,308,5,20-11-2021
400,601,6,22-08-2021
400,686,7,17-09-2021
400,853,8,17-03-2021
400,556,9,30-10-2021
400,956,10,15-04-2021
400,104,11,03-05-2021
400,994,12,09-03-2021
400,372,13,18-08-2021
400,862,14,21-03-2021
196,85,1,03-08-2024
196,407,2,18-02-2025
196,713,3,25-09-2024
196,509,4,17-06-2024
196,69,5,05-12-2024
196,398,6,31-03-2024
196,362,7,23-01-2025
196,173,8,19-04-2024
196,505,9,25-07-2024
196,65,10,29-06-2024
196,627,11,05-11-2024
196,34,12,20-11-2024
196,542,13,08-11-2024
196,103,14,15-08-2024
196,217,15,16-05-2024
196,908,16,18-08-2024
196,848,17,27-02-2025
196,183,18,17-02-2025
196,888,19,27-01-2025
196,829,20,17-05-2024
196,468,21,07-04-2024
196,289,22,26-02-2025
196,706,23,29-06-2024
877,842,1,29-05-2025
877,971,2,31-05-2025
877,740,3,15-07-2024
877,912,4,14-12-2024
877,970,5,14-06-2024
877,764,6,01-03-2025
877,173,7,03-08-2024
877,562,8,19-06-2024
877,922,9,28-02-2025
877,316,10,28-06-2024
877,782,11,17-07-2024
877,617,12,25-10-2024
877,743,13,06-08-2024
877,526,14,18-05-2025
877,234,15,15-03-2025
877,582,16,09-08-2024
877,457,17,30-05-2025
877,496,18,29-03-2025
877,871,19,06-09-2024
877,451,20,01-08-2024
877,32,21,14-02-2025
170,908,1,05-08-2022
170,959,2,09-05-2022
170,437,3,19-02-2022
170,425,4,15-04-2022
170,89,5,04-11-2022
170,66,6,22-10-2022
170,238,7,04-11-2022
170,166,8,20-08-2022
170,7,9,09-12-2022
170,469,10,03-05-2022
170,682,11,24-03-2022
170,462,12,31-07-2022
170,792,13,26-12-2021
170,375,14,01-01-2022
170,123,15,11-01-2022
170,980,16,28-06-2022
170,110,17,16-08-2022
170,314,18,02-12-2022
170,617,19,12-01-2022
170,290,20,26-04-2022
170,974,21,15-03-2022
170,798,22,08-08-2022
170,832,23,03-10-2022
170,836,24,12-02-2022
170,405,25,26-06-2022
715,366,1,28-12-2022
715,524,2,20-08-2022
715,505,3,25-08-2022
715,750,4,24-06-2022
715,692,5,09-01-2023
715,624,6,16-09-2022
715,430,7,16-10-2022
715,553,8,11-04-2023
715,545,9,03-08-2022
715,871,10,26-09-2022
715,602,11,30-08-2022
715,842,12,03-05-2023
715,174,13,16-04-2023
715,353,14,30-09-2022
715,645,15,17-04-2023
715,267,16,15-11-2022
715,370,17,19-03-2023
715,290,18,26-04-2023
394,422,1,29-03-2025
394,155,2,05-02-2025
394,209,3,30-06-2025
394,357,4,18-08-2025
394,840,5,24-03-2025
394,827,6,16-12-2024
394,85,7,07-03-2025
394,830,8,07-03-2025
394,304,9,04-03-2025
394,557,10,14-08-2025
394,278,11,05-12-2024
394,239,12,03-04-2025
394,976,13,13-12-2024
490,371,1,23-08-2022
490,267,2,22-06-2022
490,706,3,02-04-2022
490,803,4,13-06-2022
490,357,5,13-10-2022
490,101,6,07-01-2022
490,410,7,02-09-2022
490,368,8,08-12-2022
490,983,9,09-06-2022
490,638,10,04-05-2022
490,653,11,27-12-2022
490,827,12,08-07-2022
490,108,13,15-01-2022
490,359,14,12-03-2022
490,731,15,20-05-2022
490,45,16,25-12-2022
490,182,17,22-11-2022
490,221,18,21-03-2022
490,572,19,22-10-2022
490,634,20,15-11-2022
490,138,21,22-03-2022
490,122,22,27-05-2022
490,556,23,14-08-2022
490,677,24,16-08-2022
490,50,25,30-06-2022
490,180,26,25-01-2022
490,199,27,10-04-2022
490,155,28,28-09-2022
490,390,29,05-04-2022
490,739,30,08-10-2022
490,857,31,27-09-2022
490,649,32,28-05-2022
490,403,33,13-10-2022
490,435,34,23-01-2022
490,440,35,03-01-2022
490,888,36,14-04-2022
490,942,37,06-02-2022
490,32,38,22-10-2022
490,72,39,02-10-2022
490,743,40,21-02-2022
490,645,41,24-05-2022
490,363,42,18-01-2022
490,496,43,19-03-2022
490,768,44,06-10-2022
490,469,45,04-05-2022
490,185,46,13-12-2022
490,772,47,24-06-2022
490,702,48,13-05-2022
490,144,49,21-09-2022
490,620,50,29-09-2022
556,221,1,26-07-2024
556,334,2,12-12-2023
556,31,3,14-06-2024
556,95,4,15-06-2024
556,370,5,26-11-2023
194,692,1,08-12-2022
194,720,2,16-02-2022
194,256,3,30-06-2022
194,45,4,31-05-2022
194,565,5,24-03-2022
194,440,6,18-06-2022
194,111,7,07-12-2022
194,238,8,15-11-2022
194,153,9,21-04-2022
194,446,10,31-07-2022
194,319,11,03-05-2022
194,7,12,02-03-2022
194,466,13,20-07-2022
194,140,14,04-12-2022
194,521,15,27-10-2022
194,907,16,08-04-2022
194,224,17,02-06-2022
194,210,18,08-12-2022
194,434,19,09-09-2022
194,405,20,02-12-2022
194,337,21,09-06-2022
194,975,22,20-10-2022
194,363,23,25-04-2022
194,146,24,29-01-2022
194,791,25,04-10-2022
194,897,26,03-03-2022
194,705,27,28-08-2022
194,329,28,08-06-2022
194,828,29,30-07-2022
194,359,30,01-11-2022
194,156,31,29-09-2022
194,513,32,23-01-2022
194,700,33,20-10-2022
194,243,34,05-12-2022
194,506,35,01-11-2022
194,508,36,04-11-2022
194,85,37,07-02-2022
194,457,38,09-04-2022
194,845,39,27-09-2022
194,888,40,08-02-2022
194,772,41,06-12-2022
194,355,42,17-12-2022
194,423,43,27-11-2022
194,822,44,22-02-2022
194,835,45,24-08-2022
194,834,46,17-08-2022
194,770,47,14-12-2022
194,725,48,10-04-2022
194,335,49,19-01-2022
462,605,1,07-08-2024
462,348,2,26-12-2024
462,85,3,19-01-2024
462,600,4,11-07-2024
462,157,5,07-10-2024
462,889,6,02-01-2024
462,174,7,30-10-2024
462,568,8,06-12-2024
462,745,9,25-03-2024
462,173,10,25-09-2024
462,433,11,06-10-2024
462,583,12,17-09-2024
462,674,13,20-04-2024
462,492,14,29-04-2024
462,725,15,12-09-2024
462,682,16,13-06-2024
462,564,17,01-02-2024
308,261,1,30-06-2022
308,598,2,14-03-2022
308,362,3,27-06-2022
308,65,4,17-12-2021
308,770,5,22-12-2021
308,203,6,29-12-2021
308,645,7,09-01-2022
308,227,8,14-09-2022
531,861,1,21-07-2022
531,491,2,01-08-2022
531,750,3,06-07-2022
531,140,4,24-02-2022
531,226,5,19-05-2022
430,928,1,20-08-2023
430,930,2,09-06-2023
430,99,3,20-02-2023
430,826,4,02-01-2023
430,105,5,31-12-2022
430,923,6,13-11-2023
430,438,7,06-02-2023
430,812,8,01-05-2023
430,146,9,27-07-2023
430,828,10,20-11-2023
430,147,11,18-09-2023
430,140,12,28-02-2023
430,322,13,30-05-2023
430,94,14,25-05-2023
430,921,15,22-09-2023
430,895,16,10-12-2022
430,432,17,19-09-2023
430,62,18,09-10-2023
430,5,19,25-01-2023
430,898,20,02-09-2023
430,835,21,14-12-2022
430,69,22,28-11-2023
430,90,23,13-02-2023
430,556,24,24-04-2023
430,482,25,11-08-2023
430,291,26,04-01-2023
430,706,27,07-06-2023
430,657,28,07-07-2023
430,108,29,22-10-2023
430,469,30,07-10-2023
430,701,31,25-12-2022
430,844,32,20-07-2023
430,289,33,24-07-2023
430,142,34,10-11-2023
430,257,35,12-03-2023
430,218,36,31-03-2023
430,772,37,30-11-2023
430,119,38,04-06-2023
430,483,39,22-02-2023
430,999,40,29-10-2023
430,537,41,08-09-2023
430,399,42,23-11-2023
430,350,43,06-06-2023
430,266,44,11-03-2023
844,443,1,20-07-2021
844,330,2,05-11-2021
844,783,3,20-04-2021
844,80,4,20-11-2021
844,764,5,03-02-2022
844,454,6,03-09-2021
844,100,7,04-10-2021
844,964,8,15-04-2021
844,632,9,07-09-2021
844,1000,10,25-02-2022
844,281,11,17-06-2021
844,639,12,27-03-2022
844,537,13,31-05-2021
844,889,14,17-09-2021
844,838,15,10-07-2021
844,727,16,06-09-2021
844,656,17,05-06-2021
844,94,18,21-10-2021
844,401,19,27-02-2022
844,881,20,02-11-2021
844,188,21,05-02-2022
844,584,22,01-02-2022
844,115,23,09-06-2021
844,983,24,20-10-2021
844,605,25,02-06-2021
844,553,26,06-04-2022
844,809,27,27-05-2021
844,734,28,23-07-2021
844,776,29,25-06-2021
844,598,30,17-01-2022
844,255,31,04-06-2021
844,98,32,24-09-2021
844,992,33,01-11-2021
844,828,34,24-12-2021
844,504,35,09-01-2022
844,127,36,19-03-2022
752,469,1,29-06-2024
752,898,2,01-03-2024
752,617,3,21-02-2024
752,83,4,24-04-2024
752,904,5,06-03-2024
752,454,6,24-07-2023
752,811,7,24-12-2023
752,227,8,30-06-2024
752,379,9,10-12-2023
752,576,10,26-01-2024
752,717,11,29-11-2023
752,564,12,26-11-2023
752,690,13,09-01-2024
752,930,14,05-11-2023
752,740,15,20-06-2024
752,473,16,14-10-2023
752,710,17,15-04-2024
752,393,18,21-07-2023
752,402,19,18-08-2023
752,243,20,20-04-2024
752,754,21,09-01-2024
752,808,22,14-07-2023
752,680,23,26-10-2023
752,257,24,08-08-2023
752,725,25,04-10-2023
752,652,26,02-12-2023
752,731,27,03-02-2024
752,903,28,30-10-2023
752,574,29,26-12-2023
752,58,30,26-07-2023
752,284,31,15-11-2023
752,66,32,23-04-2024
752,614,33,24-06-2024
752,619,34,28-02-2024
752,175,35,21-09-2023
752,52,36,14-02-2024
752,182,37,09-11-2023
752,458,38,14-08-2023
360,366,1,21-01-2024
360,993,2,04-07-2024
360,964,3,27-08-2024
360,546,4,17-12-2023
360,417,5,11-12-2023
360,809,6,13-10-2023
360,161,7,30-05-2024
360,838,8,29-03-2024
360,52,9,29-07-2024
360,796,10,16-12-2023
360,5,11,29-09-2023
360,727,12,04-08-2024
360,962,13,20-08-2024
360,256,14,08-05-2024
360,626,15,20-02-2024
360,201,16,25-06-2024
360,350,17,06-10-2023
360,461,18,04-07-2024
360,331,19,26-05-2024
360,166,20,02-06-2024
360,39,21,29-08-2024
360,162,22,11-08-2024
360,441,23,20-09-2024
360,380,24,06-03-2024
360,516,25,11-12-2023
360,975,26,13-07-2024
360,829,27,29-11-2023
360,557,28,22-03-2024
360,252,29,13-08-2024
360,699,30,24-11-2023
360,797,31,11-06-2024
360,422,32,13-08-2024
822,451,1,31-10-2023
822,49,2,26-08-2023
822,610,3,06-02-2023
822,956,4,03-10-2023
822,706,5,12-08-2023
822,66,6,17-12-2023
822,506,7,03-01-2024
822,507,8,26-02-2023
822,861,9,09-01-2024
822,455,10,26-12-2023
822,238,11,21-11-2023
822,729,12,21-09-2023
822,97,13,08-06-2023
822,384,14,15-04-2023
822,809,15,19-09-2023
822,275,16,16-09-2023
822,32,17,27-12-2023
822,832,18,15-01-2024
822,730,19,05-12-2023
822,454,20,06-08-2023
822,713,21,31-01-2023
822,475,22,31-12-2023
822,335,23,04-04-2023
822,199,24,22-03-2023
822,135,25,04-03-2023
822,274,26,26-11-2023
822,468,27,26-09-2023
822,957,28,07-06-2023
822,626,29,29-09-2023
822,632,30,20-01-2024
822,791,31,03-12-2023
822,83,32,18-12-2023
822,897,33,07-05-2023
822,976,34,15-04-2023
822,69,35,07-12-2023
818,117,1,20-04-2023
818,430,2,04-07-2023
818,697,3,19-02-2024
818,188,4,04-09-2023
818,271,5,16-05-2023
818,5,6,28-02-2024
818,516,7,29-11-2023
818,140,8,12-10-2023
818,65,9,13-09-2023
818,146,10,18-11-2023
818,38,11,10-09-2023
818,119,12,20-10-2023
699,435,1,13-01-2025
699,936,2,09-07-2024
699,774,3,22-10-2024
699,505,4,08-09-2024
699,911,5,31-05-2024
699,239,6,27-08-2024
699,215,7,14-04-2024
699,95,8,02-05-2024
699,964,9,26-02-2024
699,545,10,20-07-2024
699,856,11,22-07-2024
699,132,12,25-01-2024
699,739,13,14-07-2024
699,928,14,20-07-2024
699,737,15,07-04-2024
699,626,16,11-07-2024
699,923,17,19-04-2024
699,334,18,11-05-2024
699,764,19,24-06-2024
699,43,20,17-09-2024
699,97,21,25-10-2024
699,361,22,16-08-2024
699,17,23,16-06-2024
699,49,24,30-06-2024
699,889,25,07-06-2024
699,355,26,10-02-2024
699,999,27,03-08-2024
699,329,28,05-09-2024
699,270,29,20-01-2024
699,584,30,30-10-2024
699,659,31,07-07-2024
699,154,32,18-07-2024
699,521,33,23-09-2024
699,828,34,02-11-2024
699,343,35,28-10-2024
699,449,36,09-01-2025
699,458,37,07-05-2024
699,634,38,16-11-2024
699,627,39,31-12-2024
699,842,40,20-12-2024
699,990,41,25-05-2024
699,5,42,21-07-2024
699,758,43,14-02-2024
149,172,1,24-09-2023
149,832,2,01-07-2023
149,912,3,06-03-2023
149,394,4,13-07-2023
149,103,5,17-11-2023
149,333,6,20-04-2023
149,86,7,19-05-2023
149,754,8,23-11-2023
149,72,9,05-06-2023
149,290,10,27-01-2024
149,492,11,07-02-2024
149,284,12,15-07-2023
149,576,13,22-01-2024
149,482,14,17-01-2024
149,805,15,17-08-2023
149,699,16,05-07-2023
149,974,17,01-02-2024
149,729,18,13-11-2023
149,409,19,19-07-2023
149,763,20,06-03-2023
149,466,21,16-01-2024
149,334,22,18-04-2023
149,217,23,10-10-2023
149,739,24,24-06-2023
149,464,25,06-02-2024
149,185,26,13-10-2023
149,506,27,03-08-2023
149,494,28,15-05-2023
149,944,29,10-04-2023
149,85,30,21-02-2024
970,700,1,28-04-2021
970,64,2,18-09-2021
970,904,3,03-11-2021
970,509,4,09-12-2021
970,481,5,27-02-2021
970,742,6,15-11-2021
970,364,7,16-01-2022
970,172,8,08-10-2021
970,618,9,20-10-2021
970,95,10,13-01-2022
970,26,11,13-12-2021
970,754,12,11-03-2021
970,971,13,27-04-2021
970,837,14,24-07-2021
970,3,15,01-08-2021
970,739,16,15-03-2021
970,776,17,17-08-2021
970,531,18,23-11-2021
970,388,19,22-12-2021
970,197,20,28-05-2021
970,605,21,23-08-2021
970,766,22,16-10-2021
970,657,23,07-06-2021
970,331,24,23-10-2021
970,903,25,28-10-2021
970,446,26,04-12-2021
970,440,27,19-11-2021
970,744,28,17-10-2021
970,400,29,17-11-2021
970,449,30,29-10-2021
970,577,31,25-08-2021
970,795,32,26-03-2021
970,245,33,18-03-2021
970,922,34,27-12-2021
970,506,35,23-01-2022
970,272,36,15-05-2021
970,384,37,19-10-2021
970,627,38,13-12-2021
442,414,1,11-09-2021
442,107,2,05-07-2021
442,697,3,17-04-2022
442,742,4,18-12-2021
442,521,5,24-05-2022
442,355,6,10-03-2022
442,156,7,06-09-2021
356,605,1,10-11-2021
356,208,2,18-10-2021
356,185,3,24-02-2022
356,740,4,17-11-2021
356,264,5,26-04-2022
356,726,6,01-01-2022
356,663,7,04-10-2021
356,828,8,15-12-2021
356,149,9,24-09-2021
356,458,10,19-09-2021
356,682,11,09-08-2022
356,766,12,09-05-2022
356,633,13,25-08-2021
356,284,14,20-02-2022
356,772,15,20-11-2021
356,471,16,27-12-2021
232,999,1,28-03-2025
232,828,2,17-05-2025
232,353,3,21-09-2024
232,531,4,18-12-2024
232,513,5,16-10-2024
171,364,1,30-06-2022
171,977,2,13-09-2022
171,361,3,02-01-2022
171,384,4,15-08-2022
171,624,5,26-08-2022
171,719,6,06-02-2022
171,895,7,08-12-2022
171,580,8,14-01-2022
171,375,9,08-02-2022
171,916,10,21-10-2022
171,752,11,12-04-2022
171,987,12,26-12-2021
171,310,13,28-12-2021
171,432,14,03-04-2022
171,553,15,14-10-2022
171,750,16,23-11-2022
171,318,17,01-09-2022
171,891,18,17-06-2022
171,643,19,05-06-2022
171,197,20,07-11-2022
171,409,21,05-05-2022
171,725,22,28-09-2022
171,45,23,07-04-2022
171,461,24,19-03-2022
171,898,25,25-07-2022
171,425,26,22-12-2021
171,474,27,06-01-2022
171,720,28,28-03-2022
171,664,29,08-10-2022
171,667,30,23-05-2022
171,496,31,18-12-2021
171,311,32,17-07-2022
171,801,33,15-04-2022
171,562,34,03-09-2022
171,110,35,10-06-2022
171,944,36,30-04-2022
171,57,37,29-03-2022
171,457,38,17-02-2022
171,741,39,09-02-2022
171,198,40,18-10-2022
171,692,41,24-12-2021
171,316,42,08-12-2022
171,657,43,20-12-2021
171,827,44,14-11-2022
171,494,45,17-11-2022
171,614,46,15-05-2022
171,101,47,01-10-2022
171,582,48,29-12-2021
263,642,1,27-05-2024
263,957,2,26-01-2024
263,434,3,22-05-2024
263,720,4,12-09-2024
263,959,5,10-08-2024
263,659,6,14-02-2024
263,795,7,23-05-2024
263,590,8,26-11-2023
263,690,9,11-05-2024
440,680,1,20-05-2022
440,362,2,14-03-2023
440,4,3,09-03-2023
440,183,4,24-10-2022
440,373,5,19-07-2022
440,516,6,04-08-2022
440,748,7,03-04-2023
440,390,8,04-05-2022
440,626,9,22-07-2022
440,677,10,11-01-2023
440,654,11,04-05-2022
440,956,12,09-10-2022
440,990,13,18-10-2022
440,930,14,30-08-2022
440,387,15,22-12-2022
440,957,16,01-04-2023
440,165,17,30-09-2022
440,734,18,12-08-2022
440,978,19,21-07-2022
440,760,20,24-03-2023
440,960,21,03-11-2022
440,836,22,21-03-2023
440,711,23,22-02-2023
440,642,24,14-02-2023
440,210,25,17-04-2022
440,660,26,01-04-2023
440,657,27,21-02-2023
440,764,28,23-04-2022
440,414,29,08-03-2023
440,384,30,11-06-2022
440,895,31,28-07-2022
440,94,32,16-08-2022
440,801,33,16-06-2022
440,430,34,06-06-2022
923,657,1,27-12-2023
923,431,2,18-12-2023
923,507,3,11-08-2023
923,617,4,23-05-2023
923,196,5,13-10-2023
923,724,6,26-01-2024
923,834,7,10-12-2023
923,793,8,28-11-2023
923,782,9,26-04-2023
923,461,10,14-06-2023
923,701,11,26-12-2023
923,686,12,29-03-2023
923,537,13,31-03-2023
923,983,14,24-07-2023
923,529,15,24-10-2023
923,408,16,28-01-2024
923,364,17,28-02-2024
923,815,18,06-04-2023
923,224,19,17-01-2024
923,457,20,29-03-2023
923,32,21,13-02-2024
923,272,22,15-06-2023
923,208,23,10-05-2023
923,254,24,04-01-2024
923,282,25,19-07-2023
923,842,26,23-03-2023
923,731,27,21-06-2023
923,180,28,27-06-2023
923,505,29,10-02-2024
923,236,30,07-02-2024
923,995,31,27-06-2023
923,438,32,05-03-2024
923,319,33,14-02-2024
923,542,34,12-03-2023
251,879,1,24-10-2022
251,390,2,05-09-2022
251,167,3,03-05-2023
251,898,4,26-11-2022
251,166,5,28-06-2022
251,903,6,04-09-2022
251,380,7,09-11-2022
251,576,8,08-02-2023
251,788,9,04-04-2023
251,508,10,09-07-2022
251,682,11,26-04-2023
251,118,12,05-02-2023
251,120,13,06-09-2022
251,667,14,06-05-2023
251,455,15,28-10-2022
251,649,16,03-05-2023
251,328,17,06-09-2022
251,976,18,02-08-2022
251,470,19,24-03-2023
251,209,20,24-02-2023
251,584,21,02-04-2023
101,625,1,09-11-2025
101,101,2,27-08-2025
101,439,3,12-06-2025
101,898,4,12-03-2025
101,702,5,16-05-2025
101,551,6,16-06-2025
101,359,7,22-03-2025
101,751,8,29-01-2025
101,120,9,01-05-2025
101,422,10,20-12-2024
101,931,11,06-01-2025
101,474,12,29-08-2025
101,564,13,28-12-2024
101,136,14,02-05-2025
101,469,15,22-03-2025
101,806,16,25-04-2025
101,34,17,21-01-2025
101,358,18,31-08-2025
101,956,19,20-01-2025
101,770,20,25-02-2025
101,481,21,05-01-2025
101,729,22,10-11-2025
101,717,23,18-07-2025
101,357,24,17-09-2025
101,234,25,26-02-2025
101,583,26,27-10-2025
101,99,27,23-09-2025
212,918,1,09-01-2025
212,72,2,02-10-2024
212,316,3,28-10-2024
212,645,4,22-02-2025
212,235,5,17-11-2024
212,506,6,17-10-2024
212,181,7,30-08-2024
212,389,8,12-10-2024
212,827,9,17-11-2024
212,111,10,11-02-2025
212,441,11,10-05-2025
212,754,12,23-11-2024
212,420,13,26-10-2024
212,394,14,03-12-2024
212,165,15,30-08-2024
212,327,16,17-12-2024
212,90,17,05-04-2025
212,205,18,22-12-2024
212,764,19,26-04-2025
446,935,1,06-10-2022
446,931,2,08-03-2022
446,707,3,09-03-2022
446,730,4,19-11-2021
446,166,5,07-04-2022
446,387,6,15-05-2022
446,719,7,17-01-2022
446,451,8,20-05-2022
446,225,9,27-08-2022
446,233,10,27-09-2022
446,512,11,27-06-2022
446,809,12,03-07-2022
446,257,13,11-04-2022
446,218,14,30-06-2022
446,409,15,09-01-2022
446,144,16,07-02-2022
446,751,17,16-04-2022
446,834,18,15-12-2021
446,490,19,08-07-2022
446,328,20,09-03-2022
446,470,21,05-02-2022
446,885,22,24-08-2022
446,205,23,25-03-2022
446,750,24,26-08-2022
446,605,25,03-10-2022
446,741,26,25-10-2022
446,950,27,19-05-2022
446,513,28,17-03-2022
446,959,29,11-08-2022
446,932,30,15-05-2022
446,98,31,07-06-2022
446,638,32,27-01-2022
446,330,33,25-04-2022
446,584,34,25-09-2022
446,155,35,24-02-2022
446,1000,36,11-06-2022
446,178,37,12-02-2022
446,701,38,14-11-2022
446,624,39,25-08-2022
446,895,40,11-02-2022
446,474,41,12-11-2022
235,728,1,18-05-2022
235,597,2,21-02-2022
235,729,3,08-12-2021
235,110,4,02-08-2022
235,563,5,18-06-2022
235,228,6,08-08-2022
235,531,7,07-06-2022
235,775,8,06-04-2022
235,617,9,22-07-2022
235,754,10,04-11-2021
235,867,11,24-02-2022
235,387,12,14-08-2022
235,359,13,30-04-2022
235,864,14,03-04-2022
235,282,15,29-08-2021
235,267,16,29-08-2021
235,350,17,28-09-2021
235,444,18,13-03-2022
235,525,19,24-09-2021
235,295,20,18-09-2021
235,66,21,07-04-2022
235,153,22,02-07-2022
235,933,23,06-04-2022
235,7,24,16-05-2022
235,418,25,01-06-2022
